ply
format ascii 1.0
element vertex 20518
property float x
property float y
property float z
end_header
-3.90084 2.82134 -0.23503
-3.90189 2.82434 -0.22987
-3.90433 2.82535 -0.22977
-3.90801 2.82469 -0.23400
-3.91175 2.82401 -0.23830
-3.91444 2.82476 -0.23894
-3.91692 2.82579 -0.23884
-3.91917 2.82710 -0.23800
-3.92142 2.82841 -0.23716
-3.89551 2.82088 -0.23778
-3.89640 2.82417 -0.23185
-3.89826 2.82602 -0.22960
-3.90070 2.82704 -0.22950
-3.90313 2.82805 -0.22940
-3.90577 2.82879 -0.23002
-3.90884 2.82898 -0.23208
-3.91235 2.82862 -0.23561
-3.91569 2.82853 -0.23845
-3.91705 2.83094 -0.23469
-3.91907 2.83251 -0.23313
-3.92085 2.83434 -0.23087
-3.92307 2.83562 -0.23005
-3.89286 2.81129 -0.26130
-3.88994 2.82070 -0.23980
-3.89203 2.82230 -0.23823
-3.89296 2.82558 -0.23230
-3.89464 2.82771 -0.22933
-3.89668 2.82927 -0.22780
-3.89911 2.83028 -0.22771
-3.90154 2.83129 -0.22761
-3.90417 2.83203 -0.22822
-3.90680 2.83277 -0.22884
-3.91029 2.83243 -0.23233
-3.91273 2.83345 -0.23223
-3.91497 2.83474 -0.23141
-3.91741 2.83575 -0.23131
-3.91875 2.83809 -0.22763
-3.92118 2.83910 -0.22753
-3.92361 2.84012 -0.22744
-3.92604 2.84113 -0.22734
-3.92894 2.84162 -0.22867
-3.88945 2.81246 -0.26256
-3.89123 2.81475 -0.25930
-3.88856 2.82373 -0.23868
-3.88952 2.82700 -0.23275
-3.89102 2.82939 -0.22906
-3.89289 2.83121 -0.22683
-3.89493 2.83276 -0.22531
-3.89734 2.83376 -0.22522
-3.89976 2.83477 -0.22512
-3.90258 2.83524 -0.22644
-3.90561 2.83545 -0.22847
-3.90929 2.83486 -0.23268
-3.91152 2.83615 -0.23186
-3.91290 2.83849 -0.22817
-3.91512 2.83976 -0.22736
-3.91733 2.84103 -0.22656
-3.91975 2.84204 -0.22646
-3.92151 2.84381 -0.22424
-3.92415 2.84457 -0.22485
-3.92748 2.84455 -0.22759
-3.88547 2.81455 -0.26145
-3.88802 2.81562 -0.26135
-3.88864 2.81967 -0.25344
-3.88737 2.82646 -0.23829
-3.88760 2.83079 -0.22950
-3.88948 2.83261 -0.22727
-3.89153 2.83415 -0.22576
-3.89207 2.83778 -0.21868
-3.89224 2.84183 -0.21042
-3.89422 2.84330 -0.20899
-3.90099 2.83844 -0.22466
-3.90441 2.83813 -0.22810
-3.91191 2.84090 -0.22852
-3.91413 2.84217 -0.22771
-3.91634 2.84344 -0.22690
-3.91854 2.84470 -0.22610
-3.91943 2.84747 -0.22108
-3.92184 2.84847 -0.22099
-3.92559 2.84798 -0.22509
-3.92892 2.84798 -0.22783
-3.88405 2.81770 -0.26024
-3.88546 2.82054 -0.25545
-3.88518 2.82592 -0.24393
-3.88636 2.82891 -0.23865
-3.88661 2.83321 -0.22985
-3.88812 2.83555 -0.22620
-3.89054 2.83656 -0.22610
-3.89110 2.84015 -0.21902
-3.89127 2.84417 -0.21076
-3.89326 2.84564 -0.20932
-3.90120 2.83928 -0.22926
-3.91304 2.84072 -0.23609
-3.91507 2.84226 -0.23453
-3.91752 2.84329 -0.23443
-3.91865 2.84584 -0.23000
-3.91954 2.84862 -0.22493
-3.92196 2.84962 -0.22483
-3.92460 2.85038 -0.22544
-3.88190 2.82200 -0.25591
-3.88406 2.82364 -0.25426
-3.88416 2.82839 -0.24429
-3.88536 2.83136 -0.23900
-3.88653 2.83429 -0.23379
-3.88805 2.83664 -0.23010
-3.89011 2.83817 -0.22857
-3.89367 2.83760 -0.23277
-3.89631 2.83836 -0.23340
-3.89935 2.83858 -0.23547
-3.90180 2.83960 -0.23537
-3.90425 2.84062 -0.23528
-3.90775 2.84033 -0.23884
-3.91043 2.84109 -0.23947
-3.91290 2.84212 -0.23937
-3.91537 2.84315 -0.23927
-3.91740 2.84469 -0.23770
-3.91986 2.84572 -0.23760
-3.92009 2.84928 -0.23025
-3.92141 2.85153 -0.22659
-3.88069 2.82481 -0.25550
-3.88303 2.82615 -0.25462
-3.88370 2.83003 -0.24690
-3.88564 2.83189 -0.24454
-3.88682 2.83484 -0.23925
-3.88798 2.83774 -0.23404
-3.89042 2.83875 -0.23394
-3.89597 2.83549 -0.24564
-3.89866 2.83625 -0.24629
-3.90116 2.83729 -0.24619
-3.90344 2.83859 -0.24534
-3.90428 2.84175 -0.23929
-3.90674 2.84278 -0.23919
-3.90942 2.84355 -0.23983
-3.91189 2.84457 -0.23973
-3.91436 2.84560 -0.23963
-3.91640 2.84714 -0.23805
-3.91975 2.84714 -0.24090
-3.92500 2.84505 -0.24983
-3.87966 2.82732 -0.25586
-3.88200 2.82865 -0.25498
-3.88360 2.83111 -0.25104
-3.88517 2.83354 -0.24715
-3.88729 2.83513 -0.24554
-3.88978 2.83616 -0.24544
-3.89246 2.83693 -0.24609
-3.89495 2.83796 -0.24599
-3.89765 2.83873 -0.24665
-3.90014 2.83977 -0.24655
-3.90263 2.84080 -0.24644
-3.90492 2.84211 -0.24559
-3.90869 2.84155 -0.25003
-3.91141 2.84233 -0.25069
-3.91415 2.84311 -0.25135
-3.91711 2.84362 -0.25279
-3.92032 2.84387 -0.25500
-3.92332 2.84439 -0.25645
-3.88097 2.83116 -0.25534
-3.88276 2.83333 -0.25216
-3.88490 2.83493 -0.25054
-3.88740 2.83597 -0.25044
-3.88991 2.83701 -0.25033
-3.89242 2.83805 -0.25023
-3.89472 2.83937 -0.24937
-3.89683 2.84094 -0.24776
-3.89932 2.84198 -0.24765
-3.90182 2.84302 -0.24755
-3.90516 2.84300 -0.25049
-3.90766 2.84404 -0.25039
-3.91039 2.84482 -0.25105
-3.91356 2.84508 -0.25325
-3.91676 2.84533 -0.25546
-3.91975 2.84586 -0.25691
-3.87994 2.83367 -0.25570
-3.88173 2.83583 -0.25252
-3.88387 2.83742 -0.25089
-3.88638 2.83846 -0.25079
-3.88889 2.83950 -0.25069
-3.89139 2.84054 -0.25059
-3.89370 2.84185 -0.24973
-3.89581 2.84342 -0.24811
-3.89831 2.84446 -0.24801
-3.90080 2.84550 -0.24791
-3.90372 2.84602 -0.24932
-3.90643 2.84680 -0.24998
-3.90894 2.84784 -0.24988
-3.91144 2.84888 -0.24978
-3.91528 2.84837 -0.25427
-3.91986 2.84706 -0.26119
-3.88035 2.83887 -0.25135
-3.88231 2.84071 -0.24897
-3.88443 2.84228 -0.24736
-3.88655 2.84384 -0.24576
-3.88904 2.84488 -0.24566
-3.89133 2.84617 -0.24481
-3.89343 2.84772 -0.24322
-3.89590 2.84875 -0.24312
-3.89838 2.84978 -0.24302
-3.90086 2.85081 -0.24292
-3.90374 2.85133 -0.24431
-3.90623 2.85237 -0.24421
-3.90829 2.85390 -0.24262
-3.91205 2.85343 -0.24701
-3.88093 2.84372 -0.24782
-3.88305 2.84528 -0.24621
-3.88535 2.84657 -0.24536
-3.88746 2.84812 -0.24377
-3.88975 2.84941 -0.24293
-3.89127 2.85169 -0.23913
-3.89296 2.85371 -0.23611
-3.89503 2.85522 -0.23456
-3.89905 2.85427 -0.24031
-3.90171 2.85505 -0.24094
-3.90418 2.85607 -0.24085
-3.90644 2.85734 -0.24001
-3.90975 2.85739 -0.24287
-3.88398 2.84955 -0.24422
-3.88645 2.85058 -0.24412
-3.88781 2.85311 -0.23958
-3.88933 2.85537 -0.23583
-3.89159 2.85663 -0.23501
-3.89403 2.85764 -0.23491
-3.89647 2.85866 -0.23481
-3.90051 2.85774 -0.24056
-3.90317 2.85853 -0.24120
-3.90564 2.85955 -0.24110
-3.90057 2.87640 -0.19812
-3.89825 2.88237 -0.18242
-3.88544 2.85304 -0.24447
-3.88662 2.85580 -0.23920
-3.88815 2.85804 -0.23546
-3.89059 2.85906 -0.23536
-3.89284 2.86031 -0.23454
-3.89548 2.86109 -0.23516
-3.89970 2.85995 -0.24165
-3.89733 2.87773 -0.19854
-3.89510 2.88367 -0.18283
-3.89539 2.88669 -0.17613
-3.89742 2.88780 -0.17544
-3.89769 2.89074 -0.16891
-3.88808 2.85927 -0.23945
-3.88941 2.86172 -0.23498
-3.89185 2.86273 -0.23488
-3.89410 2.86398 -0.23406
-3.89634 2.86523 -0.23324
-3.89892 2.87360 -0.21616
-3.89567 2.88083 -0.19631
-3.89471 2.88532 -0.18498
-3.89329 2.86617 -0.23513
-3.89535 2.86765 -0.23359
-3.89778 2.86866 -0.23349
-3.89691 2.87345 -0.22140
-3.90931 2.82949 -0.23753
-3.91220 2.82996 -0.23890
-3.91512 2.83044 -0.24028
-3.91759 2.83147 -0.24018
-3.92007 2.83250 -0.24008
-3.92233 2.83380 -0.23924
-3.92457 2.83511 -0.23840
-3.89943 2.82643 -0.24198
-3.90171 2.82774 -0.24114
-3.90419 2.82878 -0.24104
-3.90688 2.82953 -0.24168
-3.90915 2.83084 -0.24084
-3.91163 2.83187 -0.24074
-3.91454 2.83235 -0.24212
-3.91703 2.83338 -0.24202
-3.91884 2.83524 -0.23969
-3.92132 2.83627 -0.23959
-3.92129 2.84407 -0.22354
-3.91912 2.85027 -0.20904
-3.92148 2.85125 -0.20894
-3.92384 2.85223 -0.20885
-3.89833 2.82445 -0.25150
-3.89842 2.82890 -0.24233
-3.90070 2.83021 -0.24149
-3.90318 2.83124 -0.24139
-3.90586 2.83200 -0.24203
-3.90813 2.83330 -0.24119
-3.91061 2.83433 -0.24109
-3.91309 2.83537 -0.24099
-3.91557 2.83640 -0.24089
-3.91783 2.83770 -0.24005
-3.91986 2.83926 -0.23847
-3.91854 2.84470 -0.22610
-3.91581 2.85163 -0.20947
-3.91732 2.85356 -0.20670
-3.91967 2.85454 -0.20661
-3.92180 2.85575 -0.20585
-3.89700 2.82270 -0.26051
-3.89710 2.82724 -0.25109
-3.89701 2.83192 -0.24120
-3.89948 2.83295 -0.24110
-3.90196 2.83398 -0.24100
-3.90444 2.83501 -0.24090
-3.90691 2.83604 -0.24080
-3.90960 2.83680 -0.24144
-3.91252 2.83729 -0.24283
-3.91500 2.83833 -0.24273
-3.91616 2.84095 -0.23819
-3.91556 2.84560 -0.22796
-3.91436 2.85082 -0.21600
-3.91485 2.85397 -0.20980
-3.91636 2.85589 -0.20704
-3.91871 2.85687 -0.20694
-3.92084 2.85808 -0.20619
-3.92319 2.85905 -0.20609
-3.92553 2.86003 -0.20600
-3.89380 2.82359 -0.26255
-3.89596 2.82524 -0.26087
-3.89608 2.82974 -0.25145
-3.89600 2.83438 -0.24155
-3.89828 2.83568 -0.24071
-3.90075 2.83671 -0.24061
-3.90343 2.83747 -0.24125
-3.90590 2.83850 -0.24115
-3.90838 2.83953 -0.24105
-3.91280 2.83815 -0.24770
-3.91515 2.84341 -0.23854
-3.91415 2.84851 -0.22688
-3.91339 2.85319 -0.21634
-3.91556 2.85442 -0.21556
-3.91645 2.85706 -0.21072
-3.91881 2.85804 -0.21062
-3.92053 2.85972 -0.20852
-3.92288 2.86070 -0.20842
-3.92700 2.85983 -0.21371
-3.89256 2.82642 -0.26213
-3.89471 2.82806 -0.26045
-3.89505 2.83224 -0.25181
-3.89499 2.83684 -0.24191
-3.89707 2.83841 -0.24032
-3.89954 2.83944 -0.24022
-3.90221 2.84020 -0.24086
-3.90489 2.84096 -0.24151
-3.90737 2.84199 -0.24141
-3.91458 2.84534 -0.24036
-3.91190 2.85239 -0.22300
-3.91057 2.85768 -0.21057
-3.91480 2.85655 -0.21658
-3.88955 2.82703 -0.26498
-3.89152 2.82896 -0.26249
-3.89368 2.83060 -0.26081
-3.89403 2.83474 -0.25217
-3.89417 2.83904 -0.24300
-3.89626 2.84060 -0.24142
-3.89873 2.84163 -0.24132
-3.90121 2.84266 -0.24122
-3.90368 2.84369 -0.24112
-3.90636 2.84445 -0.24176
-3.91357 2.84780 -0.24072
-3.91605 2.84883 -0.24062
-3.91785 2.85062 -0.23830
-3.88850 2.82958 -0.26534
-3.89048 2.83150 -0.26286
-3.89244 2.83341 -0.26039
-3.89320 2.83696 -0.25329
-3.89355 2.84097 -0.24485
-3.89564 2.84253 -0.24325
-3.89772 2.84409 -0.24167
-3.90020 2.84512 -0.24157
-3.90267 2.84614 -0.24147
-3.90535 2.84692 -0.24211
-3.91017 2.84509 -0.25029
-3.91268 2.84613 -0.25018
-3.91300 2.84975 -0.24255
-3.91504 2.85129 -0.24097
-3.91796 2.85181 -0.24235
-3.92157 2.85158 -0.24599
-3.92292 2.85388 -0.24215
-3.92539 2.85491 -0.24205
-3.88746 2.83213 -0.26571
-3.88944 2.83404 -0.26322
-3.89120 2.83622 -0.25996
-3.89237 2.83919 -0.25442
-3.89351 2.84212 -0.24897
-3.89502 2.84448 -0.24510
-3.89731 2.84577 -0.24425
-3.89959 2.84706 -0.24341
-3.90207 2.84809 -0.24331
-3.90455 2.84912 -0.24321
-3.90915 2.84758 -0.25064
-3.91166 2.84863 -0.25054
-3.91242 2.85171 -0.24440
-3.91557 2.85199 -0.24655
-3.91919 2.85176 -0.25024
-3.92124 2.85331 -0.24862
-3.92305 2.85510 -0.24625
-3.92438 2.85737 -0.24241
-3.88622 2.83496 -0.26528
-3.88820 2.83686 -0.26279
-3.88997 2.83902 -0.25954
-3.89173 2.84116 -0.25633
-3.89307 2.84381 -0.25161
-3.89499 2.84565 -0.24922
-3.89709 2.84721 -0.24761
-3.89918 2.84876 -0.24600
-3.90126 2.85030 -0.24441
-3.90395 2.85108 -0.24505
-3.90813 2.85008 -0.25100
-3.91064 2.85112 -0.25090
-3.91271 2.85267 -0.24928
-3.91521 2.85371 -0.24917
-3.91816 2.85425 -0.25059
-3.92067 2.85529 -0.25049
-3.92272 2.85684 -0.24887
-3.92499 2.85813 -0.24801
-3.88518 2.83750 -0.26564
-3.88716 2.83940 -0.26316
-3.88894 2.84155 -0.25991
-3.89070 2.84367 -0.25669
-3.89263 2.84552 -0.25427
-3.89456 2.84735 -0.25186
-3.89647 2.84917 -0.24948
-3.89857 2.85072 -0.24787
-3.90065 2.85227 -0.24626
-3.90314 2.85330 -0.24616
-3.90605 2.85383 -0.24756
-3.90854 2.85487 -0.24746
-3.91169 2.85516 -0.24963
-3.91419 2.85620 -0.24953
-3.91714 2.85675 -0.25095
-3.91988 2.85754 -0.25161
-3.92216 2.85883 -0.25075
-3.92443 2.86012 -0.24989
-3.88631 2.84166 -0.26431
-3.88790 2.84407 -0.26027
-3.89005 2.84566 -0.25860
-3.89219 2.84724 -0.25694
-3.89413 2.84907 -0.25452
-3.89604 2.85089 -0.25212
-3.89755 2.85320 -0.24822
-3.89984 2.85449 -0.24737
-3.90213 2.85577 -0.24651
-3.90482 2.85656 -0.24716
-3.90710 2.85784 -0.24631
-3.90959 2.85888 -0.24621
-3.91208 2.85991 -0.24611
-3.91612 2.85924 -0.25131
-3.92183 2.86059 -0.25340
-3.92341 2.86261 -0.25024
-3.92592 2.86365 -0.25014
-3.88783 2.84526 -0.26457
-3.88941 2.84765 -0.26053
-3.89155 2.84923 -0.25886
-3.89369 2.85080 -0.25720
-3.89562 2.85262 -0.25478
-3.89653 2.85568 -0.24858
-3.89883 2.85697 -0.24772
-3.90111 2.85825 -0.24687
-3.90360 2.85928 -0.24677
-3.90546 2.86104 -0.24442
-3.90794 2.86208 -0.24432
-3.91042 2.86311 -0.24422
-3.91487 2.86198 -0.25090
-3.88953 2.84860 -0.26563
-3.89189 2.84993 -0.26473
-3.89305 2.85280 -0.25912
-3.89519 2.85436 -0.25746
-3.89571 2.85791 -0.24969
-3.89781 2.85944 -0.24808
-3.90010 2.86072 -0.24722
-3.90218 2.86224 -0.24562
-3.90445 2.86351 -0.24477
-3.90631 2.86525 -0.24244
-3.90835 2.86674 -0.24086
-3.91125 2.86730 -0.24224
-3.89361 2.85327 -0.26578
-3.89576 2.85485 -0.26409
-3.89689 2.85768 -0.25850
-3.89719 2.86143 -0.24994
-3.89929 2.86295 -0.24833
-3.90116 2.86471 -0.24597
-3.90344 2.86597 -0.24513
-3.90592 2.86700 -0.24503
-3.90735 2.86919 -0.24121
-3.89727 2.85845 -0.26435
-3.89879 2.86075 -0.26031
-3.90050 2.86279 -0.25710
-3.90240 2.86456 -0.25468
-3.90346 2.86727 -0.24924
-3.90595 2.86831 -0.24914
-3.90845 2.86934 -0.24904
-3.90029 2.86433 -0.26057
-3.90200 2.86635 -0.25735
-3.90389 2.86811 -0.25494
-3.90683 2.86868 -0.25638
-3.88991 2.82034 -0.26920
-3.89166 2.82247 -0.26592
-3.89404 2.82372 -0.26504
-3.89620 2.82525 -0.26337
-3.89856 2.82649 -0.26249
-3.90003 2.82885 -0.25850
-3.90215 2.83036 -0.25686
-3.90382 2.83240 -0.25370
-3.90524 2.83469 -0.24981
-3.90754 2.83590 -0.24897
-3.91030 2.83657 -0.24963
-3.88375 2.82101 -0.26973
-3.88636 2.82197 -0.26963
-3.88875 2.82323 -0.26874
-3.89072 2.82505 -0.26626
-3.89310 2.82630 -0.26537
-3.89526 2.82783 -0.26370
-3.89740 2.82934 -0.26204
-3.89910 2.83141 -0.25883
-3.90122 2.83290 -0.25719
-3.90289 2.83494 -0.25402
-3.90432 2.83721 -0.25013
-3.90662 2.83841 -0.24929
-3.90938 2.83909 -0.24995
-3.91192 2.84003 -0.24986
-3.91422 2.84122 -0.24901
-3.87999 2.82293 -0.26935
-3.88239 2.82418 -0.26846
-3.88500 2.82514 -0.26837
-3.88697 2.82696 -0.26589
-3.88957 2.82792 -0.26580
-3.89131 2.83000 -0.26255
-3.89389 2.83095 -0.26246
-3.89560 2.83301 -0.25925
-3.89795 2.83423 -0.25838
-3.90029 2.83545 -0.25752
-3.90196 2.83747 -0.25435
-3.90406 2.83894 -0.25273
-3.90593 2.84067 -0.25037
-3.90846 2.84161 -0.25028
-3.91100 2.84255 -0.25018
-3.91353 2.84348 -0.25009
-3.87644 2.82456 -0.26978
-3.87865 2.82609 -0.26809
-3.88105 2.82734 -0.26720
-3.88324 2.82886 -0.26553
-3.88541 2.83038 -0.26386
-3.88697 2.83271 -0.25986
-3.88932 2.83394 -0.25899
-3.89189 2.83489 -0.25890
-3.89445 2.83583 -0.25880
-3.89702 2.83678 -0.25871
-3.89936 2.83800 -0.25784
-3.90104 2.84001 -0.25468
-3.90358 2.84095 -0.25458
-3.90568 2.84241 -0.25297
-3.90822 2.84336 -0.25287
-3.91054 2.84455 -0.25202
-3.91261 2.84600 -0.25042
-3.91444 2.84770 -0.24807
-3.87530 2.82743 -0.26932
-3.87751 2.82896 -0.26763
-3.87931 2.83104 -0.26437
-3.88090 2.83337 -0.26037
-3.88306 2.83486 -0.25873
-3.88562 2.83581 -0.25864
-3.88798 2.83702 -0.25777
-3.89054 2.83797 -0.25768
-3.89331 2.83865 -0.25836
-3.89587 2.83960 -0.25826
-3.89799 2.84107 -0.25663
-3.90011 2.84254 -0.25500
-3.90266 2.84349 -0.25491
-3.90476 2.84494 -0.25329
-3.90730 2.84589 -0.25320
-3.90961 2.84708 -0.25235
-3.91192 2.84827 -0.25150
-3.91375 2.84996 -0.24914
-3.87194 2.82877 -0.27054
-3.87435 2.83002 -0.26965
-3.87637 2.83182 -0.26717
-3.87740 2.83497 -0.26079
-3.87918 2.83700 -0.25761
-3.88095 2.83900 -0.25445
-3.88349 2.83995 -0.25436
-3.88543 2.84167 -0.25198
-3.88878 2.84157 -0.25493
-3.89196 2.84173 -0.25714
-3.89451 2.84267 -0.25705
-3.89707 2.84362 -0.25696
-3.89940 2.84482 -0.25610
-3.90173 2.84602 -0.25524
-3.90428 2.84696 -0.25515
-3.90660 2.84816 -0.25429
-3.90892 2.84936 -0.25343
-3.91100 2.85080 -0.25182
-3.91283 2.85248 -0.24947
-3.87099 2.83137 -0.27088
-3.87341 2.83261 -0.26998
-3.87543 2.83440 -0.26750
-3.87646 2.83753 -0.26112
-3.87825 2.83954 -0.25793
-3.88002 2.84153 -0.25477
-3.88257 2.84248 -0.25468
-3.88451 2.84419 -0.25231
-3.88704 2.84513 -0.25222
-3.89082 2.84453 -0.25670
-3.89358 2.84521 -0.25738
-3.89614 2.84616 -0.25728
-3.89869 2.84710 -0.25719
-3.90081 2.84856 -0.25556
-3.91261 2.85426 -0.25206
-3.91444 2.85593 -0.24970
-3.86763 2.83271 -0.27211
-3.87005 2.83396 -0.27121
-3.87246 2.83520 -0.27032
-3.87448 2.83698 -0.26783
-3.87553 2.84008 -0.26145
-3.87790 2.84129 -0.26058
-3.87968 2.84329 -0.25740
-3.88223 2.84423 -0.25730
-3.88359 2.84671 -0.25263
-3.88612 2.84765 -0.25254
-3.89010 2.84681 -0.25780
-3.89286 2.84750 -0.25848
-3.89521 2.84870 -0.25761
-3.89776 2.84965 -0.25752
-3.86686 2.83503 -0.27325
-3.86929 2.83627 -0.27235
-3.87170 2.83751 -0.27145
-3.87354 2.83956 -0.26816
-3.87555 2.84131 -0.26570
-3.87716 2.84358 -0.26169
-3.87954 2.84479 -0.26082
-3.88190 2.84600 -0.25995
-3.88366 2.84797 -0.25677
-3.88621 2.84891 -0.25668
-3.88938 2.84910 -0.25890
-3.89193 2.85004 -0.25880
-3.89449 2.85099 -0.25871
-3.89705 2.85194 -0.25862
-3.86852 2.83860 -0.27349
-3.87095 2.83983 -0.27259
-3.87317 2.84134 -0.27089
-3.87519 2.84309 -0.26840
-3.87720 2.84484 -0.26593
-3.87880 2.84709 -0.26192
-3.88117 2.84829 -0.26105
-3.88273 2.85050 -0.25710
-3.88508 2.85170 -0.25624
-3.88783 2.85239 -0.25691
-3.89100 2.85259 -0.25913
-3.89399 2.85304 -0.26059
-3.86776 2.84093 -0.27463
-3.87037 2.84189 -0.27454
-3.87261 2.84339 -0.27283
-3.87483 2.84489 -0.27113
-3.87665 2.84689 -0.26785
-3.87884 2.84837 -0.26617
-3.88043 2.85059 -0.26216
-3.88181 2.85304 -0.25742
-3.88415 2.85423 -0.25656
-3.88772 2.85394 -0.26033
-3.86681 2.84353 -0.27497
-3.86942 2.84450 -0.27487
-3.87204 2.84546 -0.27478
-3.87446 2.84669 -0.27387
-3.87629 2.84870 -0.27057
-3.87830 2.85043 -0.26808
-3.87950 2.85315 -0.26249
-3.88068 2.85582 -0.25698
-3.88323 2.85676 -0.25689
-3.88577 2.85770 -0.25680
-3.86847 2.84710 -0.27521
-3.87109 2.84806 -0.27511
-3.87370 2.84903 -0.27502
-3.87573 2.85077 -0.27250
-3.87775 2.85250 -0.27001
-3.87876 2.85545 -0.26360
-3.87976 2.85835 -0.25731
-3.88093 2.86096 -0.25189
-3.88326 2.86213 -0.25105
-3.87275 2.85163 -0.27535
-3.87517 2.85285 -0.27445
-3.87739 2.85433 -0.27274
-3.87920 2.85629 -0.26945
-3.87981 2.85969 -0.26149
-3.87982 2.86371 -0.25146
-3.88234 2.86464 -0.25137
-3.88446 2.86603 -0.24978
-3.87442 2.85520 -0.27559
-3.87683 2.85642 -0.27469
-3.87905 2.85788 -0.27298
-3.88085 2.85983 -0.26969
-3.88344 2.86078 -0.26959
-3.88392 2.86167 -0.27555
-3.89768 2.82762 -0.25937
-3.89981 2.82913 -0.25772
-3.90193 2.83063 -0.25609
-3.90449 2.83158 -0.25600
-3.90705 2.83253 -0.25590
-3.91030 2.83265 -0.25813
-3.88946 2.82676 -0.26153
-3.89203 2.82772 -0.26144
-3.89439 2.82895 -0.26057
-3.89653 2.83046 -0.25892
-3.89888 2.83168 -0.25805
-3.90100 2.83318 -0.25642
-3.90356 2.83412 -0.25632
-3.90612 2.83507 -0.25623
-3.90937 2.83521 -0.25845
-3.91194 2.83616 -0.25836
-3.91450 2.83711 -0.25827
-3.91683 2.83832 -0.25740
-3.91939 2.83927 -0.25731
-3.88594 2.82837 -0.26196
-3.88790 2.83016 -0.25953
-3.89026 2.83139 -0.25866
-3.89282 2.83233 -0.25857
-3.89538 2.83328 -0.25847
-3.89751 2.83478 -0.25684
-3.90007 2.83572 -0.25674
-3.90174 2.83774 -0.25359
-3.90429 2.83868 -0.25349
-3.90683 2.83962 -0.25340
-3.91030 2.83951 -0.25637
-3.91310 2.84019 -0.25705
-3.91590 2.84087 -0.25773
-3.91798 2.84235 -0.25610
-3.92029 2.84356 -0.25523
-3.88364 2.82830 -0.26711
-3.88420 2.83204 -0.25917
-3.88676 2.83299 -0.25908
-3.88891 2.83448 -0.25744
-3.89126 2.83570 -0.25658
-3.89381 2.83664 -0.25649
-3.89594 2.83812 -0.25486
-3.89805 2.83959 -0.25324
-3.90060 2.84053 -0.25315
-3.90292 2.84173 -0.25230
-3.90546 2.84267 -0.25221
-3.90800 2.84361 -0.25211
-3.91123 2.84378 -0.25431
-3.91425 2.84421 -0.25575
-3.91681 2.84515 -0.25565
-3.91912 2.84635 -0.25480
-3.88250 2.83116 -0.26665
-3.88326 2.83459 -0.25950
-3.88542 2.83608 -0.25786
-3.88757 2.83756 -0.25623
-3.89012 2.83850 -0.25614
-3.89225 2.83998 -0.25452
-3.89459 2.84118 -0.25366
-3.89670 2.84264 -0.25205
-3.89924 2.84358 -0.25196
-3.90155 2.84477 -0.25111
-3.90409 2.84571 -0.25102
-3.90662 2.84665 -0.25092
-3.90938 2.84733 -0.25159
-3.91262 2.84751 -0.25378
-3.91564 2.84795 -0.25521
-3.91771 2.84940 -0.25359
-3.87936 2.83222 -0.26866
-3.88155 2.83374 -0.26698
-3.88233 2.83714 -0.25983
-3.88409 2.83915 -0.25665
-3.88664 2.84010 -0.25656
-3.88899 2.84130 -0.25570
-3.89112 2.84277 -0.25408
-3.89303 2.84448 -0.25171
-3.89556 2.84542 -0.25162
-3.89810 2.84636 -0.25152
-3.90063 2.84730 -0.25143
-3.90294 2.84848 -0.25059
-3.90525 2.84967 -0.24974
-3.90733 2.85110 -0.24815
-3.91100 2.85080 -0.25182
-3.91424 2.85099 -0.25401
-3.91679 2.85193 -0.25392
-3.91837 2.85386 -0.25079
-3.87841 2.83481 -0.26900
-3.88061 2.83632 -0.26731
-3.88140 2.83969 -0.26016
-3.88336 2.84143 -0.25775
-3.88551 2.84290 -0.25612
-3.88786 2.84410 -0.25526
-3.88958 2.84607 -0.25212
-3.89211 2.84700 -0.25203
-3.89464 2.84794 -0.25194
-3.89718 2.84888 -0.25185
-3.89971 2.84982 -0.25176
-3.90180 2.85125 -0.25016
-3.90389 2.85268 -0.24856
-3.90596 2.85410 -0.24698
-3.90893 2.85455 -0.24838
-3.91238 2.85450 -0.25130
-3.91491 2.85544 -0.25121
-3.91697 2.85686 -0.24961
-3.87766 2.83712 -0.27013
-3.87967 2.83890 -0.26764
-3.88047 2.84224 -0.26049
-3.88303 2.84319 -0.26039
-3.88499 2.84492 -0.25798
-3.88713 2.84638 -0.25635
-3.88865 2.84859 -0.25245
-3.89119 2.84952 -0.25236
-3.89372 2.85046 -0.25227
-3.89668 2.85090 -0.25369
-3.89901 2.85209 -0.25284
-3.90088 2.85377 -0.25048
-3.90253 2.85567 -0.24739
-3.90482 2.85684 -0.24655
-3.90734 2.85777 -0.24646
-3.91077 2.85775 -0.24936
-3.91352 2.85844 -0.25002
-3.91558 2.85985 -0.24843
-3.87691 2.83944 -0.27126
-3.87873 2.84147 -0.26798
-3.87993 2.84427 -0.26237
-3.88210 2.84574 -0.26072
-3.88426 2.84720 -0.25908
-3.88661 2.84841 -0.25822
-3.88773 2.85111 -0.25277
-3.89027 2.85204 -0.25268
-3.89364 2.85199 -0.25564
-3.89705 2.85194 -0.25862
-3.89961 2.85288 -0.25852
-3.90150 2.85457 -0.25612
-3.90227 2.85746 -0.24996
-3.90413 2.85911 -0.24762
-3.90665 2.86004 -0.24753
-3.90962 2.86050 -0.24893
-3.91214 2.86143 -0.24884
-3.91419 2.86283 -0.24726
-3.87597 2.84203 -0.27160
-3.87798 2.84379 -0.26910
-3.87939 2.84631 -0.26427
-3.88156 2.84778 -0.26261
-3.88373 2.84924 -0.26096
-3.88589 2.85070 -0.25932
-3.88641 2.85412 -0.25159
-3.88894 2.85505 -0.25149
-3.89335 2.85378 -0.25827
-3.89612 2.85448 -0.25895
-3.89890 2.85518 -0.25963
-3.90124 2.85638 -0.25876
-3.90312 2.85805 -0.25636
-3.90388 2.86090 -0.25019
-3.90641 2.86184 -0.25010
-3.90893 2.86277 -0.25001
-3.91145 2.86371 -0.24992
-3.91328 2.86533 -0.24758
-3.91556 2.86649 -0.24674
-3.87483 2.84489 -0.27113
-3.87723 2.84611 -0.27023
-3.87865 2.84862 -0.26538
-3.88103 2.84983 -0.26450
-3.88320 2.85129 -0.26285
-3.88496 2.85324 -0.25964
-3.88569 2.85639 -0.25267
-3.88822 2.85733 -0.25257
-3.89284 2.85584 -0.26014
-3.89562 2.85654 -0.26082
-3.89840 2.85724 -0.26151
-3.90097 2.85819 -0.26141
-3.90331 2.85938 -0.26054
-3.90497 2.86129 -0.25736
-3.90729 2.86247 -0.25650
-3.90984 2.86342 -0.25641
-3.91239 2.86436 -0.25632
-3.87388 2.84747 -0.27146
-3.87629 2.84870 -0.27057
-3.87790 2.85093 -0.26650
-3.88009 2.85239 -0.26483
-3.88247 2.85360 -0.26396
-3.88443 2.85529 -0.26152
-3.88659 2.85673 -0.25988
-3.88791 2.85913 -0.25518
-3.89191 2.85838 -0.26047
-3.89447 2.85933 -0.26037
-3.90004 2.86075 -0.26174
-3.90260 2.86170 -0.26165
-3.90494 2.86288 -0.26078
-3.90751 2.86383 -0.26069
-3.87554 2.85103 -0.27170
-3.87716 2.85325 -0.26762
-3.87955 2.85446 -0.26674
-3.88173 2.85591 -0.26507
-3.88350 2.85784 -0.26185
-3.88606 2.85879 -0.26176
-3.90424 2.86520 -0.26189
-3.90658 2.86638 -0.26101
-3.87459 2.85361 -0.27203
-3.87661 2.85533 -0.26954
-3.87861 2.85703 -0.26707
-3.88059 2.85872 -0.26462
-3.88257 2.86040 -0.26218
-3.88513 2.86134 -0.26209
-3.88688 2.86324 -0.25890
-3.87566 2.85791 -0.26988
-3.87767 2.85960 -0.26740
-3.87966 2.86128 -0.26495
-3.88183 2.86271 -0.26329
-3.88420 2.86389 -0.26242
-3.88656 2.86508 -0.26154
-3.88327 2.86645 -0.26274
-3.88583 2.86739 -0.26265
-3.90070 2.82801 -0.26083
-3.90328 2.82897 -0.26074
-3.90585 2.82992 -0.26064
-3.90843 2.83087 -0.26055
-3.91101 2.83183 -0.26046
-3.91358 2.83278 -0.26036
-3.89375 2.82978 -0.25824
-3.89632 2.83073 -0.25815
-3.89888 2.83168 -0.25805
-3.90167 2.83236 -0.25873
-3.90446 2.83303 -0.25942
-3.90703 2.83398 -0.25932
-3.91007 2.83439 -0.26079
-3.91288 2.83507 -0.26148
-3.91546 2.83603 -0.26138
-3.91780 2.83725 -0.26051
-3.91964 2.83901 -0.25808
-3.88749 2.83071 -0.25798
-3.88963 2.83221 -0.25635
-3.89198 2.83343 -0.25549
-3.89453 2.83437 -0.25539
-3.89751 2.83478 -0.25684
-3.90029 2.83545 -0.25752
-3.90308 2.83613 -0.25819
-3.90564 2.83708 -0.25810
-3.90867 2.83749 -0.25956
-3.91171 2.83791 -0.26102
-3.91429 2.83886 -0.26093
-3.91614 2.84061 -0.25850
-3.91846 2.84182 -0.25764
-3.92103 2.84277 -0.25754
-3.88420 2.83204 -0.25917
-3.88615 2.83381 -0.25677
-3.88850 2.83502 -0.25590
-3.88980 2.83757 -0.25124
-3.89234 2.83850 -0.25115
-3.89487 2.83944 -0.25106
-3.89870 2.83880 -0.25553
-3.90192 2.83895 -0.25775
-3.90471 2.83963 -0.25843
-3.90727 2.84058 -0.25834
-3.91077 2.84047 -0.26135
-3.91335 2.84142 -0.26126
-3.91521 2.84316 -0.25883
-3.91753 2.84437 -0.25797
-3.92009 2.84532 -0.25787
-3.92266 2.84627 -0.25778
-3.88326 2.83459 -0.25950
-3.88522 2.83635 -0.25709
-3.88696 2.83836 -0.25394
-3.88868 2.84035 -0.25081
-3.89080 2.84180 -0.24921
-3.89332 2.84274 -0.24912
-3.89648 2.84290 -0.25129
-3.89989 2.84280 -0.25424
-3.90288 2.84323 -0.25568
-3.90566 2.84391 -0.25635
-3.90821 2.84486 -0.25626
-3.91147 2.84503 -0.25848
-3.91499 2.84494 -0.26150
-3.91684 2.84667 -0.25907
-3.91941 2.84762 -0.25898
-3.92173 2.84882 -0.25811
-3.88076 2.83483 -0.26383
-3.88233 2.83714 -0.25983
-3.88449 2.83862 -0.25819
-3.88603 2.84089 -0.25426
-3.88776 2.84287 -0.25114
-3.88967 2.84457 -0.24879
-3.89178 2.84601 -0.24720
-3.89388 2.84744 -0.24562
-3.91453 2.84699 -0.26339
-3.88002 2.83713 -0.26494
-3.88200 2.83889 -0.26250
-3.88396 2.84064 -0.26007
-3.88592 2.84238 -0.25765
-3.88847 2.84332 -0.25756
-3.87766 2.83712 -0.27013
-3.87987 2.83863 -0.26844
-3.88146 2.84092 -0.26439
-3.88363 2.84240 -0.26273
-3.88600 2.84362 -0.26186
-3.88899 2.84405 -0.26333
-3.87711 2.83917 -0.27207
-3.87932 2.84067 -0.27037
-3.88172 2.84190 -0.26947
-3.88310 2.84444 -0.26463
-3.88692 2.84383 -0.26929
-3.88973 2.84452 -0.26999
-3.87636 2.84150 -0.27320
-3.87877 2.84273 -0.27230
-3.88078 2.84449 -0.26981
-3.88236 2.84675 -0.26575
-3.88495 2.84771 -0.26565
-3.88753 2.84866 -0.26556
-3.89267 2.84651 -0.27506
-3.87763 2.84559 -0.27184
-3.87983 2.84707 -0.27014
-3.88143 2.84932 -0.26608
-3.88401 2.85028 -0.26598
-3.88597 2.85199 -0.26353
-3.88855 2.85294 -0.26344
-3.87668 2.84818 -0.27217
-3.87790 2.85093 -0.26650
-3.88029 2.85214 -0.26562
-3.88247 2.85360 -0.26396
-3.88484 2.85480 -0.26308
-3.88700 2.85624 -0.26143
-3.87677 2.85375 -0.26604
-3.87915 2.85496 -0.26516
-3.88153 2.85616 -0.26429
-3.88390 2.85736 -0.26341
-3.88606 2.85879 -0.26176
-3.87822 2.85752 -0.26549
-3.88059 2.85872 -0.26462
-3.88297 2.85991 -0.26374
-3.88554 2.86086 -0.26365
-3.87966 2.86128 -0.26495
-3.88223 2.86223 -0.26485
-3.88481 2.86318 -0.26476
-3.91819 2.82582 -0.39840
-3.89835 2.82669 -0.27399
-3.90099 2.82758 -0.27387
-3.88562 2.82744 -0.26999
-3.88890 2.82749 -0.27226
-3.89175 2.82810 -0.27294
-3.89461 2.82871 -0.27362
-3.89748 2.82932 -0.27430
-3.90011 2.83021 -0.27418
-3.90180 2.83220 -0.27086
-3.90418 2.83336 -0.26995
-3.90511 2.83612 -0.26432
-3.90771 2.83700 -0.26420
-3.87982 2.83216 -0.26180
-3.88240 2.83304 -0.26168
-3.88737 2.83093 -0.27017
-3.89043 2.83127 -0.27164
-3.89305 2.83215 -0.27153
-3.89568 2.83304 -0.27141
-3.89830 2.83393 -0.27129
-3.90069 2.83508 -0.27037
-3.90142 2.83810 -0.26396
-3.90236 2.84080 -0.25844
-3.90237 2.84446 -0.25001
-3.90421 2.84606 -0.24766
-3.87638 2.83386 -0.26222
-3.87855 2.83527 -0.26056
-3.88009 2.83745 -0.25662
-3.88038 2.84114 -0.24825
-3.88087 2.84448 -0.24082
-3.88973 2.83770 -0.26318
-3.89232 2.83858 -0.26306
-3.89491 2.83945 -0.26294
-3.89704 2.84085 -0.26128
-3.89848 2.84300 -0.25732
-3.89898 2.84613 -0.25042
-3.90038 2.84822 -0.24659
-3.90131 2.85076 -0.24136
-3.90382 2.85161 -0.24124
-3.87334 2.83503 -0.26419
-3.87512 2.83697 -0.26098
-3.87668 2.83914 -0.25704
-3.87701 2.84280 -0.24866
-3.87734 2.84637 -0.24051
-3.87964 2.84746 -0.23967
-3.88233 2.84806 -0.24028
-3.88777 2.84548 -0.25043
-3.89030 2.84633 -0.25032
-3.89240 2.84768 -0.24871
-3.89449 2.84903 -0.24712
-3.89569 2.85133 -0.24261
-3.89798 2.85241 -0.24176
-3.90026 2.85349 -0.24092
-3.90276 2.85434 -0.24081
-3.86989 2.83674 -0.26461
-3.87208 2.83814 -0.26294
-3.87426 2.83953 -0.26128
-3.87583 2.84169 -0.25733
-3.87519 2.84656 -0.24527
-3.87632 2.84910 -0.24007
-3.87881 2.84994 -0.23996
-3.88130 2.85079 -0.23985
-3.88483 2.85044 -0.24335
-3.88861 2.84984 -0.24764
-3.88963 2.85237 -0.24240
-3.89214 2.85322 -0.24228
-3.89442 2.85430 -0.24144
-3.89670 2.85538 -0.24061
-3.89898 2.85645 -0.23977
-3.90148 2.85730 -0.23966
-3.86683 2.83792 -0.26659
-3.86903 2.83932 -0.26491
-3.87162 2.84019 -0.26479
-3.87381 2.84159 -0.26312
-3.87599 2.84297 -0.26146
-3.87435 2.84906 -0.24557
-3.87549 2.85159 -0.24036
-3.87719 2.85337 -0.23738
-3.88028 2.85351 -0.23942
-3.88277 2.85435 -0.23930
-3.88629 2.85402 -0.24280
-3.88880 2.85486 -0.24269
-3.89130 2.85571 -0.24258
-3.89294 2.85748 -0.23957
-3.89544 2.85833 -0.23945
-3.89749 2.85963 -0.23790
-3.89998 2.86047 -0.23779
-3.86752 2.83840 -0.27321
-3.86994 2.83955 -0.27230
-3.87236 2.84070 -0.27138
-3.87497 2.84158 -0.27126
-3.87800 2.84194 -0.27273
-3.88083 2.84257 -0.27341
-3.87544 2.85313 -0.24355
-3.87501 2.85745 -0.23271
-3.88734 2.85805 -0.24081
-3.88984 2.85890 -0.24069
-3.89212 2.85997 -0.23986
-3.89418 2.86126 -0.23831
-3.89666 2.86211 -0.23819
-3.89915 2.86295 -0.23808
-3.90164 2.86379 -0.23797
-3.86684 2.84075 -0.27432
-3.86927 2.84190 -0.27340
-3.87169 2.84304 -0.27248
-3.87451 2.84367 -0.27316
-3.89314 2.86397 -0.23788
-3.89562 2.86481 -0.23777
-3.86597 2.84336 -0.27462
-3.86840 2.84451 -0.27370
-3.87102 2.84539 -0.27358
-3.87364 2.84628 -0.27346
-3.86511 2.84598 -0.27493
-3.86753 2.84712 -0.27401
-3.86996 2.84826 -0.27309
-3.87257 2.84914 -0.27297
-3.86628 2.85023 -0.27272
-3.86850 2.85162 -0.27101
-3.87151 2.85200 -0.27248
-3.86483 2.85358 -0.27065
-3.86744 2.85446 -0.27053
-3.87024 2.85510 -0.27120
-3.86619 2.85754 -0.26925
-3.86754 2.86148 -0.26787
-3.90099 2.82758 -0.27387
-3.89507 2.82815 -0.27523
-3.89771 2.82904 -0.27510
-3.90011 2.83021 -0.27418
-3.90251 2.83138 -0.27326
-3.90466 2.83281 -0.27154
-3.88496 2.82977 -0.27109
-3.88803 2.83010 -0.27256
-3.89088 2.83072 -0.27324
-3.89374 2.83133 -0.27392
-3.89637 2.83222 -0.27380
-3.89900 2.83311 -0.27368
-3.90116 2.83454 -0.27196
-3.90331 2.83597 -0.27025
-3.90497 2.83792 -0.26697
-3.90685 2.83959 -0.26450
-3.90799 2.84202 -0.25974
-3.90580 2.84790 -0.24460
-3.87740 2.83252 -0.26611
-3.88000 2.83340 -0.26599
-3.88281 2.83401 -0.26666
-3.88606 2.83408 -0.26890
-3.88912 2.83442 -0.27036
-3.89196 2.83504 -0.27103
-3.89458 2.83592 -0.27092
-3.89720 2.83681 -0.27080
-3.89959 2.83796 -0.26988
-3.90149 2.83964 -0.26739
-3.90339 2.84130 -0.26492
-3.90527 2.84295 -0.26247
-3.90571 2.84611 -0.25545
-3.90520 2.85017 -0.24563
-3.87334 2.83503 -0.26419
-3.87593 2.83591 -0.26407
-3.87852 2.83678 -0.26395
-3.88132 2.83740 -0.26461
-3.88455 2.83748 -0.26684
-3.88759 2.83783 -0.26829
-3.89064 2.83818 -0.26975
-3.89326 2.83907 -0.26963
-3.89587 2.83995 -0.26951
-3.89802 2.84136 -0.26782
-3.90016 2.84275 -0.26613
-3.90206 2.84440 -0.26367
-3.90370 2.84629 -0.26045
-3.90462 2.84891 -0.25499
-3.90436 2.85268 -0.24592
-3.86989 2.83674 -0.26461
-3.87248 2.83761 -0.26449
-3.87487 2.83875 -0.26360
-3.87745 2.83963 -0.26348
-3.88025 2.84024 -0.26414
-3.88305 2.84085 -0.26480
-3.88629 2.84095 -0.26702
-3.88933 2.84131 -0.26848
-3.89217 2.84193 -0.26915
-3.89455 2.84307 -0.26824
-3.89693 2.84421 -0.26733
-3.89907 2.84560 -0.26565
-3.90096 2.84724 -0.26319
-3.90261 2.84911 -0.25999
-3.90354 2.85170 -0.25453
-3.90330 2.85543 -0.24548
-3.86625 2.83871 -0.26425
-3.86884 2.83958 -0.26413
-3.87123 2.84071 -0.26324
-3.87381 2.84159 -0.26312
-3.87619 2.84272 -0.26223
-3.87918 2.84308 -0.26366
-3.88219 2.84344 -0.26510
-3.88543 2.84354 -0.26733
-3.88847 2.84391 -0.26878
-3.89108 2.84479 -0.26866
-3.89369 2.84567 -0.26854
-3.89584 2.84706 -0.26685
-3.89798 2.84844 -0.26517
-3.90011 2.84982 -0.26349
-3.90176 2.85168 -0.26029
-3.90223 2.85473 -0.25332
-3.90201 2.85841 -0.24431
-3.86540 2.84128 -0.26455
-3.86779 2.84241 -0.26366
-3.87037 2.84329 -0.26354
-3.87276 2.84442 -0.26265
-3.87534 2.84529 -0.26253
-3.87792 2.84616 -0.26241
-3.88154 2.84577 -0.26618
-3.88999 2.84764 -0.26818
-3.89260 2.84852 -0.26806
-3.89452 2.85015 -0.26559
-3.89712 2.85103 -0.26547
-3.89925 2.85240 -0.26380
-3.90184 2.85327 -0.26368
-3.90348 2.85512 -0.26047
-3.90370 2.85836 -0.25275
-3.86454 2.84386 -0.26485
-3.86693 2.84499 -0.26396
-3.86952 2.84586 -0.26384
-3.87210 2.84673 -0.26372
-3.87448 2.84786 -0.26283
-3.87706 2.84873 -0.26272
-3.89151 2.85137 -0.26758
-3.89580 2.85410 -0.26421
-3.89885 2.85449 -0.26565
-3.86387 2.84618 -0.26593
-3.86627 2.84731 -0.26504
-3.86885 2.84819 -0.26492
-3.87124 2.84931 -0.26403
-3.87383 2.85018 -0.26391
-3.87661 2.85081 -0.26457
-3.86320 2.84851 -0.26702
-3.86560 2.84964 -0.26612
-3.86819 2.85051 -0.26600
-3.87058 2.85164 -0.26510
-3.87317 2.85251 -0.26498
-3.87596 2.85314 -0.26564
-3.86234 2.85110 -0.26732
-3.86474 2.85222 -0.26642
-3.86733 2.85309 -0.26630
-3.86992 2.85397 -0.26618
-3.87231 2.85509 -0.26529
-3.87510 2.85572 -0.26595
-3.86407 2.85456 -0.26750
-3.86647 2.85567 -0.26660
-3.86906 2.85655 -0.26648
-3.87165 2.85742 -0.26637
-3.87424 2.85830 -0.26625
-3.86562 2.85825 -0.26690
-3.86821 2.85913 -0.26679
-3.87079 2.86000 -0.26667
-3.87338 2.86088 -0.26655
-3.86994 2.86258 -0.26697
-3.87253 2.86346 -0.26685
-3.88606 2.83257 -0.26545
-3.88932 2.83263 -0.26769
-3.89260 2.83270 -0.26994
-3.89614 2.83249 -0.27300
-3.89900 2.83311 -0.27368
-3.90164 2.83400 -0.27356
-3.90403 2.83516 -0.27264
-3.90666 2.83605 -0.27252
-3.87938 2.83420 -0.26365
-3.88218 2.83481 -0.26431
-3.88498 2.83542 -0.26497
-3.88801 2.83577 -0.26642
-3.89151 2.83558 -0.26945
-3.89504 2.83539 -0.27251
-3.89790 2.83600 -0.27319
-3.90053 2.83689 -0.27307
-3.90268 2.83832 -0.27135
-3.90506 2.83947 -0.27044
-3.90720 2.84088 -0.26873
-3.90981 2.84176 -0.26861
-3.87573 2.83617 -0.26330
-3.87831 2.83705 -0.26318
-3.88090 2.83792 -0.26306
-3.88370 2.83853 -0.26372
-3.88672 2.83889 -0.26516
-3.89020 2.83871 -0.26817
-3.89394 2.83827 -0.27202
-3.89679 2.83889 -0.27269
-3.89919 2.84004 -0.27178
-3.90157 2.84119 -0.27086
-3.90372 2.84260 -0.26916
-3.90513 2.84477 -0.26511
-3.90700 2.84641 -0.26265
-3.90886 2.84804 -0.26022
-3.86970 2.83700 -0.26383
-3.87208 2.83814 -0.26294
-3.87447 2.83927 -0.26205
-3.87684 2.84040 -0.26116
-3.87921 2.84153 -0.26027
-3.88242 2.84163 -0.26247
-3.88586 2.84147 -0.26546
-3.88933 2.84131 -0.26848
-3.89284 2.84115 -0.27153
-3.89546 2.84203 -0.27141
-3.89808 2.84292 -0.27129
-3.90071 2.84380 -0.27117
-3.90285 2.84520 -0.26946
-3.90355 2.84811 -0.26307
-3.90519 2.84998 -0.25987
-3.90399 2.85472 -0.24769
-3.86625 2.83871 -0.26425
-3.86864 2.83984 -0.26336
-3.87103 2.84097 -0.26247
-3.87341 2.84210 -0.26158
-3.87579 2.84323 -0.26069
-3.87836 2.84410 -0.26057
-3.88093 2.84497 -0.26046
-3.88414 2.84508 -0.26265
-3.88781 2.84468 -0.26642
-3.89867 2.84769 -0.26752
-3.90011 2.84982 -0.26349
-3.90176 2.85168 -0.26029
-3.90062 2.85639 -0.24810
-3.86559 2.84102 -0.26533
-3.86798 2.84216 -0.26444
-3.87037 2.84329 -0.26354
-3.87276 2.84442 -0.26265
-3.87513 2.84554 -0.26176
-3.87730 2.84691 -0.26011
-3.87987 2.84778 -0.25999
-3.88140 2.84988 -0.25606
-3.86473 2.84360 -0.26563
-3.86732 2.84448 -0.26551
-3.86971 2.84561 -0.26462
-3.87210 2.84673 -0.26372
-3.87448 2.84786 -0.26283
-3.87645 2.84947 -0.26041
-3.87902 2.85034 -0.26029
-3.87994 2.85316 -0.25409
-3.86387 2.84618 -0.26593
-3.86646 2.84706 -0.26582
-3.86905 2.84793 -0.26570
-3.87164 2.84881 -0.26558
-3.87383 2.85018 -0.26391
-3.87600 2.85155 -0.26224
-3.87817 2.85290 -0.26059
-3.87889 2.85593 -0.25364
-3.86320 2.84851 -0.26702
-3.86579 2.84939 -0.26690
-3.86819 2.85051 -0.26600
-3.87078 2.85139 -0.26588
-3.87337 2.85226 -0.26576
-3.87535 2.85387 -0.26332
-3.87793 2.85474 -0.26320
-3.87845 2.85800 -0.25544
-3.86234 2.85110 -0.26732
-3.86493 2.85197 -0.26720
-3.86753 2.85285 -0.26708
-3.86992 2.85397 -0.26618
-3.87251 2.85484 -0.26606
-3.87470 2.85620 -0.26439
-3.87708 2.85731 -0.26350
-3.87945 2.85842 -0.26261
-3.86407 2.85456 -0.26750
-3.86667 2.85543 -0.26738
-3.86926 2.85631 -0.26726
-3.87185 2.85718 -0.26715
-3.87424 2.85830 -0.26625
-3.87663 2.85941 -0.26535
-3.86581 2.85802 -0.26768
-3.86840 2.85889 -0.26757
-3.87099 2.85977 -0.26745
-3.87338 2.86088 -0.26655
-3.87597 2.86175 -0.26643
-3.87013 2.86235 -0.26775
-3.87253 2.86346 -0.26685
-3.87511 2.86433 -0.26673
-3.87572 2.83221 -0.26712
-3.87834 2.83303 -0.26698
-3.88095 2.83385 -0.26685
-3.88379 2.83440 -0.26750
-3.88664 2.83495 -0.26815
-3.88926 2.83577 -0.26802
-3.89189 2.83659 -0.26789
-3.89404 2.83794 -0.26619
-3.86747 2.83183 -0.26938
-3.87009 2.83265 -0.26924
-3.87230 2.83400 -0.26754
-3.87429 2.83561 -0.26507
-3.87689 2.83643 -0.26494
-3.87950 2.83724 -0.26481
-3.88233 2.83780 -0.26545
-3.88494 2.83862 -0.26532
-3.88755 2.83943 -0.26519
-3.88971 2.84076 -0.26350
-3.89208 2.84183 -0.26260
-3.89468 2.84265 -0.26246
-3.89728 2.84346 -0.26233
-3.86345 2.83442 -0.26745
-3.86667 2.83444 -0.26967
-3.86929 2.83526 -0.26954
-3.87129 2.83687 -0.26705
-3.87349 2.83821 -0.26536
-3.87588 2.83929 -0.26445
-3.87849 2.84010 -0.26432
-3.88131 2.84066 -0.26497
-3.88392 2.84148 -0.26483
-3.88675 2.84204 -0.26548
-3.88891 2.84336 -0.26379
-3.89128 2.84443 -0.26289
-3.89389 2.84524 -0.26276
-3.89649 2.84606 -0.26262
-3.89909 2.84687 -0.26249
-3.85965 2.83674 -0.26632
-3.86265 2.83703 -0.26774
-3.86586 2.83706 -0.26997
-3.86849 2.83788 -0.26983
-3.87049 2.83948 -0.26735
-3.87269 2.84081 -0.26566
-3.87488 2.84214 -0.26397
-3.87748 2.84295 -0.26384
-3.88030 2.84351 -0.26448
-3.88334 2.84382 -0.26590
-3.85885 2.83934 -0.26661
-3.86165 2.83989 -0.26726
-3.86446 2.84045 -0.26791
-3.86728 2.84101 -0.26856
-3.86928 2.84260 -0.26608
-3.87189 2.84341 -0.26595
-3.87408 2.84474 -0.26426
-3.87689 2.84530 -0.26491
-3.87972 2.84586 -0.26555
-3.85767 2.84245 -0.26535
-3.86066 2.84275 -0.26677
-3.86327 2.84357 -0.26664
-3.86588 2.84438 -0.26650
-3.86848 2.84520 -0.26637
-3.87089 2.84627 -0.26546
-3.87349 2.84708 -0.26533
-3.87610 2.84789 -0.26520
-3.85688 2.84504 -0.26564
-3.85948 2.84586 -0.26551
-3.86247 2.84617 -0.26693
-3.86508 2.84698 -0.26680
-3.86769 2.84780 -0.26667
-3.87009 2.84886 -0.26575
-3.87269 2.84968 -0.26562
-3.87572 2.85000 -0.26705
-3.85887 2.84820 -0.26658
-3.86167 2.84877 -0.26722
-3.86428 2.84958 -0.26709
-3.86709 2.85015 -0.26774
-3.86970 2.85097 -0.26761
-3.87231 2.85179 -0.26747
-3.87492 2.85260 -0.26734
-3.85827 2.85055 -0.26765
-3.86087 2.85137 -0.26751
-3.86368 2.85194 -0.26816
-3.86629 2.85276 -0.26803
-3.86890 2.85357 -0.26790
-3.87151 2.85439 -0.26777
-3.86268 2.85479 -0.26768
-3.86529 2.85560 -0.26754
-3.86810 2.85618 -0.26819
-3.87071 2.85699 -0.26806
-3.86449 2.85820 -0.26784
-3.86710 2.85902 -0.26770
-3.86971 2.85983 -0.26757
-3.86610 2.86185 -0.26722
-3.86871 2.86266 -0.26708
-3.87753 2.83564 -0.26728
-3.88015 2.83646 -0.26714
-3.88343 2.83649 -0.26937
-3.88674 2.83651 -0.27161
-3.88984 2.83681 -0.27306
-3.89632 2.83714 -0.27680
-3.89898 2.83797 -0.27667
-3.86847 2.83632 -0.26641
-3.87088 2.83740 -0.26549
-3.87349 2.83821 -0.26536
-3.87610 2.83903 -0.26523
-3.87870 2.83985 -0.26510
-3.88197 2.83989 -0.26731
-3.88571 2.83940 -0.27111
-3.88857 2.83997 -0.27177
-3.89167 2.84027 -0.27323
-3.89551 2.83979 -0.27710
-3.86487 2.83837 -0.26605
-3.86727 2.83944 -0.26514
-3.86967 2.84051 -0.26423
-3.87207 2.84158 -0.26333
-3.87446 2.84265 -0.26243
-3.87727 2.84321 -0.26307
-3.88051 2.84326 -0.26526
-3.88401 2.84306 -0.26825
-3.88753 2.84285 -0.27127
-3.89063 2.84316 -0.27273
-3.86146 2.84015 -0.26648
-3.86387 2.84123 -0.26557
-3.86627 2.84229 -0.26466
-3.86847 2.84361 -0.26298
-3.87086 2.84468 -0.26208
-3.87202 2.84722 -0.25661
-3.87563 2.84680 -0.26028
-3.87950 2.84611 -0.26477
-3.88410 2.84466 -0.27170
-3.88673 2.84548 -0.27157
-3.88845 2.84731 -0.26828
-3.86066 2.84275 -0.26677
-3.86307 2.84382 -0.26586
-3.86528 2.84514 -0.26418
-3.86748 2.84645 -0.26250
-3.86906 2.84850 -0.25855
-3.87103 2.85003 -0.25615
-3.87359 2.85083 -0.25602
-3.87742 2.85018 -0.26044
-3.85986 2.84535 -0.26706
-3.86247 2.84617 -0.26693
-3.86488 2.84723 -0.26602
-3.86708 2.84854 -0.26434
-3.86928 2.84985 -0.26266
-3.87024 2.85259 -0.25643
-3.87281 2.85339 -0.25630
-3.87812 2.85106 -0.26614
-3.85906 2.84795 -0.26735
-3.86167 2.84877 -0.26722
-3.86428 2.84958 -0.26709
-3.86669 2.85065 -0.26618
-3.86889 2.85195 -0.26450
-3.87128 2.85300 -0.26359
-3.87388 2.85381 -0.26346
-3.87732 2.85366 -0.26643
-3.88168 2.85253 -0.27259
-3.86348 2.85218 -0.26738
-3.86609 2.85300 -0.26725
-3.86850 2.85406 -0.26634
-3.87069 2.85535 -0.26466
-3.87350 2.85592 -0.26530
-3.87673 2.85602 -0.26750
-3.88087 2.85516 -0.27288
-3.88373 2.85574 -0.27354
-3.86529 2.85560 -0.26754
-3.86790 2.85642 -0.26741
-3.87030 2.85747 -0.26650
-3.87291 2.85828 -0.26637
-3.87615 2.85839 -0.26858
-3.88007 2.85778 -0.27318
-3.86971 2.85983 -0.26757
-3.87232 2.86065 -0.26744
-3.87556 2.86076 -0.26965
-3.87970 2.85994 -0.27507
-3.87152 2.86325 -0.26773
-3.87476 2.86337 -0.26995
-3.87396 2.86598 -0.27024
-3.87295 2.86882 -0.26975
-3.87070 2.83922 -0.26813
-3.87331 2.84004 -0.26800
-3.87572 2.84112 -0.26708
-3.87833 2.84193 -0.26695
-3.88095 2.84275 -0.26682
-3.88468 2.84229 -0.27061
-3.88776 2.84260 -0.27206
-3.89063 2.84316 -0.27273
-3.86466 2.84019 -0.26869
-3.86728 2.84101 -0.26856
-3.86990 2.84183 -0.26842
-3.87231 2.84291 -0.26751
-3.87471 2.84398 -0.26659
-3.87732 2.84479 -0.26646
-3.88015 2.84536 -0.26711
-3.88365 2.84516 -0.27012
-3.88650 2.84573 -0.27077
-3.88936 2.84630 -0.27143
-3.89223 2.84687 -0.27209
-3.86105 2.84224 -0.26833
-3.86366 2.84306 -0.26820
-3.86648 2.84362 -0.26885
-3.86889 2.84469 -0.26793
-3.87130 2.84576 -0.26702
-3.87370 2.84683 -0.26611
-3.87631 2.84765 -0.26598
-3.87913 2.84821 -0.26662
-3.88262 2.84803 -0.26962
-3.88570 2.84836 -0.27107
-3.88856 2.84893 -0.27173
-3.89142 2.84950 -0.27239
-3.86006 2.84510 -0.26784
-3.86267 2.84592 -0.26771
-3.86528 2.84673 -0.26758
-3.86769 2.84780 -0.26667
-3.87029 2.84862 -0.26653
-3.87290 2.84943 -0.26640
-3.87551 2.85025 -0.26627
-3.87812 2.85106 -0.26614
-3.88138 2.85114 -0.26835
-3.88467 2.85122 -0.27057
-3.88775 2.85155 -0.27202
-3.85646 2.84714 -0.26749
-3.85906 2.84795 -0.26735
-3.86167 2.84877 -0.26722
-3.86428 2.84958 -0.26709
-3.86689 2.85040 -0.26696
-3.86950 2.85122 -0.26683
-3.87190 2.85227 -0.26592
-3.87450 2.85309 -0.26578
-3.87711 2.85390 -0.26565
-3.87993 2.85448 -0.26630
-3.88320 2.85457 -0.26851
-3.88717 2.85393 -0.27311
-3.85808 2.85080 -0.26687
-3.86087 2.85137 -0.26751
-3.86348 2.85218 -0.26738
-3.86609 2.85300 -0.26725
-3.86870 2.85382 -0.26712
-3.87110 2.85487 -0.26621
-3.87371 2.85569 -0.26608
-3.87631 2.85650 -0.26594
-3.87891 2.85732 -0.26581
-3.88152 2.85813 -0.26568
-3.88501 2.85800 -0.26867
-3.86268 2.85479 -0.26768
-3.86529 2.85560 -0.26754
-3.86790 2.85642 -0.26741
-3.87051 2.85723 -0.26728
-3.87312 2.85805 -0.26715
-3.87572 2.85886 -0.26701
-3.87812 2.85991 -0.26610
-3.88072 2.86073 -0.26597
-3.88333 2.86154 -0.26584
-3.86710 2.85902 -0.26770
-3.86971 2.85983 -0.26757
-3.87232 2.86065 -0.26744
-3.87493 2.86146 -0.26731
-3.87753 2.86228 -0.26717
-3.87993 2.86332 -0.26626
-3.88253 2.86414 -0.26613
-3.86891 2.86243 -0.26786
-3.87152 2.86325 -0.26773
-3.87413 2.86406 -0.26760
-3.87695 2.86465 -0.26825
-3.87934 2.86569 -0.26734
-3.87072 2.86585 -0.26802
-3.87354 2.86644 -0.26867
-3.87615 2.86725 -0.26854
-3.87876 2.86807 -0.26841
-3.87274 2.86904 -0.26897
-3.87535 2.86986 -0.26883
-3.87818 2.87045 -0.26949
-3.87194 2.87164 -0.26926
-3.87455 2.87246 -0.26913
-3.87738 2.87306 -0.26978
-3.87375 2.87506 -0.26942
-3.87658 2.87566 -0.27007
-3.87295 2.87767 -0.26971
-3.87556 2.87848 -0.26958
-3.86911 2.84128 -0.26899
-3.87173 2.84207 -0.26886
-3.87457 2.84261 -0.26952
-3.87808 2.84239 -0.27254
-3.88094 2.84293 -0.27321
-3.86006 2.84202 -0.26811
-3.86268 2.84281 -0.26798
-3.86530 2.84360 -0.26785
-3.86792 2.84440 -0.26772
-3.87074 2.84494 -0.26837
-3.87379 2.84523 -0.26981
-3.87664 2.84578 -0.27046
-3.88016 2.84557 -0.27350
-3.88280 2.84637 -0.27337
-3.88431 2.84841 -0.26928
-3.88693 2.84921 -0.26915
-3.88817 2.85147 -0.26435
-3.85386 2.84330 -0.26788
-3.85647 2.84409 -0.26775
-3.85909 2.84488 -0.26762
-3.86170 2.84567 -0.26749
-3.86452 2.84622 -0.26814
-3.86714 2.84701 -0.26801
-3.86976 2.84780 -0.26788
-3.87259 2.84835 -0.26853
-3.87564 2.84865 -0.26997
-3.87827 2.84944 -0.26984
-3.88090 2.85024 -0.26970
-3.88285 2.85176 -0.26723
-3.88479 2.85328 -0.26476
-3.88694 2.85455 -0.26309
-3.88659 2.85837 -0.25310
-3.88581 2.86252 -0.24196
-3.88788 2.86372 -0.24040
-3.88906 2.86578 -0.23600
-3.85290 2.84616 -0.26738
-3.85551 2.84695 -0.26725
-3.85812 2.84774 -0.26712
-3.86093 2.84828 -0.26777
-3.86355 2.84907 -0.26764
-3.86616 2.84986 -0.26751
-3.86878 2.85066 -0.26738
-3.87139 2.85145 -0.26725
-3.87422 2.85200 -0.26790
-3.87706 2.85255 -0.26856
-3.87946 2.85358 -0.26764
-3.88141 2.85509 -0.26518
-3.88379 2.85612 -0.26428
-3.88527 2.85808 -0.26031
-3.88561 2.86115 -0.25263
-3.88506 2.86503 -0.24224
-3.88758 2.86579 -0.24211
-3.88965 2.86698 -0.24055
-3.89037 2.86944 -0.23474
-3.85175 2.84925 -0.26612
-3.85435 2.85004 -0.26599
-3.85696 2.85083 -0.26586
-3.85957 2.85162 -0.26573
-3.86217 2.85241 -0.26560
-3.86478 2.85319 -0.26547
-3.86739 2.85398 -0.26534
-3.87062 2.85406 -0.26754
-3.87323 2.85485 -0.26741
-3.87585 2.85564 -0.26728
-3.87846 2.85643 -0.26715
-3.88064 2.85769 -0.26547
-3.88302 2.85872 -0.26456
-3.88361 2.86157 -0.25755
-3.88375 2.86481 -0.24921
-3.88410 2.86775 -0.24180
-3.88662 2.86851 -0.24167
-3.88891 2.86949 -0.24083
-3.88854 2.87296 -0.23151
-3.89057 2.87411 -0.22999
-3.85098 2.85185 -0.26641
-3.85358 2.85264 -0.26628
-3.85619 2.85343 -0.26615
-3.85860 2.85445 -0.26524
-3.86140 2.85500 -0.26589
-3.86401 2.85579 -0.26576
-3.86661 2.85658 -0.26563
-3.86922 2.85737 -0.26550
-3.87246 2.85745 -0.26770
-3.87507 2.85825 -0.26757
-3.87769 2.85904 -0.26744
-3.88225 2.86131 -0.26485
-3.88088 2.86614 -0.25109
-3.88063 2.86971 -0.24148
-3.88228 2.87131 -0.23849
-3.88478 2.87207 -0.23837
-3.88839 2.87178 -0.24182
-3.89028 2.87618 -0.23166
-3.85783 2.85705 -0.26553
-3.86063 2.85760 -0.26618
-3.86323 2.85839 -0.26605
-3.86584 2.85918 -0.26592
-3.86845 2.85997 -0.26579
-3.87147 2.86029 -0.26721
-3.87473 2.86039 -0.26942
-3.87970 2.86912 -0.24990
-3.87904 2.87305 -0.23889
-3.88069 2.87463 -0.23593
-3.88276 2.87579 -0.23440
-3.88632 2.87553 -0.23781
-3.86005 2.85997 -0.26724
-3.86246 2.86099 -0.26633
-3.86507 2.86178 -0.26620
-3.86767 2.86257 -0.26607
-3.87070 2.86290 -0.26750
-3.87395 2.86300 -0.26971
-3.87559 2.87499 -0.23858
-3.87746 2.87636 -0.23633
-3.87954 2.87751 -0.23480
-3.88202 2.87827 -0.23467
-3.86450 2.86415 -0.26727
-3.86690 2.86517 -0.26636
-3.86972 2.86573 -0.26701
-3.87485 2.87748 -0.23886
-3.87735 2.87824 -0.23873
-3.87985 2.87900 -0.23861
-3.88292 2.88228 -0.23202
-3.86372 2.86675 -0.26756
-3.86633 2.86754 -0.26743
-3.86982 2.88100 -0.23291
-3.87071 2.88329 -0.22726
-3.87316 2.88404 -0.22714
-3.87601 2.88440 -0.22839
-3.87277 2.89329 -0.20120
-3.87589 2.89331 -0.20360
-3.87592 2.89607 -0.19598
-3.85671 2.89566 -0.18912
-3.85900 2.89635 -0.18901
-3.86200 2.89638 -0.19131
-3.86466 2.89675 -0.19241
-3.86733 2.89712 -0.19351
-3.86909 2.89831 -0.19157
-3.87177 2.89868 -0.19267
-3.85209 2.89589 -0.19202
-3.85340 2.89758 -0.18829
-3.85569 2.89827 -0.18817
-3.85798 2.89897 -0.18806
-3.86062 2.89934 -0.18914
-3.86380 2.89922 -0.19205
-3.86628 2.89975 -0.19255
-3.86823 2.90078 -0.19122
-3.87053 2.90147 -0.19110
-3.85141 2.89819 -0.19227
-3.85322 2.89938 -0.19034
-3.85501 2.90056 -0.18842
-3.85764 2.90093 -0.18951
-3.86080 2.90082 -0.19242
-3.86329 2.90136 -0.19292
-3.86560 2.90206 -0.19280
-3.86773 2.90291 -0.19208
-3.86305 2.88162 -0.25772
-3.86483 2.88320 -0.25460
-3.86579 2.88555 -0.24856
-3.86423 2.89030 -0.23343
-3.86385 2.89376 -0.22302
-3.86366 2.89695 -0.21360
-3.86794 2.89594 -0.22009
-3.86864 2.89822 -0.21402
-3.86970 2.90013 -0.20935
-3.86795 2.90442 -0.19539
-3.86642 2.88672 -0.25401
-3.86757 2.88884 -0.24871
-3.86616 2.89333 -0.23427
-3.86556 2.89692 -0.22316
-3.86741 2.89818 -0.22103
-3.87271 2.90206 -0.21405
-3.86542 2.89579 -0.23455
-3.87200 2.90444 -0.21431
-3.86268 2.84281 -0.26798
-3.86530 2.84360 -0.26785
-3.86833 2.84389 -0.26928
-3.87096 2.84469 -0.26915
-3.87294 2.84623 -0.26668
-3.87556 2.84702 -0.26655
-3.87817 2.84781 -0.26642
-3.85628 2.84434 -0.26697
-3.85889 2.84513 -0.26684
-3.86151 2.84592 -0.26671
-3.86412 2.84671 -0.26658
-3.86673 2.84750 -0.26645
-3.86934 2.84829 -0.26632
-3.87154 2.84957 -0.26464
-3.87393 2.85061 -0.26374
-3.87653 2.85139 -0.26361
-3.88001 2.85121 -0.26658
-3.88241 2.85225 -0.26567
-3.88457 2.85352 -0.26399
-3.88717 2.85431 -0.26386
-3.85252 2.84665 -0.26583
-3.85513 2.84744 -0.26570
-3.85773 2.84823 -0.26557
-3.86034 2.84902 -0.26544
-3.86295 2.84981 -0.26531
-3.86555 2.85060 -0.26518
-3.86816 2.85138 -0.26505
-3.87035 2.85265 -0.26338
-3.87295 2.85344 -0.26325
-3.87427 2.85565 -0.25854
-3.87643 2.85689 -0.25690
-3.87879 2.85790 -0.25601
-3.88158 2.85845 -0.25664
-3.88640 2.85691 -0.26415
-3.85398 2.85052 -0.26444
-3.85658 2.85131 -0.26431
-3.85937 2.85186 -0.26496
-3.86217 2.85241 -0.26560
-3.86478 2.85319 -0.26547
-3.86739 2.85398 -0.26534
-3.86958 2.85525 -0.26367
-3.87155 2.85674 -0.26124
-3.87351 2.85822 -0.25882
-3.87566 2.85946 -0.25718
-3.87781 2.86070 -0.25554
-3.88060 2.86125 -0.25617
-3.85321 2.85312 -0.26473
-3.85581 2.85390 -0.26460
-3.85860 2.85445 -0.26524
-3.86120 2.85524 -0.26511
-3.86401 2.85579 -0.26576
-3.86661 2.85658 -0.26563
-3.86901 2.85760 -0.26473
-3.87099 2.85909 -0.26229
-3.87337 2.86010 -0.26139
-3.87596 2.86089 -0.26126
-3.87726 2.86303 -0.25658
-3.87983 2.86381 -0.25645
-3.85504 2.85650 -0.26489
-3.85783 2.85705 -0.26553
-3.86063 2.85760 -0.26618
-3.86343 2.85816 -0.26682
-3.86604 2.85895 -0.26669
-3.86845 2.85997 -0.26579
-3.87084 2.86099 -0.26488
-3.87302 2.86223 -0.26321
-3.87562 2.86302 -0.26308
-3.87779 2.86426 -0.26142
-3.88038 2.86504 -0.26129
-3.88170 2.87680 -0.23091
-3.88332 2.87834 -0.22802
-3.88493 2.87987 -0.22515
-3.85725 2.85941 -0.26659
-3.86005 2.85997 -0.26724
-3.86286 2.86053 -0.26789
-3.86547 2.86132 -0.26776
-3.86788 2.86234 -0.26685
-3.87028 2.86336 -0.26594
-3.87289 2.86414 -0.26582
-3.87485 2.86561 -0.26337
-3.87745 2.86639 -0.26324
-3.88005 2.86718 -0.26311
-3.87870 2.87831 -0.23200
-3.88055 2.87965 -0.22979
-3.88259 2.88079 -0.22829
-3.88274 2.88365 -0.22069
-3.88516 2.88438 -0.22057
-3.85928 2.86257 -0.26753
-3.86209 2.86313 -0.26818
-3.86470 2.86392 -0.26805
-3.86711 2.86494 -0.26714
-3.86951 2.86595 -0.26623
-3.87211 2.86674 -0.26610
-3.87451 2.86775 -0.26520
-3.87668 2.86898 -0.26353
-3.87928 2.86977 -0.26340
-3.87797 2.88078 -0.23227
-3.88024 2.88172 -0.23145
-3.88186 2.88324 -0.22856
-3.88390 2.88437 -0.22706
-3.88403 2.88717 -0.21949
-3.86112 2.86596 -0.26768
-3.86372 2.86675 -0.26756
-3.86633 2.86754 -0.26743
-3.86874 2.86855 -0.26652
-3.87113 2.86956 -0.26562
-3.87352 2.87057 -0.26471
-3.87591 2.87157 -0.26381
-3.87829 2.87257 -0.26292
-3.87871 2.87548 -0.25520
-3.87578 2.88152 -0.23617
-3.87724 2.88325 -0.23254
-3.87971 2.88399 -0.23242
-3.86255 2.86979 -0.26629
-3.86516 2.87058 -0.26616
-3.86776 2.87137 -0.26603
-3.87015 2.87237 -0.26513
-3.87233 2.87359 -0.26346
-3.87387 2.87544 -0.25951
-3.87497 2.87767 -0.25412
-3.87460 2.88128 -0.24371
-3.87423 2.88477 -0.23364
-3.87610 2.88609 -0.23142
-3.87815 2.88721 -0.22991
-3.87917 2.88926 -0.22499
-3.88078 2.89073 -0.22216
-3.88177 2.89272 -0.21736
-3.86178 2.87239 -0.26658
-3.86439 2.87318 -0.26645
-3.86678 2.87418 -0.26555
-3.86918 2.87518 -0.26464
-3.87053 2.87723 -0.25993
-3.87248 2.87863 -0.25753
-3.87215 2.88223 -0.24702
-3.87385 2.88379 -0.24399
-3.87350 2.88724 -0.23391
-3.87537 2.88855 -0.23169
-3.87620 2.89077 -0.22606
-3.87824 2.89188 -0.22458
-3.87986 2.89333 -0.22176
-3.88126 2.89495 -0.21829
-3.86341 2.87598 -0.26596
-3.86581 2.87698 -0.26506
-3.86698 2.87922 -0.25958
-3.86895 2.88062 -0.25719
-3.87090 2.88200 -0.25481
-3.87140 2.88475 -0.24730
-3.87311 2.88630 -0.24427
-3.87297 2.88952 -0.23488
-3.87464 2.89101 -0.23197
-3.87649 2.89231 -0.22977
-3.87772 2.89413 -0.22553
-3.87934 2.89558 -0.22270
-3.88136 2.89666 -0.22123
-3.86146 2.87982 -0.26164
-3.86345 2.88121 -0.25923
-3.86562 2.88240 -0.25760
-3.86758 2.88377 -0.25522
-3.86973 2.88494 -0.25360
-3.87085 2.88708 -0.24831
-3.87256 2.88861 -0.24527
-3.87284 2.89144 -0.23727
-3.87471 2.89274 -0.23503
-3.87637 2.89422 -0.23212
-3.87822 2.89550 -0.22992
-3.87944 2.89730 -0.22568
-3.88167 2.89822 -0.22488
-3.86190 2.88458 -0.25650
-3.86427 2.88555 -0.25563
-3.86642 2.88672 -0.25401
-3.86877 2.88768 -0.25314
-3.87010 2.88960 -0.24859
-3.87222 2.89075 -0.24700
-3.87434 2.89189 -0.24542
-3.87459 2.89467 -0.23742
-3.87687 2.89560 -0.23659
-3.87894 2.89671 -0.23506
-3.88078 2.89799 -0.23284
-3.86292 2.88868 -0.25367
-3.86547 2.88945 -0.25354
-3.86702 2.89117 -0.24972
-3.86935 2.89213 -0.24886
-3.87168 2.89308 -0.24801
-3.87884 2.89574 -0.24617
-3.85686 2.84359 -0.26931
-3.86027 2.84337 -0.27233
-3.86351 2.84340 -0.27458
-3.86657 2.84369 -0.27604
-3.86922 2.84449 -0.27591
-3.87230 2.84479 -0.27738
-3.87474 2.84585 -0.27645
-3.87717 2.84690 -0.27552
-3.87982 2.84770 -0.27539
-3.88247 2.84850 -0.27525
-3.85290 2.84616 -0.26738
-3.85570 2.84670 -0.26803
-3.85851 2.84724 -0.26868
-3.86212 2.84679 -0.27249
-3.86537 2.84684 -0.27474
-3.86843 2.84714 -0.27620
-3.87108 2.84794 -0.27607
-3.87373 2.84874 -0.27594
-3.87595 2.85004 -0.27421
-3.87859 2.85084 -0.27408
-3.88124 2.85164 -0.27395
-3.88434 2.85195 -0.27541
-3.88699 2.85275 -0.27528
-3.85156 2.84949 -0.26534
-3.85417 2.85028 -0.26521
-3.85696 2.85083 -0.26586
-3.85976 2.85137 -0.26651
-3.86257 2.85192 -0.26715
-3.86539 2.85247 -0.26780
-3.86800 2.85326 -0.26767
-3.87062 2.85406 -0.26754
-3.87302 2.85509 -0.26663
-3.87520 2.85635 -0.26495
-3.87781 2.85714 -0.26482
-3.88020 2.85816 -0.26392
-3.88280 2.85895 -0.26379
-3.88473 2.86043 -0.26136
-3.89150 2.85700 -0.27531
-3.85228 2.85431 -0.26089
-3.85467 2.85532 -0.26000
-3.85725 2.85611 -0.25988
-3.86003 2.85665 -0.26051
-3.86261 2.85744 -0.26038
-3.86540 2.85799 -0.26101
-3.86819 2.85854 -0.26165
-3.87078 2.85932 -0.26152
-3.87316 2.86033 -0.26063
-3.87554 2.86135 -0.25974
-3.87769 2.86258 -0.25809
-3.87962 2.86404 -0.25570
-3.88131 2.86570 -0.25258
-3.88387 2.86647 -0.25245
-3.88643 2.86725 -0.25233
-3.85372 2.85813 -0.25953
-3.85649 2.85868 -0.26016
-3.85926 2.85923 -0.26079
-3.86185 2.86001 -0.26067
-3.86463 2.86057 -0.26130
-3.86742 2.86112 -0.26194
-3.87001 2.86190 -0.26181
-3.87240 2.86291 -0.26091
-3.87477 2.86392 -0.26002
-3.87650 2.86560 -0.25686
-3.87864 2.86682 -0.25523
-3.88056 2.86825 -0.25286
-3.88159 2.87053 -0.24756
-3.88391 2.87151 -0.24671
-3.85572 2.86125 -0.26045
-3.85966 2.86043 -0.26569
-3.86306 2.86030 -0.26867
-3.86670 2.85992 -0.27247
-3.86933 2.86072 -0.27233
-3.87091 2.86267 -0.26828
-3.87310 2.86392 -0.26659
-3.87528 2.86516 -0.26491
-3.87723 2.86662 -0.26247
-3.87810 2.86916 -0.25627
-3.88023 2.87037 -0.25464
-3.88192 2.87200 -0.25153
-3.85967 2.86211 -0.26909
-3.86329 2.86175 -0.27289
-3.86695 2.86139 -0.27673
-3.86960 2.86219 -0.27660
-3.87118 2.86414 -0.27249
-3.87296 2.86584 -0.26922
-3.87536 2.86686 -0.26831
-3.87798 2.86765 -0.26818
-3.87906 2.86999 -0.26263
-3.88056 2.87185 -0.25869
-3.88313 2.87263 -0.25856
-3.85909 2.86449 -0.27016
-3.86271 2.86415 -0.27397
-3.86617 2.86403 -0.27702
-3.86881 2.86483 -0.27689
-3.87061 2.86654 -0.27358
-3.87282 2.86778 -0.27186
-3.87502 2.86903 -0.27016
-3.87742 2.87004 -0.26925
-3.87916 2.87171 -0.26600
-3.88155 2.87271 -0.26510
-3.86193 2.86677 -0.27426
-3.86538 2.86667 -0.27732
-3.86803 2.86747 -0.27719
-3.86983 2.86916 -0.27387
-3.87204 2.87040 -0.27215
-3.87424 2.87164 -0.27045
-3.87665 2.87265 -0.26954
-3.87839 2.87431 -0.26629
-3.87903 2.87700 -0.25926
-3.88161 2.87778 -0.25913
-3.89112 2.89039 -0.23138
-3.86075 2.86984 -0.27297
-3.86378 2.87020 -0.27442
-3.86642 2.87099 -0.27429
-3.86843 2.87245 -0.27179
-3.87042 2.87389 -0.26930
-3.87283 2.87490 -0.26839
-3.87501 2.87612 -0.26671
-3.87675 2.87775 -0.26349
-3.87741 2.88039 -0.25652
-3.87890 2.88217 -0.25266
-3.87994 2.88433 -0.24737
-3.88118 2.88627 -0.24289
-3.88241 2.88817 -0.23847
-3.88566 2.89117 -0.23260
-3.88836 2.89173 -0.23317
-3.86240 2.87348 -0.27234
-3.86502 2.87427 -0.27221
-3.86703 2.87571 -0.26972
-3.86903 2.87714 -0.26725
-3.87163 2.87792 -0.26712
-3.87360 2.87934 -0.26467
-3.87577 2.88054 -0.26301
-3.87643 2.88315 -0.25605
-3.87645 2.88628 -0.24705
-3.87814 2.88782 -0.24402
-3.87959 2.88953 -0.24030
-3.88210 2.89028 -0.24017
-3.88416 2.89141 -0.23863
-3.88558 2.89309 -0.23497
-3.88762 2.89420 -0.23344
-3.86063 2.87716 -0.26871
-3.86324 2.87795 -0.26858
-3.86545 2.87915 -0.26689
-3.86764 2.88036 -0.26522
-3.87024 2.88114 -0.26509
-3.87241 2.88234 -0.26342
-3.87332 2.88473 -0.25721
-3.87504 2.88629 -0.25409
-3.87529 2.88919 -0.24587
-3.87718 2.89052 -0.24357
-3.87970 2.89128 -0.24345
-3.88178 2.89241 -0.24188
-3.88429 2.89317 -0.24176
-3.88636 2.89429 -0.24020
-3.86109 2.88199 -0.26345
-3.86367 2.88277 -0.26333
-3.86586 2.88396 -0.26167
-3.86783 2.88534 -0.25926
-3.86999 2.88651 -0.25762
-3.87194 2.88787 -0.25524
-3.87408 2.88903 -0.25363
-3.87475 2.89151 -0.24687
-3.87685 2.89265 -0.24529
-3.87895 2.89378 -0.24372
-3.88146 2.89454 -0.24360
-3.88419 2.89512 -0.24420
-3.86232 2.88595 -0.26132
-3.86450 2.88712 -0.25967
-3.86667 2.88829 -0.25803
-3.86923 2.88907 -0.25791
-3.87139 2.89023 -0.25628
-3.87332 2.89158 -0.25391
-3.87421 2.89384 -0.24788
-3.87652 2.89479 -0.24703
-3.87884 2.89574 -0.24617
-3.88136 2.89650 -0.24605
-3.84981 2.83485 -0.27272
-3.85265 2.83538 -0.27341
-3.85530 2.83616 -0.27330
-3.85795 2.83695 -0.27320
-3.86061 2.83774 -0.27309
-3.86305 2.83878 -0.27219
-3.86550 2.83983 -0.27129
-3.86835 2.84036 -0.27198
-3.87122 2.84089 -0.27267
-3.84474 2.83903 -0.26604
-3.84773 2.83929 -0.26750
-3.85149 2.83853 -0.27213
-3.85433 2.83906 -0.27282
-3.85698 2.83985 -0.27271
-3.85943 2.84089 -0.27181
-3.86167 2.84218 -0.27013
-3.86411 2.84322 -0.26923
-3.86695 2.84375 -0.26992
-3.86959 2.84453 -0.26981
-3.87310 2.84431 -0.27288
-3.87619 2.84460 -0.27437
-3.84380 2.84189 -0.26557
-3.84660 2.84241 -0.26625
-3.84960 2.84269 -0.26771
-3.85222 2.84347 -0.26760
-3.85504 2.84400 -0.26828
-3.85767 2.84478 -0.26818
-3.86030 2.84556 -0.26807
-3.86273 2.84659 -0.26719
-3.86556 2.84712 -0.26787
-3.86819 2.84790 -0.26776
-3.87125 2.84819 -0.26923
-3.87454 2.84824 -0.27150
-3.87763 2.84853 -0.27298
-3.84548 2.84552 -0.26500
-3.84846 2.84580 -0.26646
-3.85108 2.84658 -0.26635
-3.85370 2.84736 -0.26625
-3.85632 2.84813 -0.26614
-3.85894 2.84891 -0.26604
-3.86157 2.84969 -0.26593
-3.86419 2.85047 -0.26583
-3.86681 2.85124 -0.26573
-3.86964 2.85178 -0.26640
-3.87248 2.85232 -0.26708
-3.87554 2.85262 -0.26854
-3.87862 2.85292 -0.27001
-3.88171 2.85323 -0.27149
-3.88482 2.85353 -0.27298
-3.84436 2.84861 -0.26376
-3.84697 2.84938 -0.26366
-3.84976 2.84991 -0.26433
-3.85256 2.85045 -0.26500
-3.85537 2.85098 -0.26567
-3.85799 2.85176 -0.26557
-3.86060 2.85254 -0.26547
-3.86282 2.85379 -0.26381
-3.86543 2.85456 -0.26371
-3.86825 2.85510 -0.26438
-3.87107 2.85564 -0.26505
-3.87391 2.85619 -0.26572
-3.87741 2.85603 -0.26875
-3.88071 2.85610 -0.27101
-3.84513 2.85340 -0.25936
-3.84772 2.85417 -0.25926
-3.85031 2.85494 -0.25915
-3.85346 2.85500 -0.26135
-3.85606 2.85578 -0.26124
-3.85866 2.85655 -0.26114
-3.86126 2.85732 -0.26104
-3.86366 2.85832 -0.26017
-3.86605 2.85932 -0.25930
-3.86843 2.86032 -0.25843
-3.87019 2.86198 -0.25530
-3.87577 2.85957 -0.26593
-3.84678 2.85698 -0.25880
-3.84955 2.85751 -0.25946
-3.85214 2.85828 -0.25936
-3.85531 2.85836 -0.26155
-3.85790 2.85913 -0.26145
-3.86031 2.86013 -0.26058
-3.86250 2.86136 -0.25895
-3.86489 2.86235 -0.25808
-3.86686 2.86378 -0.25571
-3.86903 2.86499 -0.25410
-3.87097 2.86641 -0.25176
-3.87438 2.86630 -0.25465
-3.84603 2.85955 -0.25911
-3.84880 2.86009 -0.25977
-3.85139 2.86086 -0.25966
-3.85417 2.86140 -0.26032
-3.85696 2.86195 -0.26099
-3.85935 2.86294 -0.26012
-3.86175 2.86393 -0.25925
-3.86394 2.86515 -0.25763
-3.86571 2.86679 -0.25451
-3.86706 2.86884 -0.24993
-3.86941 2.86981 -0.24909
-3.87113 2.87141 -0.24605
-3.87284 2.87300 -0.24304
-3.84805 2.86267 -0.26007
-3.85082 2.86321 -0.26073
-3.85342 2.86398 -0.26063
-3.85601 2.86475 -0.26053
-3.85841 2.86574 -0.25966
-3.86080 2.86673 -0.25880
-3.86279 2.86815 -0.25642
-3.86496 2.86935 -0.25481
-3.86632 2.87138 -0.25023
-3.86806 2.87298 -0.24718
-3.86938 2.87497 -0.24271
-3.87169 2.87592 -0.24189
-3.87401 2.87687 -0.24107
-3.84988 2.86602 -0.26028
-3.85266 2.86657 -0.26094
-3.85506 2.86755 -0.26007
-3.85746 2.86854 -0.25921
-3.85985 2.86952 -0.25834
-3.86204 2.87072 -0.25673
-3.86421 2.87191 -0.25512
-3.86598 2.87351 -0.25202
-3.86772 2.87510 -0.24895
-3.86864 2.87748 -0.24301
-3.87076 2.87863 -0.24146
-3.87266 2.87997 -0.23921
-3.87517 2.88071 -0.23911
-3.84895 2.86881 -0.25982
-3.85135 2.86979 -0.25896
-3.85393 2.87056 -0.25885
-3.85652 2.87133 -0.25875
-3.85890 2.87231 -0.25789
-3.86129 2.87328 -0.25703
-3.86347 2.87447 -0.25542
-3.86563 2.87564 -0.25382
-3.86759 2.87702 -0.25148
-3.86811 2.87979 -0.24403
-3.87003 2.88113 -0.24176
-3.87152 2.88285 -0.23808
-3.87402 2.88360 -0.23798
-3.87800 2.88299 -0.24291
-3.88404 2.88057 -0.25460
-3.85041 2.87258 -0.25850
-3.85299 2.87334 -0.25840
-3.85557 2.87411 -0.25830
-3.85815 2.87488 -0.25819
-3.86054 2.87585 -0.25733
-3.86272 2.87703 -0.25572
-3.86489 2.87820 -0.25412
-3.86684 2.87957 -0.25178
-3.86737 2.88231 -0.24433
-3.86929 2.88364 -0.24206
-3.87019 2.88592 -0.23624
-3.87268 2.88666 -0.23614
-3.88072 2.88237 -0.25501
-3.84948 2.87536 -0.25805
-3.85206 2.87612 -0.25795
-3.85482 2.87668 -0.25860
-3.85721 2.87765 -0.25774
-3.85979 2.87842 -0.25764
-3.86197 2.87959 -0.25603
-3.86414 2.88075 -0.25442
-3.86610 2.88211 -0.25208
-3.86684 2.88463 -0.24536
-3.86856 2.88615 -0.24236
-3.87088 2.88708 -0.24154
-3.87339 2.88783 -0.24144
-3.84855 2.87813 -0.25760
-3.85112 2.87889 -0.25749
-3.85388 2.87945 -0.25815
-3.85646 2.88022 -0.25805
-3.85904 2.88098 -0.25794
-3.86122 2.88215 -0.25633
-3.86359 2.88311 -0.25548
-3.86576 2.88426 -0.25388
-3.85019 2.88165 -0.25704
-3.85295 2.88222 -0.25770
-3.85571 2.88278 -0.25835
-3.85829 2.88355 -0.25825
-3.84997 2.84218 -0.26928
-3.85356 2.84170 -0.27313
-3.85641 2.84223 -0.27383
-3.85926 2.84277 -0.27452
-3.86192 2.84355 -0.27441
-3.86458 2.84434 -0.27431
-3.86723 2.84513 -0.27420
-3.84883 2.84530 -0.26802
-3.85165 2.84584 -0.26870
-3.85525 2.84537 -0.27254
-3.85829 2.84566 -0.27403
-3.86094 2.84645 -0.27393
-3.86339 2.84748 -0.27302
-3.86646 2.84777 -0.27452
-3.86933 2.84832 -0.27521
-3.87242 2.84861 -0.27671
-3.84697 2.84938 -0.26366
-3.84976 2.84991 -0.26433
-3.85332 2.84948 -0.26812
-3.85732 2.84855 -0.27355
-3.85997 2.84933 -0.27344
-3.86242 2.85036 -0.27254
-3.86527 2.85091 -0.27323
-3.86855 2.85096 -0.27553
-3.87143 2.85151 -0.27622
-3.87453 2.85181 -0.27773
-3.87742 2.85236 -0.27843
-3.84477 2.85387 -0.25784
-3.84754 2.85440 -0.25850
-3.85031 2.85494 -0.25915
-3.85461 2.85359 -0.26598
-3.85722 2.85437 -0.26588
-3.85905 2.85608 -0.26268
-3.86166 2.85685 -0.26257
-3.86694 2.85457 -0.27264
-3.87044 2.85440 -0.27573
-3.87354 2.85471 -0.27724
-3.87665 2.85502 -0.27875
-3.87955 2.85557 -0.27945
-3.84367 2.85690 -0.25663
-3.84624 2.85767 -0.25653
-3.84882 2.85843 -0.25643
-3.85158 2.85897 -0.25708
-3.85435 2.85951 -0.25773
-3.85694 2.86027 -0.25763
-3.85952 2.86104 -0.25753
-3.86151 2.86248 -0.25516
-3.86408 2.86324 -0.25506
-3.86686 2.86378 -0.25571
-3.87521 2.85839 -0.27664
-3.87832 2.85871 -0.27815
-3.84549 2.86023 -0.25683
-3.84807 2.86100 -0.25673
-3.85083 2.86154 -0.25738
-3.85360 2.86208 -0.25804
-3.85619 2.86285 -0.25794
-3.85877 2.86361 -0.25783
-3.86076 2.86504 -0.25546
-3.86334 2.86581 -0.25536
-3.86591 2.86657 -0.25526
-3.86807 2.86777 -0.25366
-3.87023 2.86896 -0.25206
-3.87279 2.86972 -0.25196
-3.96039 2.81241 -0.47626
-3.89030 2.87845 -0.24161
-3.84528 2.86213 -0.25941
-3.84787 2.86289 -0.25931
-3.85082 2.86321 -0.26073
-3.85417 2.86309 -0.26370
-3.85678 2.86386 -0.26360
-3.85899 2.86508 -0.26196
-3.86159 2.86585 -0.26185
-3.86338 2.86750 -0.25869
-3.86516 2.86913 -0.25556
-3.86733 2.87032 -0.25396
-3.86948 2.87151 -0.25236
-3.87205 2.87227 -0.25226
-3.87461 2.87303 -0.25216
-3.88697 2.87724 -0.25016
-3.88952 2.87800 -0.25006
-3.88957 2.88096 -0.24191
-3.89209 2.88171 -0.24181
-3.84802 2.86436 -0.26345
-3.85100 2.86469 -0.26489
-3.85380 2.86524 -0.26556
-3.85641 2.86601 -0.26546
-3.85902 2.86679 -0.26535
-3.86163 2.86756 -0.26525
-3.86364 2.86899 -0.26283
-3.86603 2.86998 -0.26195
-3.86863 2.87075 -0.26185
-3.86956 2.87322 -0.25566
-3.87151 2.87461 -0.25331
-3.87386 2.87558 -0.25246
-3.87664 2.87614 -0.25311
-3.88434 2.87842 -0.25280
-3.88622 2.87979 -0.25046
-3.88878 2.88055 -0.25036
-3.89134 2.88130 -0.25026
-3.89366 2.88226 -0.24942
-3.84763 2.86651 -0.26530
-3.85043 2.86706 -0.26597
-3.85323 2.86762 -0.26665
-3.85584 2.86839 -0.26654
-3.85846 2.86917 -0.26644
-3.86107 2.86994 -0.26633
-3.86348 2.87094 -0.26545
-3.86548 2.87236 -0.26303
-3.86788 2.87334 -0.26216
-3.87047 2.87411 -0.26206
-3.87139 2.87655 -0.25587
-3.87333 2.87793 -0.25351
-3.87589 2.87869 -0.25341
-3.87846 2.87945 -0.25331
-3.88146 2.87981 -0.25470
-3.88404 2.88057 -0.25460
-3.88661 2.88134 -0.25450
-3.88964 2.88170 -0.25590
-3.89175 2.88286 -0.25430
-3.89409 2.88382 -0.25344
-3.84967 2.86966 -0.26628
-3.85247 2.87022 -0.26696
-3.85508 2.87100 -0.26685
-3.85770 2.87177 -0.26675
-3.86011 2.87276 -0.26587
-3.86252 2.87375 -0.26499
-3.86472 2.87495 -0.26334
-3.86712 2.87593 -0.26247
-3.86951 2.87691 -0.26159
-3.87064 2.87911 -0.25617
-3.87279 2.88028 -0.25456
-3.87515 2.88124 -0.25371
-3.87793 2.88181 -0.25436
-3.88094 2.88217 -0.25576
-3.88373 2.88273 -0.25641
-3.88791 2.88210 -0.26164
-3.89098 2.88247 -0.26308
-3.89170 2.88483 -0.25686
-3.89357 2.88618 -0.25450
-3.84854 2.87269 -0.26504
-3.85133 2.87325 -0.26571
-3.85394 2.87402 -0.26561
-3.85655 2.87480 -0.26550
-3.85916 2.87557 -0.26540
-3.86156 2.87656 -0.26452
-3.86397 2.87754 -0.26365
-3.86636 2.87851 -0.26277
-3.86793 2.88031 -0.25885
-3.86968 2.88188 -0.25572
-3.87205 2.88284 -0.25487
-3.87461 2.88360 -0.25477
-3.87783 2.88377 -0.25692
-3.88041 2.88454 -0.25682
-3.88298 2.88530 -0.25672
-3.88716 2.88469 -0.26195
-3.89069 2.88466 -0.26493
-3.89235 2.88623 -0.26174
-3.84482 2.87493 -0.26391
-3.84760 2.87549 -0.26457
-3.85039 2.87606 -0.26524
-3.85318 2.87662 -0.26591
-3.85579 2.87739 -0.26581
-3.85840 2.87817 -0.26571
-3.86101 2.87894 -0.26560
-3.86321 2.88013 -0.26395
-3.86541 2.88130 -0.26231
-3.86759 2.88248 -0.26068
-3.86914 2.88424 -0.25678
-3.87151 2.88520 -0.25592
-3.87838 2.88516 -0.26180
-3.87988 2.88691 -0.25788
-3.86980 2.89870 -0.21467
-3.87280 2.89891 -0.21656
-3.88946 2.88765 -0.26369
-3.84353 2.87814 -0.26191
-3.84630 2.87870 -0.26257
-3.84944 2.87886 -0.26478
-3.85223 2.87942 -0.26545
-3.85503 2.87999 -0.26612
-3.85764 2.88077 -0.26602
-3.86025 2.88154 -0.26591
-3.86266 2.88252 -0.26503
-3.86465 2.88389 -0.26262
-3.86643 2.88545 -0.25946
-3.86901 2.88622 -0.25936
-3.84814 2.88205 -0.26278
-3.85148 2.88202 -0.26576
-3.85427 2.88259 -0.26643
-3.85688 2.88336 -0.26632
-3.85949 2.88414 -0.26622
-3.86170 2.88531 -0.26457
-3.86349 2.88687 -0.26139
-3.84958 2.84431 -0.27117
-3.85222 2.84509 -0.27106
-3.85544 2.84512 -0.27334
-3.85869 2.84516 -0.27563
-3.86155 2.84570 -0.27633
-3.84472 2.84812 -0.26531
-3.84752 2.84865 -0.26599
-3.85032 2.84919 -0.26666
-3.85448 2.84801 -0.27286
-3.85752 2.84830 -0.27435
-3.86058 2.84859 -0.27584
-3.86344 2.84914 -0.27654
-3.86610 2.84993 -0.27644
-3.84342 2.85144 -0.26330
-3.84585 2.85245 -0.26242
-3.84937 2.85204 -0.26619
-3.85218 2.85257 -0.26687
-3.85675 2.85094 -0.27466
-3.85940 2.85173 -0.27455
-3.86205 2.85252 -0.27445
-3.86491 2.85306 -0.27514
-3.86778 2.85361 -0.27584
-3.87066 2.85416 -0.27654
-3.87375 2.85447 -0.27805
-3.84509 2.85504 -0.26273
-3.84806 2.85535 -0.26417
-3.85142 2.85518 -0.26718
-3.85500 2.85478 -0.27100
-3.85863 2.85437 -0.27487
-3.86128 2.85516 -0.27476
-3.86394 2.85594 -0.27466
-3.86659 2.85673 -0.27455
-3.86967 2.85705 -0.27605
-3.87254 2.85760 -0.27675
-3.87565 2.85792 -0.27825
-3.84451 2.85740 -0.26381
-3.84730 2.85794 -0.26448
-3.85047 2.85802 -0.26671
-3.85328 2.85857 -0.26738
-3.85687 2.85819 -0.27121
-3.85931 2.85920 -0.27031
-3.86214 2.85975 -0.27100
-3.86561 2.85961 -0.27407
-3.86847 2.86016 -0.27476
-3.87155 2.86048 -0.27626
-3.87443 2.86104 -0.27696
-3.87709 2.86183 -0.27685
-3.88021 2.86216 -0.27836
-3.84654 2.86054 -0.26479
-3.84952 2.86086 -0.26624
-3.85232 2.86141 -0.26691
-3.85513 2.86196 -0.26759
-3.85756 2.86296 -0.26670
-3.86018 2.86374 -0.26660
-3.86300 2.86429 -0.26727
-3.86562 2.86507 -0.26717
-3.86992 2.86404 -0.27337
-3.87300 2.86438 -0.27486
-3.87566 2.86516 -0.27476
-3.87898 2.86527 -0.27706
-3.89044 2.87718 -0.25304
-3.84615 2.86269 -0.26665
-3.84894 2.86324 -0.26732
-3.85175 2.86379 -0.26800
-3.85437 2.86457 -0.26790
-3.85680 2.86557 -0.26701
-3.85922 2.86657 -0.26613
-3.86183 2.86734 -0.26603
-3.86404 2.86856 -0.26437
-3.86644 2.86955 -0.26349
-3.86822 2.87118 -0.26032
-3.86977 2.87301 -0.25642
-3.87130 2.87482 -0.25256
-3.87302 2.87640 -0.24949
-3.87494 2.87777 -0.24718
-3.87748 2.87852 -0.24708
-3.88546 2.87740 -0.25656
-3.88781 2.87837 -0.25570
-3.89039 2.87913 -0.25560
-3.89297 2.87990 -0.25550
-3.89578 2.88046 -0.25615
-3.84837 2.86562 -0.26842
-3.85099 2.86640 -0.26831
-3.85361 2.86717 -0.26821
-3.85604 2.86817 -0.26732
-3.85846 2.86917 -0.26644
-3.86067 2.87038 -0.26478
-3.86308 2.87137 -0.26391
-3.86487 2.87299 -0.26073
-3.86604 2.87523 -0.25532
-3.86799 2.87661 -0.25297
-3.86973 2.87819 -0.24989
-3.87166 2.87955 -0.24758
-3.87379 2.88070 -0.24602
-3.87611 2.88165 -0.24518
-3.87907 2.88201 -0.24655
-3.88471 2.87997 -0.25686
-3.88729 2.88073 -0.25676
-3.88987 2.88150 -0.25666
-3.89292 2.88186 -0.25807
-3.89551 2.88263 -0.25797
-3.89785 2.88360 -0.25711
-3.84761 2.86823 -0.26872
-3.85023 2.86901 -0.26862
-3.85285 2.86978 -0.26852
-3.85528 2.87078 -0.26763
-3.85770 2.87177 -0.26675
-3.85972 2.87319 -0.26432
-3.86172 2.87460 -0.26190
-3.86311 2.87661 -0.25723
-3.86529 2.87779 -0.25562
-3.86725 2.87916 -0.25327
-3.86899 2.88073 -0.25019
-3.87092 2.88208 -0.24788
-3.87243 2.88381 -0.24413
-3.87495 2.88456 -0.24403
-3.87855 2.88434 -0.24758
-3.89879 2.88479 -0.26276
-3.84404 2.87028 -0.26836
-3.84666 2.87105 -0.26825
-3.84946 2.87162 -0.26893
-3.85190 2.87261 -0.26804
-3.85432 2.87360 -0.26716
-3.85674 2.87459 -0.26628
-3.85896 2.87578 -0.26463
-3.86097 2.87718 -0.26221
-3.86217 2.87938 -0.25678
-3.86434 2.88055 -0.25517
-3.86610 2.88211 -0.25208
-3.86784 2.88366 -0.24902
-3.86917 2.88557 -0.24453
-3.87149 2.88651 -0.24370
-3.87380 2.88745 -0.24288
-3.87653 2.88801 -0.24350
-3.84293 2.87331 -0.26711
-3.84554 2.87409 -0.26700
-3.84833 2.87465 -0.26768
-3.85095 2.87543 -0.26757
-3.85337 2.87641 -0.26669
-3.85560 2.87760 -0.26504
-3.85781 2.87879 -0.26339
-3.85982 2.88017 -0.26099
-3.86142 2.88195 -0.25709
-3.86359 2.88311 -0.25548
-3.86536 2.88466 -0.25238
-3.86710 2.88619 -0.24932
-3.86843 2.88809 -0.24483
-3.87075 2.88903 -0.24400
-3.87307 2.88996 -0.24318
-3.87580 2.89052 -0.24380
-3.88135 2.88864 -0.25401
-3.84111 2.87716 -0.26278
-3.84406 2.87752 -0.26421
-3.84666 2.87829 -0.26411
-3.84944 2.87886 -0.26478
-3.85205 2.87963 -0.26467
-3.85446 2.88060 -0.26380
-3.85648 2.88198 -0.26139
-3.85829 2.88355 -0.25825
-3.86047 2.88471 -0.25664
-3.86285 2.88567 -0.25578
-3.86481 2.88701 -0.25343
-3.86677 2.88834 -0.25110
-3.86850 2.88985 -0.24805
-3.87022 2.89135 -0.24503
-3.87254 2.89229 -0.24420
-3.87507 2.89304 -0.24410
-3.88061 2.89119 -0.25432
-3.88339 2.89176 -0.25496
-3.84225 2.88132 -0.25993
-3.84501 2.88189 -0.26059
-3.84777 2.88245 -0.26125
-3.85036 2.88322 -0.26114
-3.85295 2.88399 -0.26104
-3.85534 2.88495 -0.26017
-3.85735 2.88631 -0.25780
-3.85973 2.88727 -0.25694
-3.86230 2.88803 -0.25684
-3.86467 2.88898 -0.25598
-3.86643 2.89050 -0.25289
-3.86858 2.89164 -0.25130
-3.87051 2.89295 -0.24898
-3.84666 2.88542 -0.26003
-3.84942 2.88599 -0.26069
-3.85182 2.88696 -0.25982
-3.85421 2.88791 -0.25896
-3.85641 2.88906 -0.25735
-3.85898 2.88983 -0.25724
-3.86155 2.89059 -0.25714
-3.85072 2.84244 -0.27695
-3.84563 2.84654 -0.27020
-3.84976 2.84534 -0.27646
-3.85261 2.84587 -0.27717
-3.85566 2.84616 -0.27868
-3.85833 2.84694 -0.27858
-3.84170 2.84911 -0.26826
-3.84469 2.84940 -0.26973
-3.84787 2.84945 -0.27199
-3.85165 2.84877 -0.27668
-3.85450 2.84930 -0.27738
-3.85716 2.85009 -0.27728
-3.85982 2.85087 -0.27719
-3.86248 2.85166 -0.27709
-3.84094 2.85172 -0.26856
-3.84357 2.85250 -0.26847
-3.84656 2.85279 -0.26994
-3.84975 2.85285 -0.27221
-3.85258 2.85339 -0.27290
-3.85580 2.85346 -0.27519
-3.85845 2.85424 -0.27510
-3.86111 2.85502 -0.27500
-3.86376 2.85580 -0.27490
-3.86662 2.85635 -0.27560
-3.84281 2.85511 -0.26877
-3.84543 2.85588 -0.26868
-3.84824 2.85642 -0.26936
-3.85086 2.85719 -0.26927
-3.85407 2.85727 -0.27153
-3.85709 2.85758 -0.27302
-3.85974 2.85836 -0.27292
-3.86238 2.85914 -0.27283
-3.86523 2.85969 -0.27352
-3.86850 2.85977 -0.27582
-3.84205 2.85772 -0.26908
-3.84467 2.85849 -0.26898
-3.84730 2.85926 -0.26889
-3.84992 2.86004 -0.26879
-3.85254 2.86081 -0.26870
-3.85536 2.86136 -0.26938
-3.85798 2.86213 -0.26929
-3.86061 2.86290 -0.26919
-3.86364 2.86323 -0.27067
-3.86627 2.86400 -0.27057
-3.86912 2.86455 -0.27126
-3.84129 2.86033 -0.26939
-3.84391 2.86110 -0.26929
-3.84654 2.86187 -0.26920
-3.84916 2.86265 -0.26910
-3.85178 2.86342 -0.26900
-3.85440 2.86419 -0.26891
-3.85683 2.86519 -0.26803
-3.85925 2.86618 -0.26716
-3.86187 2.86695 -0.26706
-3.86428 2.86794 -0.26619
-3.86648 2.86915 -0.26455
-3.86909 2.86992 -0.26445
-3.87044 2.87196 -0.25976
-3.87260 2.87315 -0.25814
-3.84053 2.86294 -0.26969
-3.84316 2.86371 -0.26960
-3.84578 2.86448 -0.26950
-3.84840 2.86526 -0.26941
-3.85084 2.86625 -0.26853
-3.85346 2.86702 -0.26843
-3.85588 2.86802 -0.26756
-3.85810 2.86922 -0.26591
-3.86052 2.87021 -0.26504
-3.86292 2.87119 -0.26417
-3.86451 2.87301 -0.26025
-3.86710 2.87378 -0.26015
-3.86907 2.87516 -0.25778
-3.87144 2.87613 -0.25693
-3.87380 2.87709 -0.25609
-3.87637 2.87785 -0.25599
-3.87895 2.87861 -0.25590
-3.88263 2.87836 -0.25959
-3.88797 2.87664 -0.26875
-3.89060 2.87742 -0.26866
-3.89322 2.87819 -0.26856
-3.89537 2.87938 -0.26691
-3.83978 2.86555 -0.27000
-3.84240 2.86632 -0.26990
-3.84502 2.86710 -0.26981
-3.84746 2.86809 -0.26893
-3.85008 2.86886 -0.26884
-3.85251 2.86985 -0.26796
-3.85474 2.87105 -0.26631
-3.85716 2.87203 -0.26544
-3.85917 2.87344 -0.26303
-3.86098 2.87504 -0.25988
-3.86276 2.87662 -0.25676
-3.86514 2.87758 -0.25592
-3.86750 2.87854 -0.25507
-3.86986 2.87950 -0.25423
-3.87243 2.88026 -0.25414
-3.87478 2.88121 -0.25330
-3.87820 2.88117 -0.25620
-3.88459 2.87848 -0.26916
-3.89723 2.88276 -0.26712
-3.83884 2.86838 -0.26952
-3.84164 2.86893 -0.27021
-3.84426 2.86971 -0.27012
-3.84670 2.87069 -0.26924
-3.84914 2.87168 -0.26836
-3.85156 2.87267 -0.26749
-3.85379 2.87386 -0.26584
-3.85582 2.87526 -0.26343
-3.85764 2.87685 -0.26028
-3.85945 2.87842 -0.25716
-3.86182 2.87939 -0.25631
-3.86379 2.88074 -0.25397
-3.86635 2.88150 -0.25388
-3.86892 2.88225 -0.25378
-3.87127 2.88320 -0.25294
-3.87362 2.88415 -0.25211
-3.87639 2.88471 -0.25276
-3.83809 2.87099 -0.26983
-3.84071 2.87176 -0.26973
-3.84333 2.87253 -0.26964
-3.84576 2.87351 -0.26876
-3.84819 2.87450 -0.26789
-3.85081 2.87527 -0.26779
-3.85304 2.87645 -0.26615
-3.85488 2.87805 -0.26297
-3.85690 2.87942 -0.26058
-3.85870 2.88099 -0.25746
-3.86108 2.88194 -0.25661
-3.86305 2.88329 -0.25427
-3.86561 2.88405 -0.25418
-3.86818 2.88480 -0.25408
-3.87053 2.88575 -0.25324
-3.87288 2.88670 -0.25241
-3.87629 2.88668 -0.25530
-3.83421 2.87346 -0.26789
-3.83716 2.87381 -0.26935
-3.83977 2.87458 -0.26926
-3.84239 2.87535 -0.26916
-3.84483 2.87633 -0.26829
-3.84744 2.87710 -0.26819
-3.84987 2.87807 -0.26732
-3.85229 2.87905 -0.26645
-3.85413 2.88063 -0.26327
-3.85615 2.88199 -0.26088
-3.85835 2.88315 -0.25927
-3.86053 2.88431 -0.25767
-3.86291 2.88526 -0.25682
-3.86527 2.88621 -0.25597
-3.86784 2.88697 -0.25588
-3.87041 2.88772 -0.25579
-3.87298 2.88848 -0.25569
-3.87576 2.88905 -0.25635
-3.83329 2.87626 -0.26742
-3.83589 2.87703 -0.26733
-3.83850 2.87780 -0.26723
-3.84111 2.87857 -0.26714
-3.84371 2.87934 -0.26704
-3.84632 2.88011 -0.26695
-3.84893 2.88088 -0.26685
-3.85079 2.88245 -0.26367
-3.85300 2.88361 -0.26204
-3.85502 2.88496 -0.25967
-3.85721 2.88611 -0.25806
-3.85979 2.88687 -0.25797
-3.86236 2.88763 -0.25787
-3.86493 2.88838 -0.25778
-3.86710 2.88952 -0.25618
-3.86967 2.89028 -0.25609
-3.87223 2.89104 -0.25599
-3.87501 2.89161 -0.25665
-3.83381 2.88125 -0.26148
-3.83673 2.88161 -0.26291
-3.83931 2.88237 -0.26282
-3.84190 2.88313 -0.26272
-3.84449 2.88390 -0.26263
-3.84690 2.88486 -0.26177
-3.84930 2.88581 -0.26092
-3.85151 2.88696 -0.25930
-3.85390 2.88791 -0.25845
-3.85647 2.88867 -0.25836
-3.85904 2.88943 -0.25827
-3.86162 2.89019 -0.25817
-3.86419 2.89095 -0.25808
-3.83514 2.88516 -0.25941
-3.83772 2.88592 -0.25932
-3.84029 2.88668 -0.25922
-3.84304 2.88725 -0.25989
-3.84561 2.88801 -0.25979
-3.84801 2.88896 -0.25894
-3.85058 2.88971 -0.25885
-3.85315 2.89047 -0.25876
-3.84977 2.84370 -0.27296
-3.84282 2.84601 -0.26951
-3.84581 2.84629 -0.27099
-3.84901 2.84633 -0.27327
-3.85242 2.84612 -0.27636
-3.85547 2.84641 -0.27787
-3.85813 2.84719 -0.27778
-3.84206 2.84863 -0.26982
-3.84487 2.84916 -0.27051
-3.84806 2.84921 -0.27279
-3.85108 2.84950 -0.27428
-3.85431 2.84955 -0.27658
-3.85716 2.85009 -0.27728
-3.85982 2.85087 -0.27719
-3.84112 2.85148 -0.26934
-3.84393 2.85202 -0.27003
-3.84674 2.85256 -0.27072
-3.84993 2.85262 -0.27300
-3.85296 2.85292 -0.27449
-3.85600 2.85322 -0.27599
-3.85885 2.85376 -0.27670
-3.86171 2.85431 -0.27740
-3.86438 2.85509 -0.27730
-3.84019 2.85433 -0.26887
-3.84281 2.85511 -0.26877
-3.84561 2.85565 -0.26946
-3.84842 2.85619 -0.27015
-3.85124 2.85673 -0.27084
-3.85426 2.85704 -0.27232
-3.85789 2.85664 -0.27620
-3.86054 2.85742 -0.27611
-3.86340 2.85797 -0.27681
-3.86606 2.85876 -0.27672
-3.84205 2.85772 -0.26908
-3.84467 2.85849 -0.26898
-3.84730 2.85926 -0.26889
-3.84992 2.86004 -0.26879
-3.85254 2.86081 -0.26870
-3.85555 2.86113 -0.27017
-3.85838 2.86167 -0.27086
-3.86121 2.86222 -0.27155
-3.86405 2.86277 -0.27225
-3.86669 2.86355 -0.27215
-3.86933 2.86433 -0.27205
-3.84129 2.86033 -0.26939
-3.84374 2.86133 -0.26851
-3.84617 2.86233 -0.26763
-3.84879 2.86310 -0.26754
-3.85141 2.86387 -0.26744
-3.85421 2.86442 -0.26813
-3.85683 2.86519 -0.26803
-3.85945 2.86596 -0.26794
-3.86207 2.86673 -0.26784
-3.86449 2.86772 -0.26697
-3.86710 2.86850 -0.26687
-3.86972 2.86927 -0.26678
-3.87191 2.87047 -0.26513
-3.84018 2.86339 -0.26813
-3.84280 2.86416 -0.26804
-3.84524 2.86515 -0.26716
-3.84766 2.86614 -0.26629
-3.85046 2.86669 -0.26697
-3.85307 2.86746 -0.26688
-3.85569 2.86823 -0.26678
-3.85830 2.86900 -0.26669
-3.86071 2.86999 -0.26581
-3.86292 2.87119 -0.26417
-3.86553 2.87196 -0.26408
-3.86792 2.87294 -0.26321
-3.87052 2.87370 -0.26312
-3.87249 2.87510 -0.26073
-3.87465 2.87627 -0.25911
-3.87680 2.87744 -0.25750
-3.87938 2.87821 -0.25741
-3.88196 2.87897 -0.25731
-3.84204 2.86676 -0.26834
-3.84448 2.86775 -0.26747
-3.84691 2.86874 -0.26660
-3.84952 2.86951 -0.26650
-3.85213 2.87028 -0.26641
-3.85493 2.87083 -0.26709
-3.85735 2.87182 -0.26621
-3.85956 2.87301 -0.26457
-3.86177 2.87420 -0.26294
-3.86437 2.87497 -0.26284
-3.86655 2.87615 -0.26122
-3.86915 2.87691 -0.26112
-3.87132 2.87808 -0.25951
-3.87369 2.87905 -0.25865
-3.87563 2.88041 -0.25629
-3.87820 2.88117 -0.25620
-3.88099 2.88173 -0.25686
-3.88721 2.87926 -0.26906
-3.83867 2.86860 -0.26874
-3.84111 2.86958 -0.26787
-3.84372 2.87035 -0.26777
-3.84616 2.87134 -0.26690
-3.84877 2.87211 -0.26681
-3.85138 2.87288 -0.26671
-3.85399 2.87365 -0.26662
-3.85640 2.87463 -0.26575
-3.85862 2.87581 -0.26411
-3.86102 2.87679 -0.26324
-3.86362 2.87755 -0.26315
-3.86581 2.87873 -0.26152
-3.86840 2.87949 -0.26143
-3.87036 2.88086 -0.25905
-3.87252 2.88202 -0.25744
-3.87488 2.88298 -0.25659
-3.87746 2.88373 -0.25650
-3.88025 2.88430 -0.25716
-3.83496 2.87086 -0.26759
-3.83774 2.87142 -0.26827
-3.84036 2.87219 -0.26817
-3.84297 2.87296 -0.26808
-3.84540 2.87394 -0.26721
-3.84801 2.87471 -0.26711
-3.85062 2.87548 -0.26702
-3.85304 2.87645 -0.26615
-3.85526 2.87764 -0.26451
-3.85767 2.87861 -0.26364
-3.86027 2.87937 -0.26355
-3.86286 2.88014 -0.26345
-3.86506 2.88131 -0.26183
-3.86744 2.88227 -0.26097
-3.86961 2.88343 -0.25935
-3.87178 2.88458 -0.25774
-3.87414 2.88554 -0.25690
-3.87671 2.88630 -0.25680
-3.87972 2.88667 -0.25822
-3.82998 2.87479 -0.26031
-3.83354 2.87430 -0.26480
-3.83631 2.87486 -0.26547
-3.83908 2.87542 -0.26615
-3.84168 2.87618 -0.26606
-3.84411 2.87716 -0.26519
-3.84671 2.87792 -0.26509
-3.84931 2.87869 -0.26500
-3.85154 2.87986 -0.26337
-3.85394 2.88083 -0.26251
-3.85615 2.88199 -0.26088
-3.85854 2.88295 -0.26003
-3.86112 2.88372 -0.25994
-3.86370 2.88448 -0.25984
-3.86629 2.88524 -0.25975
-3.86846 2.88639 -0.25814
-3.87082 2.88734 -0.25729
-3.87340 2.88810 -0.25720
-3.87618 2.88867 -0.25786
-3.87898 2.88923 -0.25852
-3.83148 2.87852 -0.25900
-3.83439 2.87888 -0.26042
-3.83730 2.87923 -0.26185
-3.83989 2.88000 -0.26175
-3.84230 2.88096 -0.26090
-3.84488 2.88172 -0.26080
-3.84746 2.88248 -0.26071
-3.85005 2.88324 -0.26061
-3.85244 2.88420 -0.25976
-3.85483 2.88516 -0.25891
-3.85741 2.88591 -0.25882
-3.85998 2.88667 -0.25872
-3.86256 2.88743 -0.25863
-3.86514 2.88819 -0.25853
-3.86751 2.88914 -0.25768
-3.87008 2.88990 -0.25759
-3.87265 2.89066 -0.25750
-3.87523 2.89142 -0.25740
-3.83042 2.88148 -0.25779
-3.83331 2.88184 -0.25921
-3.83605 2.88240 -0.25987
-3.83863 2.88316 -0.25977
-3.84121 2.88392 -0.25968
-3.84378 2.88468 -0.25959
-3.84654 2.88525 -0.26025
-3.84912 2.88601 -0.26016
-3.85151 2.88696 -0.25930
-3.85409 2.88772 -0.25921
-3.85666 2.88848 -0.25912
-3.85924 2.88924 -0.25902
-3.83514 2.88516 -0.25941
-3.83772 2.88592 -0.25932
-3.84029 2.88668 -0.25922
-3.84286 2.88744 -0.25913
-3.84561 2.88801 -0.25979
-3.84304 2.84414 -0.26686
-3.84602 2.84442 -0.26833
-3.84902 2.84470 -0.26980
-3.85261 2.84423 -0.27366
-3.85545 2.84476 -0.27436
-3.84228 2.84675 -0.26717
-3.84527 2.84703 -0.26863
-3.84826 2.84732 -0.27011
-3.85146 2.84736 -0.27238
-3.85468 2.84740 -0.27467
-3.85753 2.84793 -0.27537
-3.84153 2.84935 -0.26747
-3.84433 2.84989 -0.26816
-3.84732 2.85018 -0.26963
-3.85013 2.85071 -0.27032
-3.85334 2.85076 -0.27259
-3.85618 2.85130 -0.27329
-3.85882 2.85208 -0.27319
-3.86167 2.85262 -0.27389
-3.84077 2.85196 -0.26778
-3.84357 2.85250 -0.26847
-3.84619 2.85327 -0.26837
-3.84918 2.85357 -0.26984
-3.85200 2.85411 -0.27053
-3.85483 2.85465 -0.27122
-3.85746 2.85542 -0.27113
-3.86050 2.85573 -0.27261
-3.86314 2.85651 -0.27252
-3.84001 2.85457 -0.26809
-3.84263 2.85534 -0.26799
-3.84543 2.85588 -0.26868
-3.84805 2.85665 -0.26858
-3.85086 2.85719 -0.26927
-3.85349 2.85797 -0.26917
-3.85612 2.85874 -0.26908
-3.85894 2.85929 -0.26977
-3.86177 2.85983 -0.27046
-3.86502 2.85992 -0.27273
-3.86850 2.85977 -0.27582
-3.84187 2.85795 -0.26830
-3.84449 2.85872 -0.26820
-3.84711 2.85949 -0.26811
-3.84973 2.86026 -0.26801
-3.85235 2.86104 -0.26792
-3.85497 2.86181 -0.26782
-3.85720 2.86303 -0.26617
-3.85981 2.86380 -0.26607
-3.86263 2.86435 -0.26676
-3.86607 2.86423 -0.26979
-3.86933 2.86433 -0.27205
-3.84338 2.86178 -0.26695
-3.84599 2.86255 -0.26686
-3.84860 2.86332 -0.26676
-3.85122 2.86409 -0.26667
-3.85383 2.86486 -0.26657
-3.85625 2.86585 -0.26570
-3.85866 2.86684 -0.26483
-3.86127 2.86761 -0.26474
-3.86408 2.86816 -0.26541
-3.86710 2.86850 -0.26687
-3.86993 2.86905 -0.26755
-3.87255 2.86982 -0.26746
-3.84262 2.86438 -0.26726
-3.84524 2.86515 -0.26716
-3.84785 2.86592 -0.26707
-3.85027 2.86691 -0.26620
-3.85288 2.86768 -0.26610
-3.85530 2.86867 -0.26523
-3.85752 2.86987 -0.26359
-3.85953 2.87128 -0.26120
-3.86153 2.87267 -0.25882
-3.86431 2.87322 -0.25949
-3.86730 2.87357 -0.26092
-3.86990 2.87433 -0.26082
-3.87249 2.87510 -0.26073
-3.87508 2.87586 -0.26063
-3.87702 2.87724 -0.25826
-3.87938 2.87821 -0.25741
-3.88174 2.87917 -0.25656
-3.88454 2.87973 -0.25722
-3.84169 2.86720 -0.26679
-3.84430 2.86797 -0.26669
-3.84691 2.86874 -0.26660
-3.84933 2.86973 -0.26573
-3.85175 2.87071 -0.26486
-3.85417 2.87169 -0.26399
-3.85600 2.87330 -0.26083
-3.85800 2.87469 -0.25846
-3.86058 2.87545 -0.25837
-3.86316 2.87621 -0.25827
-3.86615 2.87656 -0.25969
-3.86894 2.87712 -0.26036
-3.87153 2.87788 -0.26027
-3.87369 2.87905 -0.25865
-3.87606 2.88001 -0.25780
-3.87820 2.88117 -0.25620
-3.88077 2.88193 -0.25611
-3.88357 2.88249 -0.25677
-3.88637 2.88305 -0.25743
-3.84059 2.87023 -0.26554
-3.84319 2.87100 -0.26545
-3.84561 2.87198 -0.26458
-3.84821 2.87275 -0.26449
-3.85063 2.87372 -0.26362
-3.85285 2.87491 -0.26199
-3.85487 2.87629 -0.25961
-3.85707 2.87746 -0.25801
-3.85945 2.87842 -0.25716
-3.86222 2.87898 -0.25782
-3.86520 2.87934 -0.25924
-3.86798 2.87990 -0.25990
-3.87057 2.88066 -0.25981
-3.87294 2.88162 -0.25896
-3.87510 2.88278 -0.25735
-3.87746 2.88373 -0.25650
-3.88003 2.88449 -0.25641
-3.88283 2.88506 -0.25707
-3.88585 2.88543 -0.25848
-3.83346 2.87277 -0.26067
-3.83638 2.87311 -0.26210
-3.83949 2.87325 -0.26430
-3.84208 2.87401 -0.26421
-3.84468 2.87478 -0.26412
-3.84710 2.87575 -0.26325
-3.84932 2.87693 -0.26163
-3.85154 2.87810 -0.26001
-3.85374 2.87927 -0.25840
-3.85613 2.88023 -0.25755
-3.85870 2.88099 -0.25746
-3.86147 2.88155 -0.25812
-3.86445 2.88191 -0.25954
-3.86724 2.88247 -0.26021
-3.87003 2.88303 -0.26087
-3.87220 2.88419 -0.25926
-3.87457 2.88515 -0.25841
-3.87693 2.88610 -0.25756
-3.87951 2.88686 -0.25746
-3.88253 2.88723 -0.25888
-3.82950 2.87541 -0.25804
-3.83223 2.87596 -0.25870
-3.83480 2.87672 -0.25860
-3.83771 2.87707 -0.26002
-3.84029 2.87783 -0.25993
-3.84287 2.87859 -0.25984
-3.84545 2.87935 -0.25974
-3.84803 2.88011 -0.25965
-3.85042 2.88107 -0.25880
-3.85281 2.88203 -0.25795
-3.85539 2.88279 -0.25785
-3.85796 2.88355 -0.25776
-3.86073 2.88411 -0.25842
-3.86390 2.88428 -0.26060
-3.86710 2.88445 -0.26280
-3.86970 2.88522 -0.26270
-3.87187 2.88637 -0.26108
-3.87403 2.88752 -0.25947
-3.87661 2.88828 -0.25937
-3.87920 2.88904 -0.25928
-3.83132 2.87873 -0.25824
-3.83389 2.87948 -0.25815
-3.83646 2.88024 -0.25806
-3.83903 2.88100 -0.25796
-3.84143 2.88196 -0.25712
-3.84417 2.88251 -0.25777
-3.84692 2.88308 -0.25844
-3.84950 2.88383 -0.25834
-3.85207 2.88459 -0.25825
-3.85464 2.88535 -0.25815
-3.85721 2.88611 -0.25806
-3.85998 2.88667 -0.25872
-3.86316 2.88685 -0.26090
-3.86656 2.88684 -0.26387
-3.86916 2.88761 -0.26378
-3.84412 2.84307 -0.26898
-3.84747 2.84286 -0.27204
-3.85086 2.84265 -0.27513
-3.85369 2.84319 -0.27584
-3.84335 2.84568 -0.26927
-3.84633 2.84597 -0.27076
-3.84952 2.84602 -0.27305
-3.85272 2.84607 -0.27535
-3.85556 2.84662 -0.27607
-3.83961 2.84799 -0.26809
-3.84240 2.84853 -0.26879
-3.84520 2.84907 -0.26949
-3.84818 2.84937 -0.27098
-3.85137 2.84943 -0.27327
-3.85401 2.85022 -0.27319
-3.85684 2.85077 -0.27390
-3.84163 2.85113 -0.26909
-3.84425 2.85191 -0.26901
-3.84704 2.85246 -0.26971
-3.84966 2.85325 -0.26963
-3.85247 2.85379 -0.27033
-3.85529 2.85434 -0.27104
-3.85850 2.85442 -0.27332
-3.84086 2.85374 -0.26939
-3.84347 2.85452 -0.26931
-3.84627 2.85507 -0.27001
-3.84889 2.85585 -0.26993
-3.85151 2.85664 -0.26985
-3.85432 2.85719 -0.27055
-3.85714 2.85774 -0.27126
-3.86036 2.85784 -0.27354
-3.86361 2.85793 -0.27585
-3.84009 2.85634 -0.26969
-3.84288 2.85689 -0.27039
-3.84550 2.85768 -0.27031
-3.84812 2.85846 -0.27023
-3.85074 2.85925 -0.27015
-3.85336 2.86003 -0.27007
-3.85617 2.86059 -0.27077
-3.85919 2.86092 -0.27226
-3.86242 2.86102 -0.27456
-3.86548 2.86135 -0.27607
-3.84211 2.85950 -0.27069
-3.84473 2.86028 -0.27061
-3.84735 2.86107 -0.27053
-3.84997 2.86185 -0.27044
-3.85259 2.86264 -0.27036
-3.85521 2.86342 -0.27028
-3.85802 2.86398 -0.27099
-3.86104 2.86432 -0.27248
-3.86449 2.86421 -0.27557
-3.86713 2.86500 -0.27549
-3.86977 2.86580 -0.27541
-3.84134 2.86211 -0.27098
-3.84396 2.86289 -0.27090
-3.84658 2.86368 -0.27082
-3.84920 2.86446 -0.27074
-3.85182 2.86524 -0.27066
-3.85463 2.86581 -0.27137
-3.85725 2.86659 -0.27129
-3.86087 2.86627 -0.27516
-3.86371 2.86684 -0.27587
-3.86635 2.86763 -0.27579
-3.86879 2.86864 -0.27491
-3.87100 2.86987 -0.27325
-3.87320 2.87109 -0.27159
-3.87539 2.87231 -0.26994
-3.88416 2.87381 -0.27284
-3.88866 2.87289 -0.27914
-3.89374 2.87151 -0.28722
-3.84057 2.86471 -0.27128
-3.84319 2.86550 -0.27120
-3.84580 2.86628 -0.27112
-3.84842 2.86707 -0.27104
-3.85104 2.86785 -0.27096
-3.85385 2.86842 -0.27167
-3.85667 2.86899 -0.27237
-3.86090 2.86802 -0.27865
-3.86375 2.86859 -0.27938
-3.86641 2.86939 -0.27929
-3.86822 2.87106 -0.27601
-3.87001 2.87271 -0.27276
-3.87221 2.87392 -0.27110
-3.87462 2.87491 -0.27024
-3.87724 2.87570 -0.27016
-3.87986 2.87648 -0.27008
-3.88338 2.87643 -0.27314
-3.89026 2.87338 -0.28761
-3.89418 2.87310 -0.29168
-3.89714 2.87369 -0.29243
-3.89959 2.87472 -0.29151
-3.83962 2.86754 -0.27080
-3.84224 2.86832 -0.27072
-3.84485 2.86911 -0.27064
-3.84747 2.86989 -0.27056
-3.84971 2.87110 -0.26891
-3.85232 2.87189 -0.26883
-3.85570 2.87182 -0.27188
-3.86072 2.87000 -0.28137
-3.86338 2.87080 -0.28129
-3.86604 2.87160 -0.28121
-3.86828 2.87283 -0.27952
-3.86924 2.87532 -0.27306
-3.87102 2.87694 -0.26983
-3.87299 2.87835 -0.26742
-3.87560 2.87913 -0.26734
-3.87843 2.87970 -0.26803
-3.88193 2.87967 -0.27108
-3.89043 2.87520 -0.29123
-3.89462 2.87471 -0.29620
-3.89709 2.87574 -0.29527
-3.89956 2.87677 -0.29434
-3.83406 2.87214 -0.26115
-3.83714 2.87228 -0.26336
-3.83973 2.87305 -0.26328
-3.84231 2.87383 -0.26320
-3.84472 2.87481 -0.26235
-3.84677 2.87620 -0.25999
-3.84916 2.87717 -0.25916
-3.85099 2.87875 -0.25607
-3.85299 2.88011 -0.25376
-3.86219 2.87388 -0.27998
-3.86484 2.87467 -0.27990
-3.86542 2.87757 -0.27186
-3.86558 2.88079 -0.26248
-3.86796 2.88177 -0.26164
-3.87034 2.88274 -0.26080
-3.87292 2.88351 -0.26072
-3.87550 2.88428 -0.26064
-3.88027 2.88308 -0.26825
-3.89109 2.87660 -0.29659
-3.82768 2.87378 -0.25933
-3.83025 2.87455 -0.25925
-3.83282 2.87532 -0.25917
-3.83555 2.87588 -0.25985
-3.83829 2.87645 -0.26052
-3.84086 2.87722 -0.26045
-3.84343 2.87799 -0.26037
-3.84565 2.87916 -0.25878
-3.84768 2.88053 -0.25644
-3.84933 2.88228 -0.25264
-3.85188 2.88304 -0.25257
-3.85517 2.88302 -0.25546
-3.85868 2.88281 -0.25914
-3.86164 2.88319 -0.26057
-3.86422 2.88396 -0.26049
-3.86680 2.88473 -0.26041
-3.86937 2.88550 -0.26033
-3.87195 2.88627 -0.26026
-3.87452 2.88704 -0.26018
-3.87710 2.88782 -0.26010
-3.82662 2.87675 -0.25811
-3.82918 2.87751 -0.25803
-3.83174 2.87828 -0.25796
-3.83446 2.87885 -0.25863
-3.83719 2.87941 -0.25930
-3.83976 2.88018 -0.25923
-3.84233 2.88095 -0.25915
-3.84490 2.88172 -0.25907
-3.84711 2.88288 -0.25748
-3.84930 2.88404 -0.25591
-3.85149 2.88519 -0.25434
-3.85441 2.88557 -0.25575
-3.85773 2.88556 -0.25867
-3.86049 2.88614 -0.25935
-3.86326 2.88672 -0.26003
-3.86604 2.88729 -0.26071
-3.86841 2.88826 -0.25987
-3.87098 2.88903 -0.25979
-3.87377 2.88961 -0.26047
-3.87634 2.89038 -0.26039
-3.83098 2.88083 -0.25825
-3.83355 2.88160 -0.25817
-3.83627 2.88217 -0.25884
-3.83884 2.88293 -0.25876
-3.84157 2.88351 -0.25944
-3.84414 2.88427 -0.25936
-3.84653 2.88524 -0.25853
-3.84891 2.88620 -0.25770
-3.85111 2.88735 -0.25612
-3.84150 2.84228 -0.26906
-3.84484 2.84207 -0.27212
-3.84784 2.84236 -0.27362
-3.85105 2.84239 -0.27593
-3.85389 2.84294 -0.27664
-3.84073 2.84489 -0.26936
-3.84353 2.84543 -0.27006
-3.84670 2.84548 -0.27234
-3.84970 2.84577 -0.27384
-3.85291 2.84582 -0.27615
-3.85576 2.84637 -0.27686
-3.83978 2.84774 -0.26887
-3.84258 2.84828 -0.26957
-3.84538 2.84883 -0.27028
-3.84837 2.84913 -0.27177
-3.85156 2.84919 -0.27406
-3.85478 2.84925 -0.27637
-3.85763 2.84980 -0.27709
-3.83884 2.85059 -0.26839
-3.84145 2.85137 -0.26831
-3.84425 2.85191 -0.26901
-3.84704 2.85246 -0.26971
-3.84966 2.85325 -0.26963
-3.85304 2.85308 -0.27269
-3.85665 2.85268 -0.27659
-3.85970 2.85300 -0.27811
-3.84068 2.85397 -0.26861
-3.84330 2.85475 -0.26853
-3.84591 2.85554 -0.26845
-3.84852 2.85632 -0.26837
-3.85151 2.85664 -0.26985
-3.85490 2.85649 -0.27291
-3.85852 2.85611 -0.27681
-3.86177 2.85620 -0.27913
-3.86464 2.85676 -0.27986
-3.83991 2.85657 -0.26890
-3.84253 2.85735 -0.26882
-3.84514 2.85814 -0.26874
-3.84757 2.85915 -0.26789
-3.85037 2.85970 -0.26858
-3.85336 2.86003 -0.27007
-3.85715 2.85944 -0.27472
-3.86059 2.85931 -0.27783
-3.86365 2.85964 -0.27936
-3.86652 2.86020 -0.28008
-3.83932 2.85894 -0.26998
-3.84193 2.85973 -0.26990
-3.84437 2.86074 -0.26904
-3.84680 2.86175 -0.26818
-3.84960 2.86230 -0.26888
-3.85259 2.86264 -0.27036
-3.85598 2.86252 -0.27343
-3.85961 2.86218 -0.27733
-3.86266 2.86251 -0.27885
-3.86552 2.86308 -0.27958
-3.86839 2.86365 -0.28030
-3.87105 2.86445 -0.28022
-3.87350 2.86547 -0.27933
-3.83855 2.86155 -0.27028
-3.84134 2.86211 -0.27098
-3.84396 2.86289 -0.27090
-3.84639 2.86390 -0.27004
-3.84920 2.86446 -0.27074
-3.85200 2.86502 -0.27145
-3.85521 2.86514 -0.27373
-3.85883 2.86481 -0.27763
-3.86188 2.86516 -0.27915
-3.86495 2.86550 -0.28069
-3.86761 2.86630 -0.28060
-3.87006 2.86732 -0.27972
-3.87250 2.86834 -0.27883
-3.87493 2.86935 -0.27794
-3.87736 2.87036 -0.27706
-3.87956 2.87159 -0.27538
-3.88198 2.87260 -0.27451
-3.88462 2.87339 -0.27443
-3.88702 2.87439 -0.27355
-3.89498 2.87040 -0.29137
-3.83499 2.86359 -0.26988
-3.83795 2.86393 -0.27136
-3.84057 2.86471 -0.27128
-3.84319 2.86550 -0.27120
-3.84580 2.86628 -0.27112
-3.84861 2.86685 -0.27183
-3.85123 2.86763 -0.27175
-3.85462 2.86754 -0.27482
-3.85805 2.86745 -0.27793
-3.86130 2.86758 -0.28026
-3.86396 2.86837 -0.28018
-3.86662 2.86917 -0.28010
-3.86927 2.86996 -0.28002
-3.87150 2.87120 -0.27833
-3.87394 2.87221 -0.27744
-3.87592 2.87364 -0.27497
-3.87856 2.87443 -0.27489
-3.88120 2.87522 -0.27481
-3.88407 2.87580 -0.27552
-3.88788 2.87554 -0.27945
-3.89418 2.87310 -0.29168
-3.89764 2.87325 -0.29411
-3.90062 2.87385 -0.29487
-3.83112 2.86607 -0.26792
-3.83422 2.86619 -0.27018
-3.83700 2.86676 -0.27088
-3.83979 2.86732 -0.27158
-3.84241 2.86811 -0.27150
-3.84503 2.86889 -0.27142
-3.84784 2.86946 -0.27213
-3.85046 2.87024 -0.27204
-3.85385 2.87016 -0.27512
-3.85727 2.87008 -0.27823
-3.86011 2.87066 -0.27896
-3.86317 2.87102 -0.28048
-3.86583 2.87181 -0.28040
-3.86807 2.87304 -0.27871
-3.87051 2.87405 -0.27783
-3.87251 2.87548 -0.27535
-3.87471 2.87669 -0.27369
-3.87734 2.87748 -0.27360
-3.88042 2.87785 -0.27511
-3.88329 2.87843 -0.27582
-3.88733 2.87797 -0.28056
-3.89338 2.87579 -0.29199
-3.89684 2.87596 -0.29442
-3.89981 2.87655 -0.29518
-3.83019 2.86888 -0.26744
-3.83295 2.86944 -0.26814
-3.83606 2.86958 -0.27039
-3.83885 2.87015 -0.27110
-3.84147 2.87093 -0.27101
-3.84426 2.87150 -0.27172
-3.84688 2.87228 -0.27164
-3.84969 2.87285 -0.27234
-3.85231 2.87364 -0.27226
-3.85570 2.87358 -0.27534
-3.85913 2.87351 -0.27845
-3.86178 2.87431 -0.27837
-3.86402 2.87552 -0.27669
-3.86645 2.87652 -0.27582
-3.86867 2.87773 -0.27415
-3.87088 2.87893 -0.27249
-3.87351 2.87972 -0.27241
-3.87613 2.88051 -0.27233
-3.87898 2.88109 -0.27303
-3.88251 2.88106 -0.27613
-3.88655 2.88062 -0.28086
-3.89308 2.87806 -0.29397
-3.82815 2.87316 -0.26160
-3.83137 2.87309 -0.26457
-3.83446 2.87324 -0.26680
-3.83723 2.87381 -0.26750
-3.83983 2.87459 -0.26742
-3.84260 2.87516 -0.26811
-3.84521 2.87594 -0.26803
-3.84799 2.87651 -0.26873
-3.85079 2.87708 -0.26943
-3.85340 2.87786 -0.26935
-3.85620 2.87844 -0.27005
-3.85842 2.87963 -0.26841
-3.86103 2.88041 -0.26833
-3.86364 2.88119 -0.26825
-3.86624 2.88197 -0.26817
-3.86885 2.88275 -0.26809
-3.87146 2.88354 -0.26801
-3.87428 2.88412 -0.26871
-3.87733 2.88450 -0.27019
-3.88106 2.88429 -0.27404
-3.88576 2.88327 -0.28116
-3.82662 2.87675 -0.25811
-3.82934 2.87731 -0.25879
-3.83206 2.87787 -0.25946
-3.83479 2.87844 -0.26014
-3.83736 2.87921 -0.26006
-3.83993 2.87998 -0.25998
-3.84268 2.88055 -0.26066
-3.84578 2.88072 -0.26286
-3.84873 2.88110 -0.26431
-3.85132 2.88187 -0.26423
-3.85391 2.88265 -0.26415
-3.85669 2.88322 -0.26484
-3.85928 2.88400 -0.26476
-3.86187 2.88478 -0.26468
-3.86487 2.88516 -0.26614
-3.86746 2.88594 -0.26606
-3.87006 2.88672 -0.26598
-3.87266 2.88749 -0.26590
-3.87526 2.88827 -0.26583
-3.88006 2.88711 -0.27355
-3.84379 2.88466 -0.25785
-3.84045 2.84377 -0.26440
-3.84358 2.84381 -0.26664
-3.84674 2.84385 -0.26890
-3.84973 2.84414 -0.27038
-3.85274 2.84443 -0.27188
-3.84282 2.84641 -0.26694
-3.84597 2.84646 -0.26919
-3.84896 2.84676 -0.27068
-3.85215 2.84681 -0.27297
-3.85498 2.84735 -0.27368
-3.84170 2.84949 -0.26568
-3.84466 2.84979 -0.26715
-3.84782 2.84985 -0.26941
-3.85100 2.84992 -0.27169
-3.85420 2.84998 -0.27398
-3.84058 2.85255 -0.26444
-3.84353 2.85286 -0.26590
-3.84614 2.85364 -0.26582
-3.84892 2.85419 -0.26652
-3.85172 2.85473 -0.26721
-3.85529 2.85434 -0.27104
-3.83913 2.85606 -0.26167
-3.84189 2.85661 -0.26235
-3.84448 2.85738 -0.26227
-3.84707 2.85816 -0.26219
-3.84965 2.85893 -0.26211
-3.85356 2.85811 -0.26743
-3.85714 2.85774 -0.27126
-3.86218 2.85572 -0.28075
-3.83820 2.85886 -0.26120
-3.84095 2.85941 -0.26188
-3.84336 2.86041 -0.26104
-3.84594 2.86118 -0.26096
-3.84853 2.86196 -0.26088
-3.85148 2.86228 -0.26233
-3.85598 2.86081 -0.26999
-3.86140 2.85838 -0.28105
-3.86406 2.85917 -0.28097
-3.83744 2.86143 -0.26149
-3.84036 2.86176 -0.26294
-3.84260 2.86298 -0.26134
-3.84518 2.86375 -0.26126
-3.84777 2.86453 -0.26118
-3.85053 2.86508 -0.26186
-3.85501 2.86365 -0.26950
-3.86041 2.86126 -0.28055
-3.86328 2.86183 -0.28127
-3.86615 2.86240 -0.28200
-3.86903 2.86297 -0.28273
-3.83943 2.86456 -0.26247
-3.84184 2.86555 -0.26163
-3.84407 2.86676 -0.26003
-3.84647 2.86774 -0.25919
-3.84959 2.86787 -0.26139
-3.85405 2.86647 -0.26902
-3.85963 2.86391 -0.28085
-3.86249 2.86448 -0.28158
-3.86536 2.86505 -0.28231
-3.86803 2.86585 -0.28223
-3.87070 2.86665 -0.28214
-3.87315 2.86767 -0.28125
-3.87559 2.86869 -0.28036
-3.83591 2.86657 -0.26208
-3.83867 2.86713 -0.26277
-3.84091 2.86834 -0.26116
-3.84296 2.86975 -0.25881
-3.84553 2.87052 -0.25873
-3.84810 2.87129 -0.25865
-3.85159 2.87100 -0.26237
-3.85884 2.86656 -0.28115
-3.86171 2.86713 -0.28188
-3.86458 2.86771 -0.28261
-3.86704 2.86873 -0.28172
-3.86949 2.86974 -0.28083
-3.87215 2.87054 -0.28074
-3.87459 2.87156 -0.27986
-3.87703 2.87257 -0.27897
-3.87968 2.87336 -0.27889
-3.88256 2.87394 -0.27961
-3.87740 2.89373 -0.21848
-3.83225 2.86880 -0.26093
-3.83499 2.86936 -0.26161
-3.83791 2.86970 -0.26306
-3.84015 2.87090 -0.26146
-3.84238 2.87210 -0.25986
-3.84477 2.87308 -0.25902
-3.84734 2.87385 -0.25895
-3.85028 2.87420 -0.26038
-3.85304 2.87477 -0.26106
-3.86072 2.87000 -0.28137
-3.86317 2.87102 -0.28048
-3.86562 2.87203 -0.27960
-3.86786 2.87326 -0.27791
-3.86966 2.87490 -0.27464
-3.87187 2.87611 -0.27298
-3.87406 2.87731 -0.27132
-3.87669 2.87810 -0.27124
-3.87909 2.87909 -0.27038
-3.87490 2.89765 -0.21284
-3.87610 2.89936 -0.20888
-3.82813 2.87165 -0.25753
-3.83133 2.87158 -0.26047
-3.83406 2.87214 -0.26115
-3.83698 2.87249 -0.26259
-3.83922 2.87368 -0.26099
-3.84162 2.87466 -0.26015
-3.84402 2.87563 -0.25932
-3.84677 2.87620 -0.25999
-3.84952 2.87677 -0.26067
-3.85228 2.87733 -0.26135
-3.85524 2.87770 -0.26280
-3.85880 2.87745 -0.26656
-3.86260 2.87699 -0.27116
-3.86522 2.87777 -0.27108
-3.86784 2.87856 -0.27100
-3.87004 2.87975 -0.26935
-3.87244 2.88074 -0.26849
-3.87505 2.88152 -0.26841
-3.87722 2.88270 -0.26678
-3.88027 2.88308 -0.26825
-3.82706 2.87461 -0.25632
-3.83009 2.87476 -0.25849
-3.83298 2.87511 -0.25993
-3.83572 2.87568 -0.26060
-3.83829 2.87645 -0.26052
-3.84086 2.87722 -0.26045
-3.84326 2.87819 -0.25961
-3.84601 2.87876 -0.26029
-3.84876 2.87933 -0.26097
-3.85134 2.88010 -0.26089
-3.85410 2.88067 -0.26157
-3.85668 2.88145 -0.26149
-3.85985 2.88162 -0.26370
-3.86303 2.88180 -0.26593
-3.86604 2.88217 -0.26739
-3.86864 2.88295 -0.26731
-3.87125 2.88373 -0.26723
-3.87364 2.88471 -0.26638
-3.87602 2.88569 -0.26553
-3.87884 2.88627 -0.26622
-3.82615 2.87735 -0.25587
-3.82918 2.87751 -0.25803
-3.83190 2.87808 -0.25871
-3.83479 2.87844 -0.26014
-3.83736 2.87921 -0.26006
-3.83993 2.87998 -0.25998
-3.84250 2.88075 -0.25990
-3.84507 2.88152 -0.25982
-3.84764 2.88229 -0.25974
-3.85040 2.88286 -0.26042
-3.85297 2.88363 -0.26034
-3.85573 2.88421 -0.26102
-3.85850 2.88478 -0.26170
-3.86128 2.88536 -0.26239
-3.86426 2.88575 -0.26384
-3.86705 2.88633 -0.26452
-3.86965 2.88710 -0.26445
-3.87245 2.88769 -0.26513
-3.87504 2.88846 -0.26505
-3.87807 2.88886 -0.26652
-3.84294 2.84318 -0.26557
-3.84572 2.84373 -0.26627
-3.84888 2.84379 -0.26852
-3.85168 2.84434 -0.26922
-3.85449 2.84490 -0.26993
-3.84494 2.84633 -0.26657
-3.84791 2.84664 -0.26804
-3.85089 2.84695 -0.26953
-3.85389 2.84726 -0.27102
-3.85671 2.84782 -0.27172
-3.84398 2.84916 -0.26609
-3.84676 2.84972 -0.26679
-3.84973 2.85003 -0.26826
-3.85272 2.85035 -0.26975
-3.85573 2.85068 -0.27124
-3.84302 2.85199 -0.26562
-3.84580 2.85255 -0.26631
-3.84858 2.85311 -0.26701
-3.85137 2.85367 -0.26771
-3.85417 2.85423 -0.26841
-3.85717 2.85456 -0.26989
-3.84206 2.85481 -0.26515
-3.84466 2.85560 -0.26507
-3.84725 2.85639 -0.26499
-3.84985 2.85719 -0.26491
-3.85245 2.85798 -0.26483
-3.85542 2.85832 -0.26630
-3.85900 2.85797 -0.27011
-3.84111 2.85762 -0.26468
-3.84370 2.85841 -0.26460
-3.84593 2.85966 -0.26298
-3.84834 2.86068 -0.26214
-3.85092 2.86147 -0.26206
-3.85351 2.86226 -0.26198
-3.85628 2.86282 -0.26266
-3.86223 2.85977 -0.27587
-3.86591 2.85943 -0.27980
-3.83964 2.86110 -0.26191
-3.84205 2.86211 -0.26107
-3.84427 2.86334 -0.25947
-3.84684 2.86413 -0.25939
-3.84942 2.86492 -0.25931
-3.85199 2.86570 -0.25923
-3.85456 2.86649 -0.25916
-3.85790 2.86641 -0.26212
-3.86490 2.86230 -0.27930
-3.86797 2.86265 -0.28084
-3.87063 2.86347 -0.28076
-3.84093 2.86512 -0.25985
-3.84333 2.86612 -0.25901
-3.84572 2.86712 -0.25818
-3.84828 2.86791 -0.25810
-3.85085 2.86869 -0.25802
-3.85323 2.86969 -0.25719
-3.85579 2.87047 -0.25711
-3.85970 2.86977 -0.26234
-3.86676 2.86575 -0.27953
-3.86962 2.86634 -0.28025
-3.87206 2.86737 -0.27937
-3.87428 2.86863 -0.27768
-3.83775 2.86667 -0.26098
-3.84032 2.86746 -0.26090
-3.84255 2.86868 -0.25931
-3.84494 2.86967 -0.25847
-3.84751 2.87046 -0.25839
-3.84989 2.87145 -0.25756
-3.85246 2.87224 -0.25748
-3.85502 2.87302 -0.25741
-3.85777 2.87360 -0.25808
-3.86616 2.86817 -0.28064
-3.86861 2.86920 -0.27975
-3.87126 2.87001 -0.27967
-3.87348 2.87126 -0.27798
-3.87613 2.87207 -0.27790
-3.87855 2.87310 -0.27702
-3.87963 2.87539 -0.27139
-3.88158 2.87682 -0.26895
-3.88307 2.87864 -0.26499
-3.87220 2.89153 -0.21906
-3.87461 2.89226 -0.21898
-3.87702 2.89300 -0.21891
-3.87903 2.89408 -0.21751
-3.83748 2.86859 -0.26357
-3.84006 2.86938 -0.26349
-3.84247 2.87039 -0.26265
-3.84452 2.87181 -0.26028
-3.84710 2.87259 -0.26020
-3.84930 2.87380 -0.25861
-3.85187 2.87458 -0.25853
-3.85444 2.87537 -0.25846
-3.86030 2.87260 -0.27146
-3.86537 2.87081 -0.28095
-3.86781 2.87184 -0.28006
-3.87004 2.87309 -0.27837
-3.87269 2.87390 -0.27829
-3.87512 2.87492 -0.27741
-3.87622 2.87720 -0.27177
-3.87885 2.87800 -0.27169
-3.87147 2.89393 -0.21933
-3.87388 2.89466 -0.21926
-3.87629 2.89540 -0.21919
-3.87790 2.89682 -0.21646
-3.87909 2.89855 -0.21245
-3.83412 2.87037 -0.26395
-3.83670 2.87116 -0.26387
-3.83928 2.87195 -0.26379
-3.84187 2.87274 -0.26371
-3.84428 2.87374 -0.26287
-3.84632 2.87515 -0.26050
-3.84889 2.87594 -0.26042
-3.85128 2.87693 -0.25959
-3.85385 2.87772 -0.25951
-3.85814 2.87666 -0.26631
-3.86253 2.87559 -0.27326
-3.86495 2.87660 -0.27239
-3.86757 2.87740 -0.27231
-3.86998 2.87841 -0.27145
-3.87260 2.87921 -0.27137
-3.87479 2.88042 -0.26972
-3.87718 2.88142 -0.26886
-3.87913 2.88282 -0.26645
-3.88151 2.88381 -0.26559
-3.87718 2.89921 -0.21674
-3.87837 2.90093 -0.21273
-3.82980 2.87341 -0.25976
-3.83285 2.87357 -0.26195
-3.83592 2.87374 -0.26417
-3.83851 2.87453 -0.26409
-3.84092 2.87552 -0.26324
-3.84333 2.87652 -0.26240
-3.84555 2.87771 -0.26080
-3.84794 2.87870 -0.25996
-3.85051 2.87949 -0.25988
-3.85326 2.88007 -0.26056
-3.85640 2.88026 -0.26277
-3.85996 2.88004 -0.26653
-3.86295 2.88043 -0.26800
-3.86535 2.88143 -0.26715
-3.86795 2.88222 -0.26707
-3.87055 2.88302 -0.26699
-3.87315 2.88381 -0.26691
-3.87554 2.88481 -0.26605
-3.87813 2.88560 -0.26597
-3.88073 2.88639 -0.26589
-3.83159 2.87675 -0.25997
-3.83449 2.87713 -0.26141
-3.83706 2.87791 -0.26133
-3.83963 2.87870 -0.26125
-3.84203 2.87969 -0.26042
-3.84442 2.88067 -0.25958
-3.84699 2.88146 -0.25950
-3.84955 2.88224 -0.25942
-3.85230 2.88283 -0.26010
-3.85525 2.88322 -0.26154
-3.85821 2.88362 -0.26299
-3.86177 2.88342 -0.26675
-3.86437 2.88421 -0.26667
-3.86697 2.88501 -0.26659
-3.86956 2.88580 -0.26651
-3.87216 2.88660 -0.26643
-3.87476 2.88739 -0.26635
-3.87735 2.88818 -0.26627
-3.84372 2.84059 -0.26527
-3.84651 2.84114 -0.26597
-3.84948 2.84144 -0.26744
-3.85285 2.84123 -0.27049
-3.84259 2.84368 -0.26403
-3.84554 2.84398 -0.26549
-3.84814 2.84477 -0.26541
-3.85149 2.84459 -0.26844
-3.85487 2.84440 -0.27150
-3.85868 2.84371 -0.27618
-3.84111 2.84723 -0.26126
-3.84423 2.84730 -0.26348
-3.84700 2.84785 -0.26417
-3.84996 2.84816 -0.26563
-3.85332 2.84799 -0.26866
-3.85788 2.84635 -0.27649
-3.84257 2.85106 -0.25996
-3.84533 2.85162 -0.26064
-3.84863 2.85146 -0.26362
-3.85178 2.85155 -0.26585
-3.85553 2.85092 -0.27045
-3.85953 2.85003 -0.27592
-3.84162 2.85386 -0.25949
-3.84437 2.85442 -0.26017
-3.84713 2.85497 -0.26086
-3.85045 2.85484 -0.26384
-3.85398 2.85447 -0.26763
-3.85717 2.85456 -0.26989
-3.85999 2.85513 -0.27059
-3.84051 2.85688 -0.25828
-3.84342 2.85721 -0.25971
-3.84600 2.85800 -0.25963
-3.84894 2.85833 -0.26108
-3.85226 2.85821 -0.26406
-3.85581 2.85786 -0.26785
-3.85880 2.85820 -0.26933
-3.86162 2.85877 -0.27003
-3.83956 2.85966 -0.25782
-3.84230 2.86022 -0.25850
-3.84487 2.86101 -0.25842
-3.84780 2.86135 -0.25985
-3.85074 2.86169 -0.26129
-3.85351 2.86226 -0.26198
-3.85609 2.86305 -0.26190
-3.85965 2.86273 -0.26566
-3.86265 2.86307 -0.26713
-3.86772 2.86116 -0.27651
-3.83879 2.86221 -0.25812
-3.84136 2.86300 -0.25804
-3.84392 2.86378 -0.25796
-3.84667 2.86435 -0.25864
-3.84942 2.86492 -0.25931
-3.85236 2.86527 -0.26075
-3.85494 2.86605 -0.26067
-3.85790 2.86641 -0.26212
-3.86048 2.86720 -0.26204
-3.86307 2.86799 -0.26196
-3.86852 2.86572 -0.27276
-3.83802 2.86477 -0.25841
-3.84059 2.86555 -0.25833
-3.84315 2.86634 -0.25826
-3.84572 2.86712 -0.25818
-3.84828 2.86791 -0.25810
-3.85103 2.86848 -0.25877
-3.85360 2.86926 -0.25870
-3.85617 2.87005 -0.25862
-3.85893 2.87062 -0.25929
-3.86150 2.87141 -0.25922
-3.86427 2.87198 -0.25989
-3.86725 2.87235 -0.26134
-3.87004 2.87293 -0.26202
-3.83468 2.86654 -0.25879
-3.83725 2.86732 -0.25871
-3.83981 2.86811 -0.25863
-3.84238 2.86889 -0.25855
-3.84494 2.86967 -0.25847
-3.84751 2.87046 -0.25839
-3.85008 2.87124 -0.25832
-3.85264 2.87203 -0.25824
-3.85521 2.87281 -0.25816
-3.85777 2.87360 -0.25808
-3.86034 2.87438 -0.25800
-3.86290 2.87517 -0.25792
-3.86587 2.87554 -0.25936
-3.86885 2.87592 -0.26079
-3.87143 2.87670 -0.26072
-3.87401 2.87749 -0.26064
-3.87659 2.87828 -0.26056
-3.83134 2.86830 -0.25916
-3.83391 2.86909 -0.25908
-3.83648 2.86987 -0.25901
-3.83904 2.87066 -0.25893
-3.84161 2.87144 -0.25885
-3.84417 2.87223 -0.25877
-3.84674 2.87301 -0.25869
-3.84930 2.87380 -0.25861
-3.85187 2.87458 -0.25853
-3.85444 2.87537 -0.25846
-3.85700 2.87615 -0.25838
-3.85937 2.87714 -0.25754
-3.86194 2.87792 -0.25747
-3.86470 2.87851 -0.25814
-3.86767 2.87889 -0.25957
-3.87045 2.87947 -0.26025
-3.87302 2.88026 -0.26017
-3.87560 2.88105 -0.26010
-3.87817 2.88183 -0.26002
-3.83057 2.87086 -0.25946
-3.83314 2.87164 -0.25938
-3.83587 2.87222 -0.26006
-3.83844 2.87300 -0.25998
-3.84101 2.87379 -0.25990
-3.84358 2.87458 -0.25982
-3.84597 2.87557 -0.25899
-3.84853 2.87635 -0.25891
-3.85110 2.87714 -0.25883
-3.85366 2.87792 -0.25875
-3.85623 2.87871 -0.25867
-3.85879 2.87949 -0.25859
-3.86136 2.88027 -0.25852
-3.86393 2.88106 -0.25844
-3.86690 2.88145 -0.25987
-3.86967 2.88203 -0.26055
-3.87225 2.88282 -0.26047
-3.87482 2.88361 -0.26039
-3.87445 2.90412 -0.19998
-3.82980 2.87341 -0.25976
-3.83253 2.87399 -0.26043
-3.83510 2.87477 -0.26036
-3.83767 2.87556 -0.26028
-3.84023 2.87635 -0.26020
-3.84280 2.87713 -0.26012
-3.84537 2.87792 -0.26004
-3.84794 2.87870 -0.25996
-3.85051 2.87949 -0.25988
-3.85289 2.88047 -0.25905
-3.85546 2.88126 -0.25897
-3.85802 2.88204 -0.25889
-3.86059 2.88283 -0.25881
-3.86315 2.88361 -0.25873
-3.86592 2.88420 -0.25941
-3.86869 2.88479 -0.26009
-3.87126 2.88558 -0.26001
-3.87384 2.88637 -0.25993
-3.86983 2.90440 -0.20290
-3.87141 2.90573 -0.20032
-3.87318 2.90691 -0.19838
-3.83706 2.87791 -0.26133
-3.83946 2.87890 -0.26050
-3.84203 2.87969 -0.26042
-3.84460 2.88047 -0.26034
-3.84717 2.88126 -0.26026
-3.84974 2.88205 -0.26018
-3.85230 2.88283 -0.26010
-3.85469 2.88381 -0.25927
-3.85725 2.88460 -0.25919
-3.85982 2.88538 -0.25911
-3.86258 2.88597 -0.25979
-3.86515 2.88676 -0.25971
-3.86792 2.88735 -0.26039
-3.87049 2.88814 -0.26031
-3.87306 2.88893 -0.26023
-3.87248 2.90922 -0.19865
-3.84693 2.83905 -0.26412
-3.84971 2.83959 -0.26481
-3.85288 2.83964 -0.26706
-3.84579 2.84213 -0.26288
-3.84838 2.84293 -0.26280
-3.85172 2.84273 -0.26581
-3.85489 2.84279 -0.26806
-3.84412 2.84593 -0.25936
-3.84688 2.84648 -0.26004
-3.85001 2.84654 -0.26225
-3.85373 2.84588 -0.26680
-3.85750 2.84520 -0.27142
-3.84282 2.84921 -0.25739
-3.84557 2.84976 -0.25806
-3.84850 2.85007 -0.25950
-3.85201 2.84968 -0.26324
-3.85574 2.84903 -0.26780
-3.86053 2.84715 -0.27641
-3.84188 2.85200 -0.25693
-3.84462 2.85255 -0.25761
-3.84719 2.85334 -0.25753
-3.85049 2.85319 -0.26048
-3.85439 2.85234 -0.26577
-3.85953 2.85003 -0.27592
-3.86218 2.85084 -0.27583
-3.84111 2.85455 -0.25723
-3.84367 2.85534 -0.25715
-3.84642 2.85589 -0.25782
-3.84935 2.85622 -0.25926
-3.85285 2.85586 -0.26299
-3.85659 2.85526 -0.26755
-3.86098 2.85395 -0.27455
-3.86382 2.85452 -0.27526
-3.84034 2.85711 -0.25752
-3.84290 2.85789 -0.25744
-3.84564 2.85845 -0.25812
-3.84821 2.85924 -0.25804
-3.85115 2.85957 -0.25948
-3.85466 2.85923 -0.26321
-3.85841 2.85866 -0.26777
-3.86202 2.85831 -0.27160
-3.86587 2.85772 -0.27628
-3.83956 2.85966 -0.25782
-3.84213 2.86044 -0.25774
-3.84469 2.86123 -0.25766
-3.84744 2.86179 -0.25834
-3.85001 2.86258 -0.25826
-3.85295 2.86292 -0.25969
-3.85590 2.86327 -0.26114
-3.85965 2.86273 -0.26566
-3.86325 2.86240 -0.26947
-3.86772 2.86116 -0.27651
-3.87122 2.86105 -0.27964
-3.83623 2.86143 -0.25820
-3.83879 2.86221 -0.25812
-3.84136 2.86300 -0.25804
-3.84392 2.86378 -0.25796
-3.84649 2.86457 -0.25788
-3.84905 2.86535 -0.25780
-3.85162 2.86614 -0.25772
-3.85419 2.86692 -0.25764
-3.85675 2.86771 -0.25757
-3.85932 2.86849 -0.25749
-3.86569 2.86514 -0.27205
-3.87042 2.86369 -0.27995
-3.87329 2.86428 -0.28067
-3.87595 2.86509 -0.28059
-3.83289 2.86320 -0.25857
-3.83545 2.86398 -0.25849
-3.83802 2.86477 -0.25841
-3.84059 2.86555 -0.25833
-3.84315 2.86634 -0.25826
-3.84572 2.86712 -0.25818
-3.84828 2.86791 -0.25810
-3.85067 2.86890 -0.25727
-3.85304 2.86990 -0.25644
-3.85560 2.87068 -0.25636
-3.85816 2.87147 -0.25628
-3.86111 2.87183 -0.25770
-3.86629 2.86985 -0.26758
-3.87228 2.86715 -0.28017
-3.87515 2.86774 -0.28090
-3.87781 2.86855 -0.28082
-3.88047 2.86937 -0.28074
-3.83212 2.86575 -0.25887
-3.83468 2.86654 -0.25879
-3.83725 2.86732 -0.25871
-3.83981 2.86811 -0.25863
-3.84238 2.86889 -0.25855
-3.84477 2.86989 -0.25772
-3.84733 2.87067 -0.25764
-3.84971 2.87166 -0.25681
-3.85227 2.87245 -0.25673
-3.85465 2.87344 -0.25590
-3.85701 2.87443 -0.25508
-3.85976 2.87500 -0.25575
-3.86271 2.87537 -0.25717
-3.86587 2.87554 -0.25936
-3.87392 2.87083 -0.27959
-3.87657 2.87164 -0.27951
-3.87338 2.89047 -0.22308
-3.87521 2.89174 -0.22098
-3.87622 2.89369 -0.21626
-3.87802 2.89494 -0.21421
-3.87960 2.89635 -0.21153
-3.82878 2.86752 -0.25924
-3.83150 2.86809 -0.25992
-3.83407 2.86888 -0.25984
-3.83648 2.86987 -0.25901
-3.83904 2.87066 -0.25893
-3.84161 2.87144 -0.25885
-3.84400 2.87244 -0.25802
-3.84656 2.87322 -0.25794
-3.84912 2.87400 -0.25786
-3.85150 2.87499 -0.25703
-3.85388 2.87598 -0.25620
-3.85624 2.87697 -0.25537
-3.85918 2.87734 -0.25679
-3.86213 2.87772 -0.25822
-3.86510 2.87810 -0.25965
-3.86808 2.87848 -0.26109
-3.87149 2.87846 -0.26407
-3.87444 2.89129 -0.22949
-3.87468 2.89397 -0.22194
-3.87690 2.89489 -0.22119
-3.87750 2.89716 -0.21514
-3.87889 2.89872 -0.21180
-3.83073 2.87065 -0.26022
-3.83330 2.87143 -0.26014
-3.83570 2.87243 -0.25930
-3.83827 2.87321 -0.25922
-3.84084 2.87400 -0.25915
-3.84340 2.87478 -0.25907
-3.84597 2.87557 -0.25899
-3.84853 2.87635 -0.25891
-3.85092 2.87734 -0.25808
-3.85366 2.87792 -0.25875
-3.85623 2.87871 -0.25867
-3.85899 2.87929 -0.25935
-3.86175 2.87987 -0.26003
-3.86472 2.88026 -0.26147
-3.86771 2.88065 -0.26292
-3.87071 2.88104 -0.26437
-3.87330 2.88183 -0.26429
-3.83493 2.87498 -0.25960
-3.83750 2.87577 -0.25952
-3.84006 2.87655 -0.25944
-3.84263 2.87734 -0.25936
-3.84519 2.87812 -0.25928
-3.84776 2.87890 -0.25921
-3.85033 2.87969 -0.25913
-3.85289 2.88047 -0.25905
-3.85546 2.88126 -0.25897
-3.85821 2.88185 -0.25965
-3.86117 2.88224 -0.26109
-3.86415 2.88263 -0.26253
-3.86734 2.88282 -0.26475
-3.86993 2.88361 -0.26467
-3.87252 2.88441 -0.26459
-3.87554 2.88481 -0.26605
-3.84955 2.88224 -0.25942
-3.85212 2.88303 -0.25934
-3.85469 2.88381 -0.25927
-3.85744 2.88440 -0.25994
-3.86040 2.88480 -0.26138
-3.86317 2.88539 -0.26207
-3.86615 2.88579 -0.26351
-3.86915 2.88619 -0.26497
-3.87111 2.88756 -0.26259
-3.87433 2.88778 -0.26481
-3.84917 2.84101 -0.25658
-3.85192 2.84155 -0.25724
-3.85563 2.84086 -0.26172
-3.84802 2.84405 -0.25537
-3.85059 2.84485 -0.25528
-3.85371 2.84491 -0.25745
-3.86057 2.84022 -0.27444
-3.84689 2.84708 -0.25417
-3.84926 2.84812 -0.25333
-3.85182 2.84891 -0.25325
-3.85977 2.84285 -0.27475
-3.86322 2.84265 -0.27786
-3.84576 2.85010 -0.25297
-3.84795 2.85136 -0.25140
-3.85013 2.85262 -0.24983
-3.85267 2.85340 -0.24975
-3.86221 2.84555 -0.27736
-3.86486 2.84637 -0.27727
-3.84717 2.85389 -0.25169
-3.84918 2.85537 -0.24939
-3.85135 2.85661 -0.24784
-3.85388 2.85740 -0.24775
-3.86446 2.84851 -0.27919
-3.86712 2.84933 -0.27910
-3.84658 2.85620 -0.25273
-3.84876 2.85744 -0.25116
-3.85058 2.85913 -0.24813
-3.85311 2.85991 -0.24804
-3.86365 2.85115 -0.27950
-3.86652 2.85173 -0.28022
-3.86918 2.85256 -0.28012
-3.84598 2.85851 -0.25377
-3.84835 2.85953 -0.25294
-3.85053 2.86076 -0.25137
-3.85307 2.86155 -0.25128
-3.85674 2.86100 -0.25566
-3.86571 2.85438 -0.28052
-3.86837 2.85521 -0.28043
-3.87124 2.85579 -0.28115
-3.84282 2.86003 -0.25490
-3.84573 2.86038 -0.25631
-3.84793 2.86162 -0.25473
-3.85030 2.86263 -0.25389
-3.85285 2.86342 -0.25381
-3.85559 2.86399 -0.25446
-3.86469 2.85727 -0.28002
-3.86756 2.85785 -0.28074
-3.87043 2.85844 -0.28146
-3.87309 2.85927 -0.28137
-3.87576 2.86009 -0.28128
-3.83949 2.86178 -0.25529
-3.84239 2.86213 -0.25670
-3.84495 2.86292 -0.25661
-3.84751 2.86372 -0.25652
-3.85007 2.86451 -0.25644
-3.85226 2.86574 -0.25485
-3.85519 2.86610 -0.25626
-3.86266 2.86130 -0.27551
-3.86675 2.86050 -0.28105
-3.86941 2.86133 -0.28096
-3.87185 2.86238 -0.28006
-3.87429 2.86343 -0.27916
-3.87694 2.86426 -0.27907
-3.87937 2.86531 -0.27817
-3.83248 2.86428 -0.25056
-3.83567 2.86419 -0.25344
-3.83871 2.86433 -0.25559
-3.84161 2.86468 -0.25700
-3.84417 2.86547 -0.25691
-3.84673 2.86627 -0.25682
-3.84929 2.86706 -0.25673
-3.85166 2.86807 -0.25589
-3.85441 2.86865 -0.25656
-3.85986 2.86617 -0.26794
-3.86449 2.86475 -0.27573
-3.86713 2.86556 -0.27564
-3.86934 2.86683 -0.27396
-3.87155 2.86809 -0.27228
-3.87417 2.86890 -0.27219
-3.87680 2.86971 -0.27210
-3.87964 2.87031 -0.27280
-3.88227 2.87112 -0.27271
-3.88399 2.87280 -0.26947
-3.88524 2.87488 -0.26472
-3.82381 2.86488 -0.24965
-3.82634 2.86566 -0.24956
-3.82918 2.86602 -0.25094
-3.83219 2.86615 -0.25308
-3.83522 2.86629 -0.25522
-3.83810 2.86665 -0.25663
-3.84100 2.86701 -0.25805
-3.84356 2.86780 -0.25796
-3.84595 2.86881 -0.25712
-3.84851 2.86961 -0.25703
-3.85088 2.87061 -0.25619
-3.85363 2.87119 -0.25685
-3.85656 2.87156 -0.25827
-3.86168 2.86957 -0.26815
-3.86428 2.87038 -0.26806
-3.86668 2.87140 -0.26719
-3.86928 2.87221 -0.26711
-3.87167 2.87323 -0.26624
-3.87449 2.87382 -0.26693
-3.87709 2.87463 -0.26684
-3.87969 2.87544 -0.26675
-3.88185 2.87666 -0.26511
-3.88310 2.87870 -0.26042
-3.88456 2.88051 -0.25654
-3.88712 2.88131 -0.25646
-3.82887 2.86790 -0.25346
-3.83157 2.86847 -0.25411
-3.83477 2.86840 -0.25702
-3.83766 2.86877 -0.25843
-3.84022 2.86956 -0.25835
-3.84278 2.87036 -0.25826
-3.84517 2.87136 -0.25741
-3.84755 2.87237 -0.25658
-3.85011 2.87316 -0.25649
-3.85285 2.87374 -0.25715
-3.85559 2.87433 -0.25781
-3.85873 2.87450 -0.26000
-3.86130 2.87529 -0.25991
-3.86388 2.87609 -0.25982
-3.86625 2.87709 -0.25897
-3.86881 2.87789 -0.25888
-3.87159 2.87848 -0.25955
-3.87437 2.87908 -0.26022
-3.87695 2.87987 -0.26013
-3.87909 2.88108 -0.25853
-3.88144 2.88207 -0.25768
-3.88356 2.88326 -0.25609
-3.88612 2.88406 -0.25600
-3.88250 2.89855 -0.21164
-3.83111 2.87058 -0.25590
-3.83415 2.87074 -0.25807
-3.83688 2.87132 -0.25873
-3.83944 2.87211 -0.25864
-3.84200 2.87291 -0.25855
-3.84456 2.87370 -0.25847
-3.84695 2.87470 -0.25762
-3.84951 2.87550 -0.25754
-3.85225 2.87608 -0.25820
-3.85500 2.87667 -0.25887
-3.85795 2.87706 -0.26029
-3.86052 2.87785 -0.26021
-3.86309 2.87865 -0.26012
-3.86546 2.87965 -0.25927
-3.86803 2.88045 -0.25918
-3.87081 2.88104 -0.25985
-3.87359 2.88164 -0.26052
-3.87616 2.88244 -0.26043
-3.87830 2.88363 -0.25883
-3.88065 2.88462 -0.25798
-3.88300 2.88562 -0.25714
-3.88579 2.88622 -0.25780
-3.87980 2.89985 -0.21331
-3.88218 2.90059 -0.21322
-3.88333 2.90231 -0.20925
-3.83883 2.87445 -0.25970
-3.84122 2.87546 -0.25885
-3.84378 2.87625 -0.25876
-3.84635 2.87705 -0.25867
-3.84891 2.87784 -0.25859
-3.85165 2.87843 -0.25925
-3.85459 2.87882 -0.26068
-3.85832 2.87839 -0.26518
-3.86091 2.87919 -0.26509
-3.86350 2.88000 -0.26500
-3.86548 2.88141 -0.26261
-3.86806 2.88221 -0.26252
-3.87127 2.88240 -0.26474
-3.87386 2.88321 -0.26465
-3.87645 2.88401 -0.26456
-3.87839 2.88541 -0.26217
-3.88031 2.88679 -0.25979
-3.88244 2.88797 -0.25819
-3.85494 2.88017 -0.26557
-3.85811 2.88036 -0.26781
-3.86051 2.88137 -0.26694
-3.86271 2.88257 -0.26531
-3.86530 2.88338 -0.26522
-3.86789 2.88418 -0.26513
-3.87069 2.88478 -0.26581
-3.87349 2.88539 -0.26649
-3.87587 2.88639 -0.26563
-3.87825 2.88739 -0.26477
-3.88040 2.88858 -0.26314
-3.88254 2.88977 -0.26153
-3.85178 2.84024 -0.25319
-3.85509 2.84004 -0.25610
-3.85939 2.83858 -0.26287
-3.85082 2.84303 -0.25274
-3.85393 2.84309 -0.25490
-3.85841 2.84141 -0.26240
-3.86140 2.84172 -0.26385
-3.85004 2.84557 -0.25304
-3.85296 2.84588 -0.25444
-3.85743 2.84424 -0.26193
-3.86021 2.84480 -0.26261
-3.86321 2.84511 -0.26406
-3.84926 2.84812 -0.25333
-3.85218 2.84843 -0.25474
-3.85493 2.84899 -0.25540
-3.85923 2.84762 -0.26214
-3.86221 2.84794 -0.26359
-3.86562 2.84777 -0.26660
-3.84849 2.85066 -0.25363
-3.85122 2.85121 -0.25429
-3.85396 2.85177 -0.25495
-3.85671 2.85233 -0.25561
-3.86103 2.85100 -0.26236
-3.86688 2.84793 -0.27478
-3.87016 2.84801 -0.27709
-3.84753 2.85343 -0.25318
-3.85008 2.85422 -0.25309
-3.85281 2.85478 -0.25375
-3.85556 2.85534 -0.25441
-3.85830 2.85591 -0.25507
-3.86670 2.84983 -0.27749
-3.86977 2.85016 -0.27901
-3.87222 2.85123 -0.27811
-3.84587 2.85711 -0.24977
-3.84841 2.85790 -0.24969
-3.85076 2.85891 -0.24886
-3.85329 2.85969 -0.24878
-3.85564 2.86070 -0.24795
-3.85761 2.86214 -0.24568
-3.86897 2.85280 -0.27932
-3.87184 2.85338 -0.28003
-3.84510 2.85963 -0.25007
-3.84764 2.86042 -0.24998
-3.84999 2.86143 -0.24916
-3.85252 2.86221 -0.24907
-3.85432 2.86387 -0.24606
-3.85646 2.86508 -0.24452
-3.85898 2.86586 -0.24443
-3.87081 2.85627 -0.27953
-3.87282 2.85780 -0.27703
-3.87547 2.85862 -0.27693
-3.84179 2.86137 -0.25045
-3.84502 2.86127 -0.25332
-3.84757 2.86206 -0.25324
-3.85012 2.86285 -0.25315
-3.85267 2.86364 -0.25306
-3.85410 2.86573 -0.24854
-3.85570 2.86759 -0.24481
-3.85803 2.86858 -0.24400
-3.86054 2.86936 -0.24391
-3.86402 2.86908 -0.24746
-3.87488 2.86103 -0.27804
-3.87753 2.86185 -0.27795
-3.88018 2.86267 -0.27786
-3.83882 2.86267 -0.25231
-3.84170 2.86302 -0.25371
-3.84442 2.86359 -0.25437
-3.84715 2.86416 -0.25502
-3.84970 2.86495 -0.25494
-3.85226 2.86574 -0.25485
-3.85444 2.86697 -0.25327
-3.85493 2.87009 -0.24510
-3.85745 2.87087 -0.24501
-3.85977 2.87186 -0.24420
-3.86286 2.87201 -0.24629
-3.86717 2.87091 -0.25283
-3.87054 2.87086 -0.25573
-3.87310 2.87165 -0.25564
-3.87566 2.87245 -0.25555
-3.87843 2.87303 -0.25621
-3.88100 2.87382 -0.25613
-3.88356 2.87462 -0.25604
-3.83550 2.86441 -0.25269
-3.83855 2.86455 -0.25484
-3.84127 2.86512 -0.25550
-3.84417 2.86547 -0.25691
-3.84655 2.86648 -0.25607
-3.84911 2.86728 -0.25598
-3.85148 2.86828 -0.25514
-3.85385 2.86929 -0.25431
-3.85435 2.87239 -0.24612
-3.85668 2.87337 -0.24531
-3.85939 2.87395 -0.24595
-3.86365 2.87287 -0.25247
-3.86660 2.87324 -0.25387
-3.86935 2.87382 -0.25453
-3.87170 2.87482 -0.25369
-3.87425 2.87561 -0.25361
-3.87659 2.87661 -0.25277
-3.87914 2.87740 -0.25269
-3.88234 2.87758 -0.25483
-3.88348 2.88273 -0.24147
-3.87963 2.88910 -0.22058
-3.87979 2.89180 -0.21321
-3.88198 2.89272 -0.21247
-3.82965 2.86537 -0.25316
-3.83219 2.86615 -0.25308
-3.83505 2.86651 -0.25448
-3.83777 2.86708 -0.25513
-3.84066 2.86744 -0.25654
-3.84339 2.86802 -0.25721
-3.84577 2.86903 -0.25637
-3.84833 2.86982 -0.25628
-3.85070 2.87083 -0.25544
-3.85307 2.87183 -0.25461
-3.85358 2.87489 -0.24641
-3.85592 2.87588 -0.24560
-3.85862 2.87645 -0.24624
-3.86288 2.87540 -0.25276
-3.86582 2.87578 -0.25417
-3.86857 2.87637 -0.25482
-3.87092 2.87736 -0.25399
-3.87347 2.87815 -0.25390
-3.87581 2.87914 -0.25307
-3.87793 2.88033 -0.25150
-3.88047 2.88112 -0.25141
-3.88171 2.88309 -0.24691
-3.88271 2.88522 -0.24176
-3.88349 2.88750 -0.23598
-3.87906 2.89418 -0.21349
-3.88084 2.89544 -0.21145
-3.88261 2.89668 -0.20942
-3.83444 2.86883 -0.25552
-3.83732 2.86920 -0.25693
-3.83988 2.86999 -0.25684
-3.84244 2.87078 -0.25675
-3.84499 2.87157 -0.25666
-3.84737 2.87258 -0.25583
-3.84992 2.87337 -0.25574
-3.85229 2.87437 -0.25490
-3.85336 2.87679 -0.24890
-3.85533 2.87818 -0.24662
-3.85842 2.87836 -0.24872
-3.86269 2.87732 -0.25530
-3.86524 2.87812 -0.25521
-3.86800 2.87871 -0.25587
-3.87056 2.87950 -0.25578
-3.87311 2.88029 -0.25569
-3.87525 2.88148 -0.25411
-3.87780 2.88227 -0.25402
-3.88056 2.88287 -0.25468
-3.88268 2.88405 -0.25310
-3.88169 2.89921 -0.20905
-3.88344 2.90044 -0.20704
-3.83927 2.87232 -0.25789
-3.84183 2.87312 -0.25780
-3.84421 2.87412 -0.25696
-3.84659 2.87512 -0.25612
-3.84915 2.87591 -0.25603
-3.85170 2.87670 -0.25595
-3.85388 2.87790 -0.25436
-3.85568 2.87949 -0.25131
-3.85955 2.87887 -0.25643
-3.86250 2.87926 -0.25785
-3.86506 2.88006 -0.25776
-3.86783 2.88065 -0.25842
-3.87039 2.88144 -0.25834
-3.87275 2.88244 -0.25749
-3.87510 2.88343 -0.25665
-3.87723 2.88462 -0.25506
-3.87979 2.88541 -0.25498
-3.88234 2.88620 -0.25489
-3.88333 2.90231 -0.20925
-3.88285 2.90528 -0.20027
-3.85092 2.87924 -0.25624
-3.85348 2.88003 -0.25615
-3.85622 2.88063 -0.25682
-3.85935 2.88082 -0.25899
-3.86231 2.88121 -0.26041
-3.86468 2.88221 -0.25957
-3.86745 2.88281 -0.26024
-3.86961 2.88400 -0.25863
-3.87218 2.88479 -0.25855
-3.87474 2.88559 -0.25846
-3.87709 2.88658 -0.25761
-3.87966 2.88737 -0.25753
-3.87888 2.88992 -0.25782
-3.88144 2.89072 -0.25773
-3.85559 2.83206 -0.26167
-3.85367 2.83618 -0.25740
-3.85720 2.83570 -0.26112
-3.85999 2.83625 -0.26180
-3.85160 2.84049 -0.25244
-3.85471 2.84054 -0.25460
-3.85746 2.84109 -0.25526
-3.86179 2.83963 -0.26201
-3.85046 2.84352 -0.25125
-3.85337 2.84382 -0.25265
-3.85611 2.84437 -0.25331
-3.85925 2.84444 -0.25547
-3.86320 2.84352 -0.26069
-3.86660 2.84333 -0.26367
-3.84950 2.84630 -0.25081
-3.85223 2.84685 -0.25146
-3.85477 2.84764 -0.25137
-3.85770 2.84795 -0.25277
-3.86103 2.84778 -0.25568
-3.86560 2.84616 -0.26320
-3.84819 2.84954 -0.24889
-3.85072 2.85032 -0.24880
-3.85344 2.85088 -0.24945
-3.85636 2.85120 -0.25084
-3.85948 2.85128 -0.25298
-3.86282 2.85113 -0.25589
-3.86844 2.84834 -0.26729
-3.84941 2.85354 -0.24690
-3.85194 2.85432 -0.24681
-3.85521 2.85419 -0.24966
-3.85813 2.85452 -0.25105
-3.86145 2.85438 -0.25394
-3.86540 2.85355 -0.25912
-3.87238 2.84932 -0.27540
-3.84847 2.85628 -0.24646
-3.85117 2.85684 -0.24710
-3.85370 2.85762 -0.24702
-3.85735 2.85705 -0.25134
-3.86067 2.85693 -0.25423
-3.86442 2.85635 -0.25866
-3.87051 2.85316 -0.27173
-3.87421 2.85277 -0.27561
-3.84770 2.85879 -0.24675
-3.85022 2.85958 -0.24667
-3.85293 2.86014 -0.24731
-3.85658 2.85958 -0.25164
-3.85970 2.85970 -0.25378
-3.86304 2.85959 -0.25669
-3.86866 2.85695 -0.26811
-3.87319 2.85564 -0.27512
-3.87627 2.85599 -0.27663
-3.84406 2.86096 -0.24568
-3.84675 2.86153 -0.24632
-3.84945 2.86209 -0.24696
-3.85216 2.86265 -0.24760
-3.85580 2.86212 -0.25193
-3.85892 2.86224 -0.25408
-3.86206 2.86237 -0.25624
-3.86542 2.86227 -0.25917
-3.87048 2.86036 -0.26832
-3.87503 2.85909 -0.27533
-3.87811 2.85944 -0.27684
-3.88121 2.85980 -0.27836
-3.83793 2.86235 -0.24469
-3.84061 2.86291 -0.24533
-3.84330 2.86347 -0.24597
-3.84599 2.86403 -0.24661
-3.84851 2.86482 -0.24652
-3.85121 2.86538 -0.24717
-3.85447 2.86530 -0.25001
-3.85757 2.86544 -0.25214
-3.86069 2.86557 -0.25429
-3.86384 2.86571 -0.25645
-3.86721 2.86563 -0.25938
-3.87124 2.86489 -0.26465
-3.87491 2.86458 -0.26844
-3.87840 2.86449 -0.27149
-3.88329 2.86303 -0.27938
-3.88617 2.86363 -0.28010
-3.82490 2.86051 -0.24687
-3.83465 2.86407 -0.24507
-3.83733 2.86463 -0.24571
-3.83984 2.86541 -0.24562
-3.84253 2.86598 -0.24626
-3.84522 2.86654 -0.24690
-3.84792 2.86711 -0.24755
-3.85044 2.86789 -0.24746
-3.85370 2.86783 -0.25031
-3.85623 2.86861 -0.25022
-3.85877 2.86940 -0.25013
-3.86111 2.87039 -0.24931
-3.86345 2.87139 -0.24849
-3.86598 2.87217 -0.24840
-3.86871 2.87275 -0.24905
-3.87124 2.87353 -0.24896
-3.87377 2.87432 -0.24887
-3.87631 2.87510 -0.24878
-3.88599 2.87865 -0.24697
-3.88763 2.88022 -0.24397
-3.88237 2.88781 -0.21888
-3.88353 2.88963 -0.21482
-3.83405 2.86636 -0.24609
-3.83656 2.86714 -0.24600
-3.83908 2.86792 -0.24591
-3.84193 2.86827 -0.24728
-3.84445 2.86905 -0.24720
-3.84715 2.86962 -0.24784
-3.85003 2.86999 -0.24922
-3.85292 2.87035 -0.25060
-3.85546 2.87114 -0.25051
-3.85800 2.87192 -0.25043
-3.86034 2.87292 -0.24960
-3.86268 2.87391 -0.24878
-3.86521 2.87469 -0.24869
-3.86794 2.87527 -0.24934
-3.87047 2.87606 -0.24925
-3.87300 2.87684 -0.24916
-3.87553 2.87763 -0.24908
-3.87892 2.87760 -0.25194
-3.88103 2.87879 -0.25038
-3.88489 2.87837 -0.25475
-3.88611 2.88037 -0.25020
-3.88163 2.89021 -0.21916
-3.88280 2.89202 -0.21510
-3.88520 2.89276 -0.21501
-3.88633 2.89454 -0.21101
-3.83328 2.86886 -0.24638
-3.83596 2.86943 -0.24702
-3.83864 2.87000 -0.24766
-3.84133 2.87057 -0.24831
-3.84420 2.87094 -0.24968
-3.84673 2.87172 -0.24960
-3.84962 2.87209 -0.25098
-3.85307 2.87183 -0.25461
-3.85562 2.87262 -0.25452
-3.85817 2.87341 -0.25443
-3.86072 2.87420 -0.25434
-3.86327 2.87499 -0.25425
-3.86582 2.87578 -0.25417
-3.86817 2.87678 -0.25333
-3.87031 2.87797 -0.25176
-3.87202 2.87956 -0.24872
-3.87455 2.88035 -0.24864
-3.87815 2.88013 -0.25224
-3.88069 2.88092 -0.25215
-3.88412 2.88092 -0.25504
-3.88186 2.89458 -0.21472
-3.88343 2.89601 -0.21202
-3.88561 2.89692 -0.21128
-3.88694 2.89849 -0.20797
-3.84517 2.87136 -0.25741
-3.84773 2.87216 -0.25733
-3.85029 2.87295 -0.25724
-3.85285 2.87374 -0.25715
-3.85541 2.87454 -0.25706
-3.85796 2.87533 -0.25697
-3.86052 2.87612 -0.25689
-3.86308 2.87692 -0.25680
-3.86544 2.87791 -0.25596
-3.86780 2.87891 -0.25512
-3.87015 2.87990 -0.25429
-3.87228 2.88109 -0.25271
-3.87483 2.88188 -0.25262
-3.87822 2.88188 -0.25552
-3.88078 2.88267 -0.25543
-3.88625 2.88086 -0.26523
-3.88196 2.89628 -0.21764
-3.88353 2.89771 -0.21491
-3.88509 2.89912 -0.21221
-3.88622 2.90085 -0.20825
-3.86429 2.87742 -0.26470
-3.86688 2.87822 -0.26461
-3.86947 2.87902 -0.26453
-3.87227 2.87962 -0.26521
-3.87508 2.88022 -0.26589
-3.87789 2.88082 -0.26657
-3.88071 2.88143 -0.26726
-3.88331 2.88223 -0.26717
-3.88591 2.88304 -0.26708
-3.88852 2.88385 -0.26699
-3.88520 2.90084 -0.21511
-3.88675 2.90223 -0.21241
-3.85061 2.83260 -0.23519
-3.86280 2.82000 -0.27293
-3.84733 2.83430 -0.23557
-3.84983 2.83508 -0.23550
-3.85270 2.83537 -0.23687
-3.86463 2.82348 -0.27319
-3.84656 2.83678 -0.23589
-3.84924 2.83732 -0.23653
-3.85192 2.83786 -0.23718
-3.86319 2.82694 -0.27112
-3.84596 2.83902 -0.23692
-3.84864 2.83956 -0.23757
-3.85115 2.84035 -0.23750
-3.85402 2.84065 -0.23887
-3.86297 2.83307 -0.26351
-3.84769 2.84230 -0.23717
-3.85056 2.84260 -0.23853
-3.85325 2.84315 -0.23919
-3.85651 2.84297 -0.24201
-3.86396 2.83752 -0.26067
-3.86676 2.83808 -0.26137
-3.84709 2.84455 -0.23820
-3.84978 2.84510 -0.23885
-3.85247 2.84565 -0.23950
-3.85536 2.84596 -0.24088
-3.85864 2.84579 -0.24372
-3.86413 2.84293 -0.25481
-3.84632 2.84704 -0.23852
-3.84918 2.84735 -0.23989
-3.85170 2.84814 -0.23982
-3.85421 2.84893 -0.23975
-3.85710 2.84925 -0.24113
-3.86038 2.84910 -0.24397
-3.86390 2.84871 -0.24758
-3.84572 2.84930 -0.23955
-3.84841 2.84985 -0.24021
-3.85092 2.85064 -0.24014
-3.85343 2.85143 -0.24007
-3.85594 2.85222 -0.24000
-3.85846 2.85301 -0.23993
-3.86097 2.85380 -0.23986
-3.86368 2.85436 -0.24052
-3.87237 2.84805 -0.26292
-3.84244 2.85100 -0.23994
-3.84512 2.85156 -0.24059
-3.84763 2.85235 -0.24052
-3.85014 2.85314 -0.24046
-3.85266 2.85393 -0.24039
-3.85517 2.85472 -0.24032
-3.85768 2.85551 -0.24025
-3.86019 2.85630 -0.24018
-3.86271 2.85709 -0.24011
-3.86601 2.85697 -0.24294
-3.87038 2.85571 -0.24950
-3.83915 2.85271 -0.24033
-3.84183 2.85327 -0.24098
-3.84434 2.85406 -0.24091
-3.84686 2.85485 -0.24084
-3.84937 2.85564 -0.24077
-3.85188 2.85643 -0.24070
-3.85439 2.85721 -0.24064
-3.85690 2.85800 -0.24057
-3.85942 2.85879 -0.24050
-3.86212 2.85936 -0.24115
-3.86563 2.85903 -0.24472
-3.86959 2.85824 -0.24982
-3.87256 2.85859 -0.25124
-3.82772 2.85297 -0.23804
-3.83006 2.85398 -0.23726
-3.83256 2.85477 -0.23719
-3.83570 2.85464 -0.23999
-3.83838 2.85520 -0.24064
-3.84105 2.85576 -0.24130
-3.84357 2.85655 -0.24123
-3.84608 2.85734 -0.24116
-3.84859 2.85813 -0.24109
-3.85110 2.85892 -0.24102
-3.85362 2.85971 -0.24095
-3.85613 2.86050 -0.24089
-3.85902 2.86085 -0.24227
-3.86193 2.86120 -0.24365
-3.86485 2.86155 -0.24504
-3.86860 2.86100 -0.24940
-3.87156 2.86136 -0.25082
-3.87432 2.86193 -0.25150
-3.82695 2.85545 -0.23836
-3.82929 2.85646 -0.23758
-3.83179 2.85725 -0.23751
-3.83493 2.85713 -0.24031
-3.83760 2.85770 -0.24096
-3.84028 2.85826 -0.24161
-3.84279 2.85905 -0.24155
-3.84530 2.85984 -0.24148
-3.84782 2.86063 -0.24141
-3.85033 2.86142 -0.24134
-3.85284 2.86221 -0.24127
-3.85554 2.86278 -0.24193
-3.85824 2.86335 -0.24258
-3.86115 2.86370 -0.24397
-3.86387 2.86428 -0.24463
-3.86660 2.86486 -0.24529
-3.87098 2.86367 -0.25189
-3.86702 2.88699 -0.18758
-3.86932 2.88771 -0.18752
-3.87162 2.88843 -0.18746
-3.87449 2.88863 -0.18921
-3.87955 2.88690 -0.19780
-3.82852 2.85894 -0.23789
-3.83102 2.85973 -0.23782
-3.83415 2.85963 -0.24062
-3.83683 2.86019 -0.24128
-3.83950 2.86076 -0.24193
-3.84201 2.86155 -0.24186
-3.84453 2.86234 -0.24179
-3.84704 2.86313 -0.24173
-3.84955 2.86392 -0.24166
-3.85206 2.86471 -0.24159
-3.85476 2.86528 -0.24224
-3.85747 2.86585 -0.24290
-3.86037 2.86621 -0.24429
-3.86289 2.86701 -0.24422
-3.86542 2.86780 -0.24415
-3.86794 2.86859 -0.24408
-3.86631 2.88927 -0.18787
-3.86861 2.89000 -0.18781
-3.87091 2.89072 -0.18775
-3.87359 2.89110 -0.18890
-3.87745 2.89045 -0.19373
-3.88017 2.89083 -0.19491
-3.88250 2.89157 -0.19485
-3.83338 2.86212 -0.24094
-3.83621 2.86247 -0.24232
-3.83873 2.86326 -0.24225
-3.84124 2.86405 -0.24218
-3.84375 2.86484 -0.24211
-3.84626 2.86562 -0.24204
-3.84878 2.86641 -0.24198
-3.85147 2.86699 -0.24263
-3.85398 2.86778 -0.24256
-3.85669 2.86836 -0.24322
-3.85921 2.86915 -0.24315
-3.86211 2.86952 -0.24454
-3.86464 2.87031 -0.24447
-3.86716 2.87110 -0.24440
-3.86969 2.87190 -0.24433
-3.86790 2.89228 -0.18810
-3.87020 2.89300 -0.18804
-3.87269 2.89356 -0.18858
-3.87673 2.89276 -0.19403
-3.87925 2.89332 -0.19458
-3.88158 2.89405 -0.19452
-3.88370 2.89495 -0.19384
-3.83293 2.86417 -0.24270
-3.83544 2.86496 -0.24264
-3.83795 2.86575 -0.24257
-3.84046 2.86654 -0.24250
-3.84297 2.86733 -0.24243
-3.84566 2.86791 -0.24309
-3.84818 2.86870 -0.24302
-3.85069 2.86949 -0.24295
-3.85321 2.87028 -0.24288
-3.85591 2.87086 -0.24354
-3.85843 2.87165 -0.24347
-3.86133 2.87203 -0.24486
-3.86386 2.87282 -0.24479
-3.86638 2.87361 -0.24472
-3.87200 2.87125 -0.25580
-3.86719 2.89457 -0.18839
-3.86949 2.89529 -0.18833
-3.87198 2.89585 -0.18887
-3.87543 2.89557 -0.19247
-3.87814 2.89597 -0.19364
-3.88066 2.89653 -0.19419
-3.88278 2.89743 -0.19351
-3.85483 2.86240 -0.27380
-3.85747 2.86323 -0.27372
-3.85428 2.87068 -0.25054
-3.85683 2.87148 -0.25048
-3.86152 2.86992 -0.25869
-3.86614 2.86855 -0.26633
-3.86875 2.86937 -0.26626
-3.87093 2.87063 -0.26463
-3.87615 2.86881 -0.27402
-3.87924 2.86919 -0.27555
-3.88234 2.86958 -0.27709
-3.86896 2.89741 -0.18922
-3.87221 2.89731 -0.19221
-3.87549 2.89721 -0.19524
-3.87762 2.89811 -0.19455
-3.87974 2.89900 -0.19387
-3.88206 2.89973 -0.19381
-3.87438 2.89985 -0.19429
-3.87670 2.90058 -0.19423
-3.87903 2.90131 -0.19416
-3.88135 2.90204 -0.19410
-3.87850 2.90346 -0.19508
-3.88063 2.90435 -0.19439
-3.85305 2.83763 -0.22523
-3.85229 2.84008 -0.22555
-3.85475 2.84085 -0.22548
-3.86972 2.82542 -0.27224
-3.85153 2.84252 -0.22586
-3.85399 2.84330 -0.22579
-3.85682 2.84360 -0.22711
-3.87112 2.82943 -0.27091
-3.85113 2.84450 -0.22755
-3.85359 2.84527 -0.22749
-3.85606 2.84605 -0.22742
-3.85871 2.84659 -0.22805
-3.87295 2.83289 -0.27117
-3.85054 2.84672 -0.22856
-3.85301 2.84749 -0.22849
-3.85548 2.84827 -0.22843
-3.85851 2.84835 -0.23045
-3.87213 2.83552 -0.27150
-3.87478 2.83635 -0.27143
-3.85243 2.84972 -0.22950
-3.85527 2.85003 -0.23083
-3.85793 2.85058 -0.23147
-3.86136 2.85021 -0.23493
-3.87353 2.83950 -0.27017
-3.87750 2.83877 -0.27490
-3.85202 2.85172 -0.23122
-3.85468 2.85227 -0.23185
-3.85772 2.85236 -0.23390
-3.86059 2.85269 -0.23525
-3.86328 2.85324 -0.23589
-3.87426 2.84421 -0.26649
-3.87888 2.84276 -0.27356
-3.85161 2.85373 -0.23294
-3.85465 2.85383 -0.23499
-3.85733 2.85438 -0.23563
-3.86001 2.85494 -0.23628
-3.86251 2.85573 -0.23621
-3.86501 2.85651 -0.23614
-3.86612 2.85885 -0.23112
-3.88140 2.84547 -0.27624
-3.85157 2.85530 -0.23609
-3.85406 2.85608 -0.23602
-3.85674 2.85664 -0.23666
-3.85924 2.85742 -0.23659
-3.86174 2.85821 -0.23653
-3.86231 2.86119 -0.22941
-3.86458 2.86218 -0.22864
-3.88058 2.84811 -0.27657
-3.88324 2.84895 -0.27650
-3.84742 2.85811 -0.23293
-3.85098 2.85755 -0.23711
-3.85347 2.85834 -0.23705
-3.85597 2.85912 -0.23698
-3.85828 2.86013 -0.23620
-3.86058 2.86113 -0.23542
-3.86135 2.86386 -0.22902
-3.86382 2.86464 -0.22895
-3.87975 2.85076 -0.27691
-3.88241 2.85159 -0.27684
-3.88507 2.85243 -0.27676
-3.82666 2.85456 -0.23308
-3.82898 2.85557 -0.23231
-3.83130 2.85657 -0.23154
-3.83346 2.85779 -0.23007
-3.83592 2.85856 -0.23001
-3.83839 2.85934 -0.22994
-3.84102 2.85989 -0.23057
-3.84366 2.86045 -0.23120
-3.84666 2.86057 -0.23324
-3.85020 2.86003 -0.23743
-3.85270 2.86082 -0.23736
-3.85520 2.86160 -0.23729
-3.85751 2.86261 -0.23651
-3.85963 2.86383 -0.23502
-3.86059 2.86631 -0.22933
-3.86306 2.86709 -0.22927
-3.86533 2.86807 -0.22850
-3.89392 2.85936 -0.27359
-3.87191 2.88364 -0.19334
-3.87404 2.88455 -0.19266
-3.82589 2.85703 -0.23339
-3.82837 2.85780 -0.23332
-3.83069 2.85880 -0.23255
-3.83270 2.86024 -0.23039
-3.83516 2.86101 -0.23032
-3.83763 2.86179 -0.23025
-3.84026 2.86235 -0.23088
-3.84290 2.86291 -0.23151
-3.84606 2.86282 -0.23426
-3.84943 2.86252 -0.23775
-3.85193 2.86330 -0.23768
-3.85424 2.86430 -0.23690
-3.85674 2.86509 -0.23683
-3.85886 2.86630 -0.23534
-3.86021 2.86835 -0.23104
-3.86230 2.86954 -0.22958
-3.86476 2.87032 -0.22951
-3.86982 2.86837 -0.23863
-3.87229 2.88193 -0.20503
-3.87195 2.88523 -0.19611
-3.87371 2.88650 -0.19419
-3.87662 2.88670 -0.19599
-3.88239 2.88436 -0.20671
-3.88990 2.88060 -0.22257
-3.88842 2.88476 -0.21048
-3.88973 2.88642 -0.20716
-3.89125 2.88789 -0.20452
-3.82787 2.85544 -0.24665
-3.82761 2.86027 -0.23364
-3.82993 2.86126 -0.23287
-3.83209 2.86247 -0.23140
-3.83440 2.86347 -0.23063
-3.83687 2.86424 -0.23056
-3.83950 2.86480 -0.23119
-3.84214 2.86537 -0.23183
-3.84529 2.86529 -0.23457
-3.84813 2.86565 -0.23592
-3.85116 2.86579 -0.23799
-3.85347 2.86678 -0.23721
-3.85578 2.86778 -0.23643
-3.85790 2.86898 -0.23494
-3.85944 2.87081 -0.23135
-3.86172 2.87179 -0.23059
-3.86439 2.87236 -0.23122
-3.86785 2.87211 -0.23467
-3.87155 2.87165 -0.23888
-3.87156 2.88429 -0.20533
-3.87180 2.88702 -0.19828
-3.87356 2.88829 -0.19634
-3.87688 2.88814 -0.19941
-3.88145 2.88691 -0.20636
-3.88403 2.88747 -0.20694
-3.88641 2.88822 -0.20688
-3.88815 2.88950 -0.20488
-3.88988 2.89078 -0.20290
-3.89096 2.89256 -0.19903
-3.82916 2.86372 -0.23318
-3.83133 2.86493 -0.23171
-3.83380 2.86571 -0.23164
-3.83627 2.86648 -0.23157
-3.83874 2.86726 -0.23151
-3.84137 2.86782 -0.23214
-3.84419 2.86818 -0.23348
-3.84701 2.86854 -0.23482
-3.85003 2.86869 -0.23688
-3.85252 2.86947 -0.23681
-3.85501 2.87026 -0.23675
-3.85676 2.87187 -0.23384
-3.85868 2.87326 -0.23167
-3.86096 2.87424 -0.23090
-3.86362 2.87482 -0.23153
-3.86747 2.87417 -0.23641
-3.87037 2.87455 -0.23776
-3.87411 2.87410 -0.24201
-3.87516 2.87632 -0.23691
-3.87234 2.88219 -0.21885
-3.87180 2.88574 -0.20887
-3.87320 2.88739 -0.20557
-3.87459 2.88903 -0.20231
-3.87694 2.88977 -0.20224
-3.88071 2.88927 -0.20666
-3.88309 2.89002 -0.20660
-3.88526 2.89094 -0.20589
-3.88700 2.89221 -0.20390
-3.88915 2.89312 -0.20319
-3.88939 2.89557 -0.19682
-3.83072 2.86717 -0.23272
-3.83319 2.86795 -0.23265
-3.83566 2.86873 -0.23259
-3.83814 2.86950 -0.23252
-3.84061 2.87028 -0.23245
-3.84308 2.87106 -0.23238
-3.84590 2.87142 -0.23372
-3.84873 2.87179 -0.23507
-3.85139 2.87236 -0.23571
-3.85351 2.87356 -0.23422
-3.85526 2.87514 -0.23135
-3.85754 2.87612 -0.23058
-3.86001 2.87690 -0.23051
-3.86286 2.87727 -0.23184
-3.86710 2.87625 -0.23815
-3.86960 2.87703 -0.23808
-3.87439 2.87880 -0.23723
-3.87159 2.88460 -0.21915
-3.87106 2.88811 -0.20917
-3.87286 2.88939 -0.20716
-3.87464 2.89067 -0.20516
-3.87701 2.89141 -0.20510
-3.87978 2.89181 -0.20632
-3.88215 2.89255 -0.20625
-3.88452 2.89330 -0.20619
-3.88606 2.89473 -0.20356
-3.88675 2.89683 -0.19843
-3.88825 2.89823 -0.19587
-3.84001 2.87253 -0.23347
-3.84265 2.87311 -0.23410
-3.84548 2.87348 -0.23545
-3.84796 2.87426 -0.23538
-3.85080 2.87463 -0.23673
-3.85329 2.87542 -0.23666
-3.85486 2.87720 -0.23306
-3.85678 2.87857 -0.23089
-3.85925 2.87935 -0.23082
-3.87243 2.86909 -0.27012
-3.87637 2.86858 -0.27482
-3.87303 2.88495 -0.22695
-3.86994 2.89083 -0.20817
-3.87212 2.89175 -0.20746
-3.87391 2.89302 -0.20546
-3.87628 2.89376 -0.20540
-3.87884 2.89434 -0.20597
-3.88142 2.89491 -0.20655
-3.88338 2.89600 -0.20520
-3.88471 2.89758 -0.20195
-3.88602 2.89915 -0.19872
-3.88774 2.90038 -0.19678
-3.86920 2.89319 -0.20847
-3.87081 2.89463 -0.20582
-3.87318 2.89537 -0.20576
-3.87554 2.89612 -0.20570
-3.87831 2.89652 -0.20692
-3.88048 2.89744 -0.20621
-3.88265 2.89835 -0.20550
-3.88398 2.89992 -0.20224
-3.88551 2.90132 -0.19965
-3.88743 2.90238 -0.19833
-3.88191 2.90070 -0.20580
-3.88325 2.90226 -0.20254
-3.88519 2.90333 -0.20121
-3.87237 2.82625 -0.27217
-3.87547 2.82654 -0.27370
-3.86004 2.84342 -0.22983
-3.87421 2.82972 -0.27243
-3.87730 2.83001 -0.27397
-3.85927 2.84589 -0.23014
-3.86233 2.84596 -0.23218
-3.86520 2.84627 -0.23353
-3.87869 2.83402 -0.27262
-3.85870 2.84812 -0.23116
-3.86175 2.84820 -0.23320
-3.86443 2.84875 -0.23384
-3.86732 2.84906 -0.23519
-3.88052 2.83749 -0.27289
-3.86117 2.85044 -0.23422
-3.86405 2.85076 -0.23558
-3.86655 2.85154 -0.23551
-3.86945 2.85187 -0.23687
-3.88212 2.84121 -0.27235
-3.86059 2.85269 -0.23525
-3.86328 2.85324 -0.23589
-3.86578 2.85403 -0.23583
-3.86868 2.85436 -0.23719
-3.87118 2.85514 -0.23712
-3.88418 2.84442 -0.27341
-3.86232 2.85595 -0.23550
-3.86481 2.85674 -0.23543
-3.86711 2.85774 -0.23465
-3.86880 2.85941 -0.23176
-3.87088 2.86063 -0.23029
-3.88555 2.84839 -0.27207
-3.85867 2.85809 -0.23446
-3.86116 2.85888 -0.23439
-3.86327 2.86010 -0.23291
-3.86536 2.86132 -0.23144
-3.86744 2.86253 -0.22997
-3.86971 2.86352 -0.22920
-3.87218 2.86430 -0.22914
-3.87465 2.86507 -0.22907
-3.87692 2.86606 -0.22831
-3.85468 2.86067 -0.23202
-3.85753 2.86101 -0.23336
-3.86001 2.86179 -0.23329
-3.86212 2.86300 -0.23182
-3.86421 2.86421 -0.23035
-3.86629 2.86541 -0.22889
-3.86875 2.86619 -0.22882
-3.87122 2.86696 -0.22875
-3.87389 2.86753 -0.22938
-3.87615 2.86851 -0.22862
-3.87862 2.86929 -0.22855
-3.88109 2.87006 -0.22848
-3.82929 2.85512 -0.23371
-3.83146 2.85634 -0.23224
-3.83362 2.85757 -0.23077
-3.83592 2.85856 -0.23001
-3.83839 2.85934 -0.22994
-3.84086 2.86011 -0.22987
-3.84332 2.86089 -0.22980
-3.84579 2.86166 -0.22974
-3.84826 2.86244 -0.22967
-3.85108 2.86278 -0.23100
-3.85373 2.86334 -0.23163
-3.85639 2.86391 -0.23227
-3.85868 2.86490 -0.23150
-3.86097 2.86589 -0.23073
-3.86306 2.86709 -0.22927
-3.86533 2.86807 -0.22850
-3.86779 2.86885 -0.22844
-3.87046 2.86941 -0.22906
-3.88237 2.87370 -0.22734
-3.88483 2.87447 -0.22727
-3.88707 2.87544 -0.22651
-3.88799 2.87760 -0.22165
-3.89021 2.87856 -0.22090
-3.89176 2.88010 -0.21814
-3.83085 2.85858 -0.23326
-3.83317 2.85958 -0.23248
-3.83516 2.86101 -0.23032
-3.83763 2.86179 -0.23025
-3.84010 2.86256 -0.23018
-3.84256 2.86334 -0.23012
-3.84503 2.86411 -0.23005
-3.84767 2.86468 -0.23068
-3.85032 2.86524 -0.23131
-3.85297 2.86580 -0.23194
-3.85544 2.86658 -0.23188
-3.85792 2.86736 -0.23181
-3.85983 2.86877 -0.22964
-3.86230 2.86954 -0.22958
-3.86457 2.87052 -0.22881
-3.86703 2.87130 -0.22875
-3.86970 2.87187 -0.22938
-3.87390 2.88632 -0.19481
-3.87584 2.88741 -0.19350
-3.88616 2.88099 -0.21858
-3.88859 2.88175 -0.21851
-3.89058 2.88289 -0.21710
-3.89168 2.88477 -0.21305
-3.89147 2.88771 -0.20516
-3.89297 2.88917 -0.20253
-3.89339 2.89149 -0.19679
-3.83240 2.86204 -0.23280
-3.83440 2.86347 -0.23063
-3.83687 2.86424 -0.23056
-3.83933 2.86502 -0.23050
-3.84180 2.86579 -0.23043
-3.84444 2.86636 -0.23106
-3.84691 2.86713 -0.23099
-3.84973 2.86749 -0.23232
-3.85220 2.86826 -0.23226
-3.85468 2.86904 -0.23219
-3.85716 2.86982 -0.23212
-3.85963 2.87060 -0.23205
-3.86153 2.87199 -0.22989
-3.86400 2.87277 -0.22982
-3.86647 2.87354 -0.22975
-3.86933 2.87391 -0.23108
-3.87343 2.87306 -0.23667
-3.87180 2.88702 -0.19828
-3.87318 2.88864 -0.19510
-3.87512 2.88972 -0.19380
-3.87883 2.88923 -0.19809
-3.88362 2.88783 -0.20565
-3.88599 2.88858 -0.20559
-3.88815 2.88950 -0.20488
-3.89009 2.89060 -0.20353
-3.89096 2.89256 -0.19903
-3.89181 2.89449 -0.19459
-3.89372 2.89556 -0.19329
-3.83627 2.86648 -0.23157
-3.83874 2.86726 -0.23151
-3.84121 2.86803 -0.23144
-3.84367 2.86881 -0.23137
-3.84649 2.86917 -0.23271
-3.84914 2.86974 -0.23334
-3.85198 2.87010 -0.23468
-3.85446 2.87088 -0.23462
-3.85695 2.87166 -0.23455
-3.85887 2.87306 -0.23237
-3.86077 2.87444 -0.23020
-3.86324 2.87522 -0.23013
-3.86571 2.87599 -0.23007
-3.86896 2.87597 -0.23280
-3.87266 2.87554 -0.23698
-3.87262 2.88793 -0.20365
-3.87342 2.89008 -0.19852
-3.87576 2.89082 -0.19845
-3.87910 2.89068 -0.20154
-3.88268 2.89037 -0.20531
-3.88526 2.89094 -0.20589
-3.88742 2.89186 -0.20518
-3.88852 2.89364 -0.20129
-3.88960 2.89540 -0.19744
-3.89067 2.89714 -0.19365
-3.89194 2.89869 -0.19051
-3.83846 2.86909 -0.23392
-3.84094 2.86987 -0.23386
-3.84342 2.87064 -0.23379
-3.84607 2.87122 -0.23443
-3.84944 2.87096 -0.23791
-3.85248 2.87112 -0.23999
-3.85498 2.87191 -0.23992
-3.85730 2.87290 -0.23914
-3.85961 2.87389 -0.23835
-3.86153 2.87529 -0.23615
-3.86402 2.87607 -0.23608
-3.86891 2.87440 -0.24465
-3.87125 2.88793 -0.20982
-3.87189 2.89028 -0.20394
-3.87425 2.89102 -0.20388
-3.87641 2.89194 -0.20318
-3.87897 2.89250 -0.20375
-3.88215 2.89255 -0.20625
-3.88452 2.89330 -0.20619
-3.88648 2.89439 -0.20484
-3.88758 2.89615 -0.20095
-3.88867 2.89789 -0.19711
-3.88996 2.89945 -0.19394
-3.89081 2.90131 -0.18958
-3.85910 2.86519 -0.26969
-3.86152 2.86624 -0.26883
-3.86435 2.86684 -0.26954
-3.86844 2.86609 -0.27504
-3.87087 2.86715 -0.27416
-3.87351 2.86798 -0.27409
-3.87615 2.86881 -0.27402
-3.89030 2.87208 -0.27687
-3.87212 2.89175 -0.20746
-3.87352 2.89337 -0.20418
-3.87588 2.89411 -0.20411
-3.87905 2.89416 -0.20662
-3.88142 2.89491 -0.20655
-3.88379 2.89565 -0.20649
-3.88554 2.89691 -0.20450
-3.88561 2.89948 -0.19747
-3.88733 2.90071 -0.19554
-3.88924 2.90176 -0.19424
-3.89010 2.90361 -0.18988
-3.88306 2.89801 -0.20679
-3.88543 2.89876 -0.20672
-3.88633 2.90066 -0.20218
-3.88723 2.90254 -0.19770
-3.88894 2.90375 -0.19577
-3.89042 2.90512 -0.19323
-3.88737 2.82198 -0.27891
-3.89006 2.82286 -0.27880
-3.86975 2.84484 -0.22110
-3.88945 2.82525 -0.28000
-3.89214 2.82613 -0.27990
-3.89484 2.82700 -0.27980
-3.88859 2.82793 -0.28038
-3.89178 2.82824 -0.28194
-3.89448 2.82912 -0.28183
-3.89668 2.83056 -0.28006
-3.87065 2.85053 -0.22168
-3.87310 2.85133 -0.22159
-3.89412 2.83125 -0.28388
-3.89608 2.83296 -0.28127
-3.89852 2.83412 -0.28033
-3.87232 2.85377 -0.22193
-3.87478 2.85457 -0.22183
-3.89497 2.83592 -0.28081
-3.89767 2.83680 -0.28070
-3.89909 2.83902 -0.27647
-3.87154 2.85621 -0.22227
-3.87380 2.85724 -0.22148
-3.87625 2.85803 -0.22139
-3.89482 2.84161 -0.27449
-3.89749 2.84248 -0.27439
-3.87302 2.85967 -0.22182
-3.87527 2.86069 -0.22104
-3.87772 2.86149 -0.22094
-3.89614 2.84565 -0.27313
-3.89880 2.84651 -0.27303
-3.89945 2.84941 -0.26650
-3.86978 2.86132 -0.22225
-3.87204 2.86233 -0.22147
-3.87449 2.86313 -0.22137
-3.87674 2.86414 -0.22059
-3.88324 2.86075 -0.23383
-3.88980 2.85745 -0.24691
-3.89236 2.85828 -0.24681
-3.89491 2.85911 -0.24671
-3.86900 2.86376 -0.22259
-3.87126 2.86477 -0.22181
-3.87371 2.86557 -0.22171
-3.87575 2.86679 -0.22024
-3.87820 2.86759 -0.22015
-3.88495 2.86406 -0.23408
-3.88745 2.86487 -0.23398
-3.88995 2.86568 -0.23388
-3.89177 2.86715 -0.23164
-3.89245 2.86968 -0.22591
-3.83876 2.85662 -0.22407
-3.84138 2.85719 -0.22466
-3.84384 2.85799 -0.22457
-3.86350 2.86438 -0.22381
-3.86596 2.86518 -0.22372
-3.86842 2.86598 -0.22362
-3.87068 2.86699 -0.22284
-3.87293 2.86800 -0.22205
-3.87518 2.86901 -0.22127
-3.87763 2.86981 -0.22117
-3.88113 2.86955 -0.22454
-3.88360 2.87035 -0.22444
-3.88606 2.87116 -0.22435
-3.88830 2.87217 -0.22356
-3.89054 2.87317 -0.22277
-3.89144 2.87540 -0.21787
-3.89276 2.87720 -0.21440
-3.89474 2.87838 -0.21296
-3.89867 2.88074 -0.21011
-3.90062 2.88191 -0.20869
-3.90096 2.88440 -0.20272
-3.90130 2.88684 -0.19686
-3.83733 2.85994 -0.22165
-3.84043 2.85986 -0.22431
-3.84289 2.86065 -0.22421
-3.84534 2.86145 -0.22412
-3.84763 2.86247 -0.22333
-3.84973 2.86370 -0.22186
-3.85217 2.86450 -0.22177
-3.85498 2.86486 -0.22305
-3.85762 2.86544 -0.22365
-3.86026 2.86603 -0.22424
-3.86272 2.86683 -0.22415
-3.86518 2.86762 -0.22406
-3.86764 2.86842 -0.22396
-3.87010 2.86922 -0.22387
-3.87215 2.87044 -0.22239
-3.87440 2.87145 -0.22161
-3.87685 2.87224 -0.22151
-3.87993 2.87242 -0.22349
-3.88239 2.87322 -0.22339
-3.88485 2.87402 -0.22330
-3.88730 2.87482 -0.22320
-3.88822 2.87703 -0.21830
-3.88957 2.87882 -0.21483
-3.89155 2.88000 -0.21339
-3.89375 2.88098 -0.21263
-3.89594 2.88196 -0.21187
-3.89790 2.88313 -0.21044
-3.89985 2.88430 -0.20903
-3.90020 2.88676 -0.20305
-3.90032 2.88936 -0.19655
-3.89978 2.89243 -0.18834
-3.90144 2.89371 -0.18641
-3.90220 2.89565 -0.18207
-3.83835 2.86403 -0.21916
-3.84029 2.86546 -0.21703
-3.84288 2.86604 -0.21761
-3.84531 2.86683 -0.21752
-3.84843 2.86677 -0.22014
-3.85140 2.86693 -0.22211
-3.85384 2.86772 -0.22201
-3.85666 2.86809 -0.22329
-3.85930 2.86868 -0.22389
-3.86194 2.86927 -0.22449
-3.86440 2.87007 -0.22439
-3.86686 2.87087 -0.22430
-3.86932 2.87166 -0.22421
-3.87177 2.87246 -0.22411
-3.87383 2.87368 -0.22263
-3.87628 2.87447 -0.22254
-3.87915 2.87486 -0.22383
-3.88161 2.87566 -0.22373
-3.88406 2.87646 -0.22364
-3.88630 2.87746 -0.22285
-3.88659 2.88025 -0.21593
-3.88836 2.88162 -0.21382
-3.89056 2.88260 -0.21305
-3.89298 2.88338 -0.21296
-3.89517 2.88436 -0.21220
-3.89714 2.88553 -0.21077
-3.89954 2.88631 -0.21068
-3.90081 2.88802 -0.20729
-3.89847 2.89259 -0.19372
-3.89839 2.89525 -0.18682
-3.89917 2.89719 -0.18247
-3.90038 2.89877 -0.17939
-3.90179 2.90016 -0.17692
-3.84211 2.86845 -0.21795
-3.84454 2.86924 -0.21785
-3.84765 2.86920 -0.22048
-3.85062 2.86936 -0.22244
-3.85343 2.86973 -0.22373
-3.85606 2.87032 -0.22432
-3.85870 2.87091 -0.22492
-3.86116 2.87171 -0.22483
-3.86362 2.87251 -0.22473
-3.86608 2.87331 -0.22464
-3.86853 2.87411 -0.22454
-3.87079 2.87511 -0.22376
-3.87305 2.87611 -0.22297
-3.87550 2.87691 -0.22288
-3.87816 2.87751 -0.22347
-3.88083 2.87810 -0.22407
-3.88307 2.87910 -0.22328
-3.88531 2.88010 -0.22250
-3.88517 2.88324 -0.21424
-3.88695 2.88460 -0.21214
-3.88979 2.88500 -0.21339
-3.89221 2.88579 -0.21329
-3.89441 2.88676 -0.21253
-3.89592 2.88829 -0.20978
-3.89833 2.88907 -0.20969
-3.89802 2.89203 -0.20176
-3.89685 2.89560 -0.19155
-3.89615 2.89872 -0.18288
-3.89758 2.90013 -0.18039
-3.89922 2.90136 -0.17851
-3.90020 2.90306 -0.17488
-3.84461 2.87062 -0.22160
-3.84688 2.87162 -0.22082
-3.84932 2.87241 -0.22072
-3.85229 2.87259 -0.22269
-3.85510 2.87297 -0.22397
-3.85774 2.87356 -0.22457
-3.86038 2.87415 -0.22517
-3.86284 2.87495 -0.22507
-3.86530 2.87575 -0.22498
-3.86756 2.87675 -0.22419
-3.86981 2.87775 -0.22340
-3.87207 2.87875 -0.22262
-3.87452 2.87955 -0.22253
-3.87717 2.88014 -0.22312
-3.88004 2.88054 -0.22441
-3.88250 2.88134 -0.22431
-3.88453 2.88254 -0.22284
-3.88356 2.88640 -0.21190
-3.88491 2.88811 -0.20850
-3.88731 2.88889 -0.20841
-3.88970 2.88967 -0.20832
-3.89210 2.89045 -0.20823
-3.89449 2.89123 -0.20813
-3.89689 2.89200 -0.20804
-3.89727 2.89439 -0.20209
-3.89503 2.89876 -0.18877
-3.89499 2.90133 -0.18199
-3.89664 2.90256 -0.18011
-3.89828 2.90379 -0.17823
-3.89906 2.90563 -0.17402
-3.90003 2.90729 -0.17045
-3.85222 2.87420 -0.22579
-3.85468 2.87500 -0.22570
-3.85714 2.87580 -0.22560
-3.85960 2.87659 -0.22551
-3.86206 2.87739 -0.22541
-3.86432 2.87839 -0.22462
-3.86562 2.88038 -0.22040
-3.86805 2.88118 -0.22031
-3.87109 2.88138 -0.22227
-3.87374 2.88198 -0.22286
-3.87639 2.88258 -0.22346
-3.89155 2.87150 -0.26544
-3.89417 2.87235 -0.26534
-3.89534 2.87452 -0.26054
-3.88280 2.88879 -0.21224
-3.88415 2.89049 -0.20883
-3.88528 2.89235 -0.20482
-3.88894 2.89205 -0.20865
-3.89004 2.89390 -0.20463
-3.89199 2.89503 -0.20325
-3.89393 2.89615 -0.20186
-3.89368 2.89897 -0.19415
-3.89260 2.90238 -0.18421
-3.89427 2.90361 -0.18231
-3.89592 2.90483 -0.18042
-3.89756 2.90605 -0.17854
-3.89749 2.90849 -0.17200
-3.89317 2.89850 -0.20219
-3.89554 2.89927 -0.20210
-3.89377 2.90321 -0.19003
-3.89354 2.90589 -0.18262
-3.89540 2.90695 -0.18133
-3.89705 2.90816 -0.17945
-3.89678 2.91072 -0.17231
-3.88318 2.82135 -0.27047
-3.88585 2.82221 -0.27037
-3.88350 2.82256 -0.27490
-3.88570 2.82400 -0.27316
-3.88814 2.82515 -0.27225
-3.88311 2.82465 -0.27691
-3.88580 2.82552 -0.27680
-3.88800 2.82696 -0.27506
-3.89068 2.82783 -0.27496
-3.88320 2.82618 -0.28058
-3.88589 2.82705 -0.28048
-3.89105 2.83301 -0.27035
-3.88667 2.83963 -0.25884
-3.88905 2.84073 -0.25797
-3.88301 2.84163 -0.25853
-3.88561 2.84247 -0.25843
-3.88822 2.84332 -0.25833
-3.89083 2.84417 -0.25823
-3.87174 2.85598 -0.22296
-3.88433 2.84557 -0.25724
-3.88739 2.84591 -0.25869
-3.89000 2.84676 -0.25859
-3.89237 2.84786 -0.25771
-3.87036 2.85910 -0.22123
-3.87282 2.85990 -0.22113
-3.88680 2.84825 -0.25982
-3.88941 2.84910 -0.25972
-3.89178 2.85020 -0.25884
-3.86939 2.86176 -0.22088
-3.87164 2.86277 -0.22010
-3.88574 2.85109 -0.25940
-3.87086 2.86520 -0.22043
-3.87331 2.86600 -0.22034
-3.87419 2.88102 -0.18380
-3.87591 2.88232 -0.18190
-3.87859 2.88270 -0.18301
-3.83409 2.85894 -0.21462
-3.83635 2.85994 -0.21386
-3.83876 2.86073 -0.21377
-3.84118 2.86151 -0.21367
-3.86705 2.86747 -0.21881
-3.86949 2.86827 -0.21872
-3.87253 2.86843 -0.22068
-3.87499 2.88183 -0.18900
-3.87595 2.88387 -0.18463
-3.87864 2.88425 -0.18576
-3.88215 2.88391 -0.18935
-3.88509 2.88411 -0.19112
-3.88804 2.88431 -0.19290
-3.89080 2.88471 -0.19406
-3.89315 2.88547 -0.19397
-3.89528 2.88641 -0.19326
-3.89631 2.88826 -0.18943
-3.89733 2.89008 -0.18566
-3.89791 2.89222 -0.18073
-3.89826 2.89450 -0.17529
-3.83301 2.86177 -0.21362
-3.83543 2.86256 -0.21352
-3.83800 2.86313 -0.21410
-3.84041 2.86391 -0.21401
-3.84283 2.86470 -0.21391
-3.84524 2.86548 -0.21382
-3.84765 2.86627 -0.21373
-3.85007 2.86705 -0.21363
-3.85301 2.86721 -0.21555
-3.85598 2.86736 -0.21749
-3.85859 2.86794 -0.21807
-3.86102 2.86873 -0.21798
-3.86346 2.86952 -0.21788
-3.86531 2.87094 -0.21576
-3.86774 2.87173 -0.21567
-3.87464 2.88376 -0.19056
-3.87657 2.88489 -0.18923
-3.87929 2.88528 -0.19038
-3.88161 2.88603 -0.19029
-3.88435 2.88643 -0.19144
-3.88730 2.88664 -0.19322
-3.88985 2.88722 -0.19376
-3.89240 2.88780 -0.19430
-3.89410 2.88910 -0.19233
-3.89535 2.89075 -0.18914
-3.89489 2.89376 -0.18113
-3.89527 2.89602 -0.17569
-3.89648 2.89759 -0.17267
-3.89831 2.89865 -0.17142
-3.83225 2.86417 -0.21395
-3.83466 2.86495 -0.21386
-3.83707 2.86574 -0.21376
-3.83948 2.86652 -0.21367
-3.84206 2.86710 -0.21425
-3.84447 2.86788 -0.21415
-3.84689 2.86867 -0.21406
-3.84930 2.86945 -0.21397
-3.85207 2.86982 -0.21521
-3.85484 2.87019 -0.21647
-3.85745 2.87078 -0.21705
-3.85988 2.87156 -0.21696
-3.86212 2.87256 -0.21619
-3.86417 2.87375 -0.21475
-3.86697 2.87414 -0.21600
-3.87390 2.88607 -0.19088
-3.87583 2.88719 -0.18955
-3.87855 2.88759 -0.19070
-3.88087 2.88834 -0.19061
-3.88361 2.88874 -0.19176
-3.88614 2.88932 -0.19230
-3.88890 2.88972 -0.19346
-3.89166 2.89012 -0.19462
-3.89314 2.89160 -0.19203
-3.89397 2.89358 -0.18761
-3.89353 2.89654 -0.17965
-3.89350 2.89910 -0.17307
-3.89514 2.90031 -0.17124
-3.89697 2.90137 -0.17000
-3.89879 2.90241 -0.16876
-3.83631 2.86813 -0.21409
-3.83872 2.86892 -0.21400
-3.84129 2.86950 -0.21458
-3.84371 2.87028 -0.21449
-3.84612 2.87106 -0.21439
-3.84888 2.87144 -0.21564
-3.85147 2.87202 -0.21622
-3.85407 2.87260 -0.21680
-3.85668 2.87319 -0.21739
-3.85911 2.87398 -0.21729
-3.86135 2.87497 -0.21652
-3.86377 2.87576 -0.21643
-3.86736 2.87533 -0.22041
-3.88480 2.86076 -0.27230
-3.88745 2.86162 -0.27220
-3.88962 2.86295 -0.27049
-3.89491 2.86467 -0.27028
-3.87335 2.88821 -0.19182
-3.87510 2.88950 -0.18987
-3.87781 2.88990 -0.19102
-3.88014 2.89065 -0.19093
-3.88287 2.89106 -0.19209
-3.88623 2.89093 -0.19512
-3.88857 2.89169 -0.19503
-3.89091 2.89245 -0.19494
-3.89240 2.89391 -0.19235
-3.89260 2.89639 -0.18609
-3.89053 2.90060 -0.17347
-3.89217 2.90182 -0.17164
-3.89401 2.90287 -0.17040
-3.89604 2.90376 -0.16973
-3.89787 2.90480 -0.16850
-3.84085 2.87148 -0.21625
-3.84327 2.87227 -0.21616
-3.84569 2.87306 -0.21607
-3.84828 2.87364 -0.21665
-3.85088 2.87422 -0.21723
-3.85402 2.87420 -0.21985
-3.87310 2.85640 -0.28218
-3.87579 2.85727 -0.28207
-3.87623 2.86057 -0.27378
-3.87866 2.86167 -0.27287
-3.88131 2.86253 -0.27277
-3.88396 2.86339 -0.27266
-3.88591 2.86495 -0.27015
-3.88831 2.86604 -0.26925
-3.89119 2.86667 -0.26995
-3.89383 2.86753 -0.26985
-3.89525 2.86952 -0.26577
-3.89763 2.87060 -0.26488
-3.90050 2.87123 -0.26557
-3.88981 2.90285 -0.17378
-3.89145 2.90406 -0.17195
-3.89329 2.90510 -0.17071
-3.89512 2.90614 -0.16947
-3.89674 2.90733 -0.16766
-3.86273 2.85816 -0.27710
-3.86539 2.85903 -0.27699
-3.86870 2.85917 -0.27935
-3.87225 2.85907 -0.28255
-3.87494 2.85994 -0.28244
-3.87650 2.86202 -0.27822
-3.87804 2.86407 -0.27404
-3.88046 2.86516 -0.27313
-3.88312 2.86602 -0.27303
-3.88507 2.86758 -0.27052
-3.88747 2.86866 -0.26961
-3.88987 2.86975 -0.26871
-3.89227 2.87083 -0.26782
-3.89441 2.87213 -0.26613
-3.89704 2.87298 -0.26603
-3.89094 2.90614 -0.17284
-3.89258 2.90733 -0.17102
-3.89462 2.90822 -0.17035
-3.88007 2.82106 -0.26896
-3.88272 2.82192 -0.26886
-3.88514 2.82307 -0.26796
-3.87900 2.82398 -0.26853
-3.88165 2.82484 -0.26842
-3.88430 2.82570 -0.26832
-3.86535 2.84642 -0.21438
-3.88254 2.82944 -0.26549
-3.88611 2.82920 -0.26858
-3.86420 2.84930 -0.21336
-3.86701 2.84962 -0.21462
-3.87787 2.84052 -0.24351
-3.88341 2.84167 -0.24480
-3.88551 2.84300 -0.24321
-3.86306 2.85216 -0.21236
-3.86586 2.85249 -0.21361
-3.87663 2.84355 -0.24238
-3.87961 2.84388 -0.24376
-3.88216 2.84471 -0.24366
-3.88404 2.84627 -0.24135
-3.86471 2.85535 -0.21260
-3.86713 2.85614 -0.21251
-3.87880 2.84641 -0.24411
-3.88135 2.84724 -0.24401
-3.88390 2.84807 -0.24391
-3.88577 2.84962 -0.24160
-3.86617 2.85876 -0.21217
-3.86878 2.85933 -0.21275
-3.87988 2.85049 -0.24215
-3.88242 2.85132 -0.24205
-3.88341 2.85380 -0.23684
-3.88593 2.85462 -0.23674
-3.86521 2.86138 -0.21184
-3.86762 2.86217 -0.21174
-3.87004 2.86295 -0.21165
-3.87245 2.86374 -0.21156
-3.87547 2.86388 -0.21347
-3.87789 2.86467 -0.21338
-3.88923 2.85632 -0.24210
-3.89918 2.88076 -0.19033
-3.90130 2.88171 -0.18962
-3.90295 2.88302 -0.18767
-3.90483 2.88414 -0.18636
-3.90714 2.88490 -0.18627
-3.86686 2.86456 -0.21208
-3.86927 2.86535 -0.21198
-3.87168 2.86613 -0.21189
-3.87410 2.86692 -0.21180
-3.87651 2.86770 -0.21170
-3.87913 2.86828 -0.21228
-3.88017 2.87663 -0.19262
-3.89611 2.88232 -0.19074
-3.89822 2.88327 -0.19003
-3.89989 2.88458 -0.18808
-3.90177 2.88569 -0.18677
-3.90364 2.88681 -0.18545
-3.82987 2.85519 -0.21380
-3.86609 2.86696 -0.21241
-3.86850 2.86775 -0.21232
-3.87092 2.86853 -0.21222
-3.87353 2.86911 -0.21280
-3.87575 2.87010 -0.21204
-3.87836 2.87068 -0.21261
-3.87943 2.87895 -0.19294
-3.88177 2.87971 -0.19285
-3.88411 2.88047 -0.19276
-3.88665 2.88104 -0.19329
-3.89325 2.88370 -0.19177
-3.89537 2.88464 -0.19106
-3.89683 2.88613 -0.18849
-3.89872 2.88724 -0.18717
-3.90037 2.88853 -0.18525
-3.83137 2.85859 -0.21338
-3.83394 2.85916 -0.21395
-3.83635 2.85994 -0.21386
-3.86328 2.86816 -0.21417
-3.86589 2.86874 -0.21475
-3.86832 2.86952 -0.21466
-3.87074 2.87031 -0.21457
-3.87376 2.87048 -0.21650
-3.87619 2.87127 -0.21640
-3.87862 2.87206 -0.21631
-3.88360 2.87035 -0.22444
-3.88103 2.88203 -0.19317
-3.88337 2.88279 -0.19308
-3.88591 2.88337 -0.19362
-3.88825 2.88413 -0.19353
-3.89059 2.88489 -0.19344
-3.89251 2.88602 -0.19210
-3.89441 2.88714 -0.19076
-3.89588 2.88862 -0.18820
-3.89776 2.88973 -0.18688
-3.89791 2.89222 -0.18073
-3.89890 2.89400 -0.17706
-3.83301 2.86177 -0.21362
-3.83543 2.86256 -0.21352
-3.83800 2.86313 -0.21410
-3.84041 2.86391 -0.21401
-3.84283 2.86470 -0.21391
-3.84524 2.86548 -0.21382
-3.84765 2.86627 -0.21373
-3.85007 2.86705 -0.21363
-3.85248 2.86784 -0.21354
-3.85508 2.86841 -0.21412
-3.85767 2.86899 -0.21469
-3.86028 2.86957 -0.21527
-3.86289 2.87015 -0.21585
-3.86551 2.87073 -0.21643
-3.86930 2.87006 -0.22111
-3.87215 2.87044 -0.22239
-3.87501 2.87082 -0.22368
-3.87747 2.87162 -0.22358
-3.87993 2.87242 -0.22349
-3.88303 2.87259 -0.22548
-3.88593 2.87298 -0.22678
-3.88283 2.88493 -0.19403
-3.88517 2.88569 -0.19394
-3.88751 2.88645 -0.19385
-3.88964 2.88740 -0.19313
-3.89176 2.88834 -0.19242
-3.89346 2.88963 -0.19046
-3.89514 2.89092 -0.18852
-3.89703 2.89203 -0.18720
-3.89443 2.89669 -0.17335
-3.89481 2.89889 -0.16805
-3.89622 2.90026 -0.16568
-3.83225 2.86417 -0.21395
-3.83466 2.86495 -0.21386
-3.83723 2.86553 -0.21443
-3.83964 2.86631 -0.21434
-3.84206 2.86710 -0.21425
-3.84447 2.86788 -0.21415
-3.84689 2.86867 -0.21406
-3.84947 2.86924 -0.21464
-3.85189 2.87003 -0.21454
-3.85467 2.87040 -0.21579
-3.85727 2.87098 -0.21637
-3.85969 2.87177 -0.21628
-3.86231 2.87235 -0.21686
-3.86608 2.87170 -0.22154
-3.86932 2.87166 -0.22421
-3.87197 2.87226 -0.22480
-3.87484 2.87264 -0.22610
-3.87731 2.87344 -0.22601
-3.87978 2.87424 -0.22591
-3.88267 2.87463 -0.22721
-3.89097 2.86993 -0.24588
-3.88208 2.88726 -0.19435
-3.88504 2.88748 -0.19615
-3.88739 2.88824 -0.19606
-3.88974 2.88900 -0.19597
-3.89123 2.89048 -0.19337
-3.89357 2.89124 -0.19328
-3.89505 2.89270 -0.19069
-3.89629 2.89433 -0.18752
-3.89105 2.90103 -0.16616
-3.89307 2.90191 -0.16551
-3.89468 2.90311 -0.16372
-3.83646 2.86793 -0.21476
-3.83888 2.86871 -0.21467
-3.84129 2.86950 -0.21458
-3.84371 2.87028 -0.21449
-3.84629 2.87086 -0.21506
-3.84888 2.87144 -0.21564
-3.85130 2.87223 -0.21555
-3.85390 2.87281 -0.21613
-3.85650 2.87339 -0.21671
-3.85911 2.87398 -0.21729
-3.86285 2.87334 -0.22197
-3.86608 2.87331 -0.22464
-3.86873 2.87390 -0.22524
-3.87384 2.87199 -0.23431
-3.87634 2.87280 -0.23422
-3.87883 2.87361 -0.23412
-3.88439 2.87145 -0.24421
-3.88739 2.87185 -0.24559
-3.89062 2.87203 -0.24773
-3.89920 2.86731 -0.26689
-3.90336 2.86679 -0.27158
-3.90601 2.86765 -0.27148
-3.90866 2.86851 -0.27138
-3.91131 2.86937 -0.27128
-3.91396 2.87024 -0.27118
-3.91661 2.87110 -0.27107
-3.91926 2.87196 -0.27097
-3.92191 2.87282 -0.27087
-3.92428 2.87390 -0.26996
-3.89034 2.90324 -0.16647
-3.89237 2.90412 -0.16581
-3.89418 2.90516 -0.16460
-3.84053 2.87189 -0.21491
-3.84310 2.87247 -0.21549
-3.84569 2.87306 -0.21607
-3.84828 2.87364 -0.21665
-3.85070 2.87443 -0.21656
-3.85330 2.87501 -0.21714
-3.87070 2.85908 -0.27318
-3.87314 2.86018 -0.27227
-3.87578 2.86104 -0.27216
-3.87843 2.86190 -0.27206
-3.88108 2.86276 -0.27196
-3.88350 2.86386 -0.27106
-3.88591 2.86495 -0.27015
-3.88784 2.86650 -0.26766
-3.89024 2.86759 -0.26676
-3.89286 2.86844 -0.26666
-3.89549 2.86929 -0.26656
-3.89812 2.87015 -0.26646
-3.90100 2.87078 -0.26715
-3.90517 2.87028 -0.27185
-3.92372 2.87632 -0.27113
-3.92609 2.87740 -0.27023
-3.92788 2.87890 -0.26773
-3.86232 2.85865 -0.27547
-3.89466 2.87191 -0.26692
-3.89753 2.87254 -0.26761
-3.90167 2.87206 -0.27232
-3.88453 2.82036 -0.26065
-3.88717 2.82123 -0.26054
-3.88957 2.82239 -0.25964
-3.86742 2.84328 -0.20528
-3.87022 2.84359 -0.20650
-3.88825 2.82558 -0.25844
-3.89112 2.82616 -0.25912
-3.86645 2.84591 -0.20497
-3.86905 2.84647 -0.20553
-3.87186 2.84679 -0.20675
-3.87448 2.84735 -0.20731
-3.86568 2.84830 -0.20532
-3.86828 2.84886 -0.20588
-3.87069 2.84966 -0.20578
-3.87350 2.84999 -0.20700
-3.87612 2.85055 -0.20756
-3.88147 2.84804 -0.21694
-3.88393 2.84885 -0.21684
-3.86750 2.85125 -0.20623
-3.86991 2.85205 -0.20613
-3.87252 2.85262 -0.20669
-3.87514 2.85318 -0.20725
-3.87983 2.85142 -0.21456
-3.88314 2.85129 -0.21719
-3.86673 2.85365 -0.20658
-3.86914 2.85444 -0.20648
-3.87155 2.85524 -0.20638
-3.87436 2.85558 -0.20760
-3.87968 2.85315 -0.21697
-3.88235 2.85373 -0.21755
-3.88480 2.85454 -0.21745
-3.86836 2.85684 -0.20683
-3.87077 2.85763 -0.20673
-3.87358 2.85798 -0.20796
-3.88401 2.85698 -0.21781
-3.88647 2.85779 -0.21770
-3.86739 2.85945 -0.20652
-3.86961 2.86047 -0.20576
-3.87201 2.86126 -0.20565
-3.88301 2.85965 -0.21748
-3.88546 2.86046 -0.21737
-3.88791 2.86127 -0.21727
-3.90441 2.87918 -0.18735
-3.86883 2.86286 -0.20611
-3.87085 2.86409 -0.20469
-3.87305 2.86509 -0.20393
-3.87524 2.86610 -0.20317
-3.87866 2.86582 -0.20636
-3.88211 2.86554 -0.20958
-3.88582 2.86503 -0.21353
-3.88826 2.86583 -0.21342
-3.88764 2.86963 -0.20397
-3.90110 2.88092 -0.18717
-3.90298 2.88208 -0.18583
-3.90486 2.88323 -0.18450
-3.90627 2.88474 -0.18194
-3.86604 2.86402 -0.20789
-3.86825 2.86503 -0.20712
-3.87007 2.86647 -0.20504
-3.87228 2.86748 -0.20428
-3.87447 2.86848 -0.20352
-3.87788 2.86821 -0.20671
-3.88133 2.86794 -0.20994
-3.88687 2.87202 -0.20432
-3.88607 2.87586 -0.19451
-3.88551 2.87939 -0.18563
-3.89735 2.88304 -0.18575
-3.89968 2.88381 -0.18565
-3.90178 2.88477 -0.18494
-3.90343 2.88609 -0.18299
-3.90462 2.88778 -0.17985
-3.83300 2.85742 -0.20561
-3.83555 2.85798 -0.20617
-3.86526 2.86641 -0.20824
-3.86748 2.86742 -0.20747
-3.86950 2.86864 -0.20605
-3.87170 2.86964 -0.20528
-3.87410 2.87044 -0.20518
-3.88022 2.86739 -0.21718
-3.88631 2.87419 -0.20533
-3.88490 2.87860 -0.19358
-3.88395 2.88246 -0.18351
-3.88626 2.88323 -0.18341
-3.88878 2.88380 -0.18393
-3.89152 2.88419 -0.18506
-3.89363 2.88515 -0.18434
-3.89595 2.88591 -0.18424
-3.89827 2.88668 -0.18414
-3.90015 2.88781 -0.18282
-3.90158 2.88931 -0.18028
-3.90233 2.89132 -0.17597
-3.83509 2.85992 -0.20784
-3.83750 2.86071 -0.20774
-3.83990 2.86151 -0.20763
-3.84230 2.86230 -0.20753
-3.84453 2.86331 -0.20677
-3.84693 2.86410 -0.20666
-3.84951 2.86468 -0.20722
-3.85208 2.86526 -0.20778
-3.85449 2.86605 -0.20768
-3.85726 2.86642 -0.20890
-3.85967 2.86721 -0.20880
-3.86208 2.86801 -0.20870
-3.86449 2.86880 -0.20859
-3.86690 2.86960 -0.20849
-3.86911 2.87061 -0.20772
-3.87172 2.87119 -0.20828
-3.87677 2.86923 -0.21695
-3.87943 2.86983 -0.21754
-3.88230 2.87021 -0.21881
-3.88922 2.87306 -0.21712
-3.88414 2.88094 -0.19393
-3.88320 2.88476 -0.18385
-3.88552 2.88553 -0.18375
-3.88804 2.88610 -0.18427
-3.89057 2.88668 -0.18478
-3.89289 2.88745 -0.18468
-3.89521 2.88822 -0.18458
-3.89731 2.88917 -0.18387
-3.89897 2.89047 -0.18194
-3.89930 2.89284 -0.17641
-3.90093 2.89412 -0.17452
-3.90234 2.89556 -0.17206
-3.83688 2.86288 -0.20875
-3.83912 2.86389 -0.20798
-3.84153 2.86469 -0.20788
-3.84393 2.86548 -0.20778
-3.84633 2.86627 -0.20768
-3.84873 2.86707 -0.20757
-3.85131 2.86765 -0.20813
-3.85389 2.86823 -0.20869
-3.85648 2.86881 -0.20926
-3.85889 2.86961 -0.20915
-3.86130 2.87040 -0.20905
-3.86371 2.87120 -0.20895
-3.86612 2.87199 -0.20884
-3.86853 2.87279 -0.20874
-3.87114 2.87338 -0.20930
-3.87436 2.87334 -0.21188
-3.87843 2.87247 -0.21721
-3.88109 2.87306 -0.21779
-3.88354 2.87387 -0.21768
-3.88599 2.87468 -0.21758
-3.88540 2.87836 -0.20802
-3.88380 2.88289 -0.19554
-3.88327 2.88632 -0.18665
-3.88539 2.88727 -0.18594
-3.88771 2.88804 -0.18584
-3.89003 2.88881 -0.18574
-3.89235 2.88957 -0.18564
-3.89446 2.89052 -0.18492
-3.89635 2.89165 -0.18359
-3.89822 2.89277 -0.18227
-3.89857 2.89511 -0.17674
-3.89977 2.89672 -0.17367
-3.90139 2.89799 -0.17180
-3.90105 2.90073 -0.16474
-3.83642 2.86484 -0.21043
-3.83867 2.86585 -0.20966
-3.84108 2.86664 -0.20956
-3.84349 2.86744 -0.20946
-3.84573 2.86845 -0.20869
-3.84813 2.86924 -0.20859
-3.85071 2.86982 -0.20915
-3.85330 2.87041 -0.20971
-3.85589 2.87099 -0.21028
-3.85830 2.87179 -0.21017
-3.86071 2.87259 -0.21007
-3.86331 2.87318 -0.21063
-3.86573 2.87397 -0.21053
-3.86814 2.87477 -0.21043
-3.87096 2.87516 -0.21166
-3.87520 2.87409 -0.21767
-3.87785 2.87469 -0.21825
-3.88030 2.87550 -0.21815
-3.88275 2.87630 -0.21804
-3.88563 2.87670 -0.21931
-3.88765 2.87792 -0.21783
-3.88704 2.88155 -0.20826
-3.88540 2.88602 -0.19579
-3.88505 2.88921 -0.18751
-3.88738 2.88998 -0.18741
-3.88970 2.89075 -0.18731
-3.89203 2.89152 -0.18721
-3.89414 2.89247 -0.18649
-3.89625 2.89341 -0.18578
-3.89792 2.89471 -0.18383
-3.89892 2.89652 -0.18008
-3.89968 2.89848 -0.17578
-3.90088 2.90007 -0.17272
-3.90162 2.90198 -0.16853
-3.83870 2.86717 -0.21337
-3.84096 2.86818 -0.21259
-3.84338 2.86898 -0.21249
-3.84580 2.86978 -0.21238
-3.84839 2.87037 -0.21295
-3.85098 2.87095 -0.21352
-3.85359 2.87154 -0.21409
-3.85601 2.87235 -0.21399
-3.85862 2.87294 -0.21456
-3.86105 2.87374 -0.21446
-3.86367 2.87433 -0.21503
-3.88241 2.85766 -0.27215
-3.88507 2.85854 -0.27204
-3.88749 2.85967 -0.27111
-3.88943 2.86128 -0.26857
-3.89208 2.86215 -0.26846
-3.89351 2.86422 -0.26434
-3.89615 2.86509 -0.26423
-3.89878 2.86596 -0.26412
-3.90192 2.86636 -0.26560
-3.88746 2.89157 -0.19024
-3.88980 2.89234 -0.19014
-3.89214 2.89311 -0.19004
-3.89447 2.89388 -0.18994
-3.89703 2.89448 -0.19047
-3.85552 2.85074 -0.27614
-3.85759 2.85239 -0.27357
-3.86025 2.85327 -0.27345
-3.86333 2.85365 -0.27498
-3.86600 2.85453 -0.27486
-3.86802 2.85616 -0.27230
-3.87068 2.85704 -0.27218
-3.87312 2.85817 -0.27126
-3.87556 2.85929 -0.27034
-3.87866 2.85967 -0.27184
-3.88155 2.86031 -0.27254
-3.88421 2.86119 -0.27243
-3.88664 2.86231 -0.27150
-3.88858 2.86391 -0.26896
-3.89123 2.86478 -0.26885
-3.89364 2.86590 -0.26793
-3.89530 2.86771 -0.26462
-3.89793 2.86858 -0.26450
-3.86309 2.85554 -0.27783
-3.86577 2.85643 -0.27772
-3.86802 2.85781 -0.27596
-3.88583 2.82692 -0.24725
-3.88703 2.82943 -0.24261
-3.86751 2.84692 -0.19734
-3.88455 2.83004 -0.24611
-3.88621 2.83197 -0.24298
-3.88877 2.83282 -0.24287
-3.87146 2.84726 -0.20542
-3.88538 2.83452 -0.24336
-3.88795 2.83537 -0.24325
-3.89051 2.83621 -0.24314
-3.86991 2.85059 -0.20314
-3.87310 2.85045 -0.20567
-3.88621 2.83896 -0.24064
-3.88877 2.83980 -0.24053
-3.88970 2.84244 -0.23526
-3.87173 2.85354 -0.20404
-3.87473 2.85364 -0.20592
-3.87755 2.85398 -0.20715
-3.88059 2.85409 -0.20905
-3.88537 2.85234 -0.21640
-3.87096 2.85592 -0.20439
-3.87356 2.85649 -0.20495
-3.87637 2.85683 -0.20617
-3.87919 2.85718 -0.20740
-3.88308 2.85639 -0.21199
-3.88704 2.85558 -0.21665
-3.87279 2.85888 -0.20530
-3.87539 2.85945 -0.20586
-3.87841 2.85958 -0.20775
-3.88146 2.85970 -0.20965
-3.88625 2.85802 -0.21701
-3.88804 2.85951 -0.21485
-3.87201 2.86126 -0.20565
-3.87462 2.86184 -0.20621
-3.87743 2.86219 -0.20744
-3.88005 2.86277 -0.20800
-3.88289 2.86313 -0.20923
-3.88531 2.86393 -0.20913
-3.88752 2.86495 -0.20835
-3.90464 2.87899 -0.18798
-3.87124 2.86365 -0.20601
-3.87384 2.86423 -0.20656
-3.87645 2.86481 -0.20712
-3.87907 2.86539 -0.20769
-3.88169 2.86597 -0.20825
-3.88411 2.86677 -0.20814
-3.88609 2.86799 -0.20671
-3.88829 2.86900 -0.20594
-3.88982 2.87064 -0.20321
-3.89070 2.87287 -0.19855
-3.90199 2.88015 -0.18967
-3.90320 2.88189 -0.18645
-3.90418 2.88379 -0.18265
-3.90559 2.88530 -0.18012
-3.87287 2.86683 -0.20625
-3.87568 2.86720 -0.20748
-3.87829 2.86778 -0.20804
-3.88071 2.86858 -0.20793
-3.88291 2.86959 -0.20717
-3.88532 2.87038 -0.20706
-3.88730 2.87160 -0.20563
-3.88905 2.87302 -0.20356
-3.88972 2.87544 -0.19825
-3.88867 2.87939 -0.18801
-3.89867 2.88190 -0.18948
-3.90102 2.88267 -0.18938
-3.90245 2.88420 -0.18679
-3.90433 2.88535 -0.18545
-3.90485 2.88760 -0.18045
-3.90535 2.88980 -0.17554
-3.87229 2.86901 -0.20727
-3.87490 2.86959 -0.20783
-3.87752 2.87018 -0.20839
-3.87993 2.87098 -0.20829
-3.88213 2.87198 -0.20752
-3.88454 2.87278 -0.20741
-3.88653 2.87399 -0.20599
-3.88828 2.87540 -0.20391
-3.88895 2.87780 -0.19860
-3.88792 2.88171 -0.18835
-3.89026 2.88248 -0.18825
-3.89195 2.88382 -0.18629
-3.89536 2.88364 -0.18930
-3.89792 2.88422 -0.18983
-3.90071 2.88462 -0.19098
-3.90306 2.88539 -0.19088
-3.90359 2.88766 -0.18579
-3.90233 2.89132 -0.17597
-3.90004 2.89571 -0.16361
-3.90142 2.89712 -0.16124
-3.86096 2.86928 -0.20473
-3.86392 2.86944 -0.20660
-3.86651 2.87002 -0.20716
-3.86892 2.87082 -0.20706
-3.87152 2.87140 -0.20762
-3.87413 2.87199 -0.20818
-3.87695 2.87237 -0.20941
-3.87936 2.87316 -0.20931
-3.88178 2.87396 -0.20920
-3.88377 2.87517 -0.20777
-3.88575 2.87638 -0.20634
-3.88773 2.87757 -0.20491
-3.88926 2.87917 -0.20219
-3.88992 2.88153 -0.19691
-3.89078 2.88366 -0.19236
-3.89205 2.88538 -0.18912
-3.89482 2.88577 -0.19027
-3.89761 2.88617 -0.19143
-3.89708 2.89720 -0.16403
-3.89784 2.89910 -0.15996
-3.89964 2.90016 -0.15874
-3.84007 2.86661 -0.20198
-3.84245 2.86740 -0.20187
-3.84483 2.86818 -0.20177
-3.84720 2.86897 -0.20167
-3.84958 2.86976 -0.20157
-3.85213 2.87033 -0.20212
-3.85452 2.87112 -0.20201
-3.85708 2.87170 -0.20256
-3.86019 2.87166 -0.20508
-3.86315 2.87183 -0.20695
-3.86593 2.87220 -0.20818
-3.86853 2.87279 -0.20874
-3.87094 2.87359 -0.20864
-3.87335 2.87438 -0.20853
-3.87637 2.87456 -0.21043
-3.87879 2.87536 -0.21033
-3.88121 2.87616 -0.21022
-3.88342 2.87716 -0.20945
-3.88540 2.87836 -0.20802
-3.88738 2.87956 -0.20659
-3.88914 2.88095 -0.20450
-3.89088 2.88233 -0.20244
-3.89239 2.88389 -0.19973
-3.89433 2.88506 -0.19834
-3.89670 2.88584 -0.19824
-3.89930 2.88644 -0.19878
-3.90550 2.88954 -0.19591
-3.89429 2.90106 -0.15870
-3.89630 2.90195 -0.15804
-3.89851 2.90268 -0.15795
-3.90072 2.90341 -0.15785
-3.84043 2.86750 -0.20691
-3.84283 2.86829 -0.20681
-3.84506 2.86929 -0.20604
-3.84694 2.87071 -0.20397
-3.84899 2.87191 -0.20257
-3.85154 2.87249 -0.20312
-3.85393 2.87328 -0.20301
-3.85703 2.87324 -0.20553
-3.85997 2.87342 -0.20741
-3.86294 2.87359 -0.20930
-3.86535 2.87439 -0.20919
-3.86776 2.87518 -0.20909
-3.87017 2.87598 -0.20899
-3.87318 2.87616 -0.21089
-3.89269 2.85977 -0.26727
-3.89534 2.86064 -0.26716
-3.88085 2.87815 -0.21192
-3.88306 2.87915 -0.21115
-3.88505 2.88035 -0.20970
-3.88704 2.88155 -0.20826
-3.88901 2.88274 -0.20683
-3.89098 2.88392 -0.20541
-3.89250 2.88549 -0.20268
-3.89423 2.88685 -0.20063
-3.89661 2.88764 -0.20053
-3.89136 2.90252 -0.15911
-3.86595 2.92488 -0.08318
-3.86771 2.92563 -0.08268
-3.87008 2.92591 -0.08385
-3.89938 2.90608 -0.15650
-3.86340 2.84776 -0.28215
-3.86610 2.84865 -0.28204
-3.86880 2.84954 -0.28192
-3.87083 2.85122 -0.27930
-3.87352 2.85210 -0.27919
-3.87599 2.85325 -0.27824
-3.87867 2.85414 -0.27813
-3.88136 2.85502 -0.27801
-3.88460 2.85904 -0.27042
-3.88678 2.86040 -0.26869
-3.88943 2.86128 -0.26857
-3.89184 2.86239 -0.26766
-3.89449 2.86327 -0.26754
-3.89713 2.86414 -0.26743
-3.89953 2.86525 -0.26651
-3.90217 2.86613 -0.26640
-3.90611 2.86582 -0.27031
-3.90877 2.86669 -0.27020
-3.91197 2.86710 -0.27171
-3.90230 2.89291 -0.19863
-3.86343 2.92615 -0.08354
-3.86519 2.92689 -0.08304
-3.86694 2.92764 -0.08255
-3.86885 2.92827 -0.08247
-3.87138 2.92843 -0.08405
-3.86793 2.85222 -0.28232
-3.87041 2.85337 -0.28136
-3.87266 2.85477 -0.27958
-3.87535 2.85566 -0.27947
-3.87804 2.85655 -0.27935
-3.89099 2.86502 -0.26804
-3.89364 2.86590 -0.26793
-3.89628 2.86677 -0.26781
-3.89893 2.86764 -0.26770
-3.90158 2.86852 -0.26759
-3.90526 2.86846 -0.27070
-3.90792 2.86933 -0.27059
-3.91111 2.86975 -0.27210
-3.86297 2.92792 -0.08424
-3.86458 2.92879 -0.08332
-3.86633 2.92953 -0.08283
-3.88477 2.83212 -0.23521
-3.87425 2.84614 -0.20365
-3.88404 2.83833 -0.22753
-3.87209 2.85016 -0.19942
-3.87588 2.84932 -0.20390
-3.88099 2.84705 -0.21248
-3.87093 2.85298 -0.19848
-3.87371 2.85332 -0.19967
-3.87710 2.85297 -0.20283
-3.87950 2.85376 -0.20273
-3.88211 2.85432 -0.20328
-3.87235 2.85636 -0.19808
-3.87453 2.85737 -0.19733
-3.87691 2.85815 -0.19723
-3.87888 2.85938 -0.19584
-3.88166 2.85972 -0.19702
-3.87377 2.85973 -0.19768
-3.87614 2.86051 -0.19757
-3.87811 2.86173 -0.19619
-3.88089 2.86208 -0.19737
-3.88327 2.86286 -0.19727
-3.87419 2.86078 -0.20192
-3.87598 2.86222 -0.19986
-3.87836 2.86301 -0.19976
-3.88074 2.86379 -0.19966
-3.88334 2.86437 -0.20020
-3.88657 2.86429 -0.20271
-3.90358 2.87823 -0.18269
-3.90567 2.87919 -0.18198
-3.90594 2.88167 -0.17643
-3.90756 2.88299 -0.17454
-3.87362 2.86293 -0.20292
-3.87601 2.86372 -0.20282
-3.87800 2.86494 -0.20141
-3.88039 2.86573 -0.20131
-3.88361 2.86567 -0.20382
-3.88601 2.86646 -0.20372
-3.88820 2.86746 -0.20296
-3.88930 2.86952 -0.19895
-3.90118 2.87919 -0.18497
-3.90328 2.88015 -0.18426
-3.90492 2.88149 -0.18232
-3.90498 2.88414 -0.17617
-3.90637 2.88563 -0.17368
-3.90798 2.88693 -0.17181
-3.87305 2.86509 -0.20393
-3.87544 2.86589 -0.20382
-3.87764 2.86689 -0.20306
-3.88044 2.86726 -0.20427
-3.88305 2.86784 -0.20483
-3.88545 2.86863 -0.20473
-3.88764 2.86963 -0.20397
-3.88853 2.87188 -0.19930
-3.88919 2.87430 -0.19406
-3.88942 2.87707 -0.18767
-3.89070 2.87881 -0.18448
-3.89238 2.88016 -0.18254
-3.89534 2.88035 -0.18428
-3.89810 2.88073 -0.18541
-3.90043 2.88150 -0.18531
-3.90231 2.88265 -0.18398
-3.90395 2.88398 -0.18204
-3.90358 2.88696 -0.17471
-3.90519 2.88826 -0.17283
-3.90680 2.88955 -0.17097
-3.90706 2.89188 -0.16563
-3.87267 2.86705 -0.20559
-3.87507 2.86784 -0.20549
-3.87748 2.86863 -0.20539
-3.87988 2.86943 -0.20528
-3.88291 2.86959 -0.20717
-3.88575 2.86996 -0.20839
-3.88730 2.87160 -0.20563
-3.88927 2.87281 -0.20421
-3.88993 2.87524 -0.19890
-3.88930 2.87880 -0.18989
-3.89037 2.88074 -0.18605
-3.89270 2.88151 -0.18595
-3.89524 2.88208 -0.18647
-3.89757 2.88285 -0.18637
-3.89946 2.88400 -0.18504
-3.90112 2.88533 -0.18309
-3.90276 2.88665 -0.18116
-3.90218 2.88977 -0.17326
-3.90380 2.89105 -0.17139
-3.90408 2.89337 -0.16606
-3.90502 2.89514 -0.16252
-3.83637 2.86097 -0.19955
-3.83859 2.86197 -0.19880
-3.84095 2.86276 -0.19870
-3.84332 2.86354 -0.19860
-3.84569 2.86432 -0.19850
-3.84806 2.86510 -0.19839
-3.85042 2.86588 -0.19829
-3.85279 2.86667 -0.19819
-3.85516 2.86745 -0.19809
-3.85771 2.86802 -0.19863
-3.86044 2.86838 -0.19982
-3.86394 2.86791 -0.20362
-3.86690 2.86806 -0.20549
-3.86950 2.86864 -0.20605
-3.87210 2.86922 -0.20660
-3.87450 2.87002 -0.20650
-3.87711 2.87060 -0.20706
-3.87972 2.87119 -0.20762
-3.88255 2.87156 -0.20885
-3.88518 2.87215 -0.20941
-3.88738 2.87316 -0.20864
-3.88893 2.87478 -0.20588
-3.89024 2.87659 -0.20249
-3.88918 2.88055 -0.19212
-3.88962 2.88305 -0.18639
-3.89195 2.88382 -0.18629
-3.89492 2.88402 -0.18805
-3.89726 2.88479 -0.18795
-3.89893 2.88612 -0.18599
-3.90015 2.88781 -0.18282
-3.90048 2.89021 -0.17727
-3.90101 2.89238 -0.17241
-3.90133 2.89469 -0.16706
-3.90228 2.89645 -0.16351
-3.90322 2.89819 -0.16001
-3.90436 2.89975 -0.15711
-3.83782 2.86433 -0.19915
-3.84019 2.86511 -0.19904
-3.84256 2.86589 -0.19894
-3.84493 2.86667 -0.19884
-3.84730 2.86745 -0.19874
-3.84966 2.86823 -0.19864
-3.85203 2.86902 -0.19854
-3.85440 2.86980 -0.19844
-3.85677 2.87058 -0.19833
-3.85950 2.87095 -0.19952
-3.86317 2.87028 -0.20397
-3.86613 2.87044 -0.20584
-3.86872 2.87103 -0.20640
-3.87113 2.87182 -0.20629
-3.87393 2.87220 -0.20752
-3.87654 2.87278 -0.20808
-3.87998 2.87254 -0.21132
-3.88411 2.87165 -0.21664
-3.88656 2.87246 -0.21654
-3.88769 2.87452 -0.21235
-3.88902 2.87636 -0.20889
-3.89056 2.87796 -0.20613
-3.89187 2.87976 -0.20274
-3.89078 2.88366 -0.19236
-3.89184 2.88557 -0.18850
-3.89570 2.88502 -0.19279
-3.89805 2.88580 -0.19269
-3.90040 2.88657 -0.19259
-3.90051 2.88920 -0.18623
-3.90172 2.89088 -0.18306
-3.90159 2.89359 -0.17631
-3.90212 2.89573 -0.17147
-3.90264 2.89784 -0.16671
-3.90380 2.89941 -0.16374
-3.90451 2.90130 -0.15968
-3.84228 2.86761 -0.20123
-3.84466 2.86839 -0.20112
-3.84704 2.86918 -0.20102
-3.84890 2.87059 -0.19898
-3.85127 2.87137 -0.19888
-3.85364 2.87215 -0.19878
-3.85601 2.87293 -0.19868
-3.86001 2.87187 -0.20442
-3.86296 2.87203 -0.20629
-3.86536 2.87283 -0.20619
-3.86795 2.87341 -0.20675
-3.87055 2.87400 -0.20731
-3.87315 2.87459 -0.20787
-3.89281 2.85788 -0.26448
-3.89545 2.85875 -0.26437
-3.89784 2.85986 -0.26346
-3.90047 2.86073 -0.26335
-3.90465 2.86015 -0.26804
-3.90756 2.86078 -0.26873
-3.91022 2.86166 -0.26861
-3.91341 2.86205 -0.27012
-3.91635 2.86268 -0.27082
-3.91901 2.86356 -0.27070
-3.92140 2.86469 -0.26978
-3.92406 2.86556 -0.26966
-3.92673 2.86644 -0.26955
-3.92939 2.86732 -0.26943
-3.93293 2.86749 -0.27176
-3.86321 2.84641 -0.27760
-3.86589 2.84730 -0.27748
-3.86858 2.84818 -0.27737
-3.87126 2.84907 -0.27725
-3.87394 2.84995 -0.27714
-3.87662 2.85084 -0.27702
-3.87931 2.85173 -0.27691
-3.88199 2.85261 -0.27679
-3.88397 2.85426 -0.27421
-3.88664 2.85514 -0.27410
-3.88931 2.85603 -0.27398
-3.89297 2.85590 -0.27716
-3.89490 2.85754 -0.27457
-3.89633 2.85966 -0.27038
-3.89874 2.86078 -0.26946
-3.90139 2.86166 -0.26934
-3.90483 2.86181 -0.27166
-3.90882 2.86147 -0.27564
-3.91177 2.86211 -0.27635
-3.91500 2.86251 -0.27790
-3.91714 2.86389 -0.27612
-3.91927 2.86525 -0.27436
-3.92195 2.86614 -0.27425
-3.92434 2.86726 -0.27331
-3.92673 2.86838 -0.27238
-3.92969 2.86903 -0.27308
-3.90054 2.86430 -0.26973
-3.90397 2.86446 -0.27205
-3.92348 2.86992 -0.27370
-3.92616 2.87080 -0.27359
-3.92883 2.87169 -0.27347
-3.88225 2.84374 -0.21347
-3.87590 2.85264 -0.19589
-3.88476 2.84601 -0.21647
-3.88744 2.84659 -0.21705
-3.87433 2.85592 -0.19367
-3.87750 2.85580 -0.19613
-3.88152 2.85476 -0.20123
-3.88413 2.85533 -0.20177
-3.88696 2.85567 -0.20298
-3.87593 2.85906 -0.19392
-3.87829 2.85985 -0.19381
-3.88066 2.86065 -0.19370
-3.88303 2.86144 -0.19359
-3.88540 2.86223 -0.19348
-3.87496 2.86163 -0.19363
-3.87732 2.86243 -0.19352
-3.87969 2.86322 -0.19341
-3.88205 2.86401 -0.19330
-3.88442 2.86480 -0.19319
-3.88699 2.86537 -0.19372
-3.87655 2.86477 -0.19387
-3.87892 2.86556 -0.19376
-3.88128 2.86636 -0.19365
-3.88365 2.86715 -0.19354
-3.88601 2.86794 -0.19343
-3.88859 2.86852 -0.19396
-3.89095 2.86931 -0.19385
-3.87598 2.86691 -0.19486
-3.87815 2.86791 -0.19411
-3.88051 2.86870 -0.19400
-3.88288 2.86950 -0.19389
-3.88503 2.87050 -0.19315
-3.88739 2.87129 -0.19304
-3.88954 2.87229 -0.19229
-3.89147 2.87350 -0.19091
-3.89361 2.87449 -0.19017
-3.87541 2.86904 -0.19585
-3.87778 2.86984 -0.19574
-3.87994 2.87084 -0.19499
-3.88211 2.87184 -0.19424
-3.88426 2.87284 -0.19350
-3.88662 2.87364 -0.19339
-3.88856 2.87484 -0.19201
-3.89070 2.87583 -0.19126
-3.89134 2.87824 -0.18613
-3.89346 2.87922 -0.18540
-3.89645 2.87940 -0.18716
-3.89923 2.87979 -0.18831
-3.90225 2.87998 -0.19009
-3.90758 2.89433 -0.16057
-3.87483 2.87118 -0.19685
-3.87741 2.87177 -0.19738
-3.87958 2.87277 -0.19663
-3.88175 2.87378 -0.19588
-3.88412 2.87457 -0.19577
-3.88606 2.87578 -0.19438
-3.88822 2.87677 -0.19363
-3.89015 2.87797 -0.19225
-3.89165 2.87956 -0.18961
-3.89292 2.88134 -0.18637
-3.89568 2.88173 -0.18751
-3.89847 2.88212 -0.18866
-3.90171 2.88211 -0.19107
-3.90521 2.88191 -0.19414
-3.90489 2.89810 -0.15582
-3.90538 2.90018 -0.15128
-3.90714 2.90124 -0.15008
-3.84747 2.86546 -0.19647
-3.84983 2.86625 -0.19636
-3.85219 2.86704 -0.19625
-3.85456 2.86783 -0.19615
-3.85692 2.86862 -0.19604
-3.85929 2.86941 -0.19593
-3.86165 2.87021 -0.19582
-3.86676 2.87137 -0.19688
-3.86932 2.87195 -0.19742
-3.87188 2.87254 -0.19796
-3.87446 2.87312 -0.19849
-3.87683 2.87392 -0.19838
-3.87921 2.87471 -0.19827
-3.88159 2.87551 -0.19816
-3.88376 2.87651 -0.19741
-3.88592 2.87751 -0.19665
-3.88787 2.87871 -0.19526
-3.88981 2.87991 -0.19387
-3.89174 2.88110 -0.19249
-3.89345 2.88248 -0.19048
-3.89623 2.88287 -0.19164
-3.89859 2.88366 -0.19153
-3.90184 2.88367 -0.19396
-3.90467 2.88406 -0.19514
-3.90225 2.90179 -0.15116
-3.90360 2.90317 -0.14887
-3.90472 2.90471 -0.14606
-3.84433 2.86701 -0.19693
-3.84670 2.86780 -0.19682
-3.84906 2.86859 -0.19671
-3.85142 2.86939 -0.19661
-3.85379 2.87018 -0.19650
-3.85615 2.87097 -0.19639
-3.85852 2.87176 -0.19628
-3.86088 2.87255 -0.19617
-3.86343 2.87314 -0.19670
-3.86599 2.87372 -0.19724
-3.86855 2.87431 -0.19777
-3.87131 2.87469 -0.19896
-3.87368 2.87548 -0.19885
-3.87626 2.87607 -0.19938
-3.87844 2.87707 -0.19863
-3.88082 2.87787 -0.19852
-3.88299 2.87887 -0.19776
-3.88557 2.87946 -0.19830
-3.88731 2.88086 -0.19625
-3.88947 2.88186 -0.19550
-3.89140 2.88304 -0.19411
-3.89376 2.88384 -0.19400
-3.89635 2.88443 -0.19453
-3.89871 2.88522 -0.19442
-3.90130 2.88582 -0.19495
-3.90436 2.88603 -0.19677
-3.89935 2.90323 -0.15159
-3.90049 2.90477 -0.14875
-3.90205 2.90598 -0.14702
-3.90338 2.90734 -0.14477
-3.86522 2.84109 -0.28270
-3.84593 2.87015 -0.19717
-3.84829 2.87094 -0.19706
-3.85065 2.87173 -0.19696
-3.85319 2.87232 -0.19749
-3.85556 2.87311 -0.19738
-3.85793 2.87390 -0.19727
-3.86029 2.87469 -0.19716
-3.86284 2.87528 -0.19770
-3.86540 2.87587 -0.19823
-3.86815 2.87625 -0.19942
-3.87092 2.87664 -0.20061
-3.87370 2.87702 -0.20180
-3.87629 2.87762 -0.20235
-3.87847 2.87862 -0.20158
-3.88107 2.87922 -0.20213
-3.88263 2.88083 -0.19941
-3.88543 2.88122 -0.20060
-3.88739 2.88242 -0.19919
-3.88955 2.88342 -0.19843
-3.89106 2.88500 -0.19574
-3.89321 2.88599 -0.19499
-3.89558 2.88678 -0.19488
-3.89816 2.88738 -0.19541
-3.90121 2.88759 -0.19724
-3.89760 2.90621 -0.14917
-3.89896 2.90757 -0.14690
-3.90113 2.90830 -0.14680
-3.90268 2.90949 -0.14509
-3.87202 2.84704 -0.28104
-3.87450 2.84822 -0.28008
-3.87720 2.84912 -0.27996
-3.87967 2.85029 -0.27900
-3.88236 2.85119 -0.27887
-3.88506 2.85210 -0.27875
-3.88703 2.85379 -0.27613
-3.88923 2.85520 -0.27435
-3.89094 2.85712 -0.27095
-3.89360 2.85802 -0.27083
-3.89702 2.85815 -0.27316
-3.89969 2.85904 -0.27304
-3.90237 2.85994 -0.27291
-3.90530 2.86058 -0.27361
-3.90825 2.86123 -0.27431
-3.91120 2.86188 -0.27501
-3.91416 2.86253 -0.27572
-3.91712 2.86318 -0.27642
-3.91981 2.86408 -0.27630
-3.92251 2.86498 -0.27618
-3.92520 2.86588 -0.27605
-3.92789 2.86678 -0.27593
-3.89288 2.91145 -0.13882
-3.89502 2.91217 -0.13872
-3.89797 2.91228 -0.14072
-3.90011 2.91300 -0.14062
-3.88663 2.85594 -0.27819
-3.88884 2.85735 -0.27640
-3.89104 2.85876 -0.27463
-3.89273 2.86066 -0.27122
-3.89615 2.86081 -0.27356
-3.89882 2.86170 -0.27343
-3.90150 2.86260 -0.27331
-3.90443 2.86324 -0.27401
-3.90737 2.86389 -0.27471
-3.91032 2.86454 -0.27541
-3.91328 2.86520 -0.27612
-3.91625 2.86585 -0.27682
-3.91894 2.86675 -0.27670
-3.92163 2.86765 -0.27657
-3.92432 2.86856 -0.27645
-3.87042 2.93010 -0.08088
-3.87248 2.93062 -0.08121
-3.87833 2.86132 -0.19673
-3.88050 2.86234 -0.19597
-3.88288 2.86313 -0.19587
-3.88525 2.86393 -0.19576
-3.87776 2.86346 -0.19773
-3.87993 2.86447 -0.19697
-3.88210 2.86549 -0.19622
-3.88427 2.86650 -0.19546
-3.88643 2.86751 -0.19471
-3.88880 2.86830 -0.19460
-3.89074 2.86952 -0.19322
-3.90759 2.88046 -0.18037
-3.90739 2.88336 -0.17362
-3.90923 2.88451 -0.17232
-3.87698 2.86582 -0.19808
-3.87936 2.86662 -0.19797
-3.88154 2.86763 -0.19722
-3.88350 2.86886 -0.19582
-3.88524 2.87029 -0.19378
-3.88760 2.87108 -0.19367
-3.88954 2.87229 -0.19229
-3.89147 2.87350 -0.19091
-3.89275 2.87531 -0.18766
-3.89509 2.87609 -0.18755
-3.89809 2.87627 -0.18933
-3.90134 2.87624 -0.19175
-3.91127 2.87027 -0.21270
-3.90620 2.88601 -0.17277
-3.90781 2.88734 -0.17088
-3.90940 2.88865 -0.16901
-3.90942 2.89122 -0.16310
-3.91076 2.89269 -0.16070
-3.87641 2.86797 -0.19908
-3.87859 2.86898 -0.19832
-3.88056 2.87021 -0.19692
-3.88272 2.87121 -0.19617
-3.88447 2.87264 -0.19413
-3.88683 2.87343 -0.19403
-3.88877 2.87463 -0.19264
-3.89070 2.87583 -0.19126
-3.89113 2.87844 -0.18551
-3.89346 2.87922 -0.18540
-3.89732 2.87860 -0.18967
-3.90057 2.87858 -0.19210
-3.90975 2.87334 -0.21102
-3.90729 2.88941 -0.17181
-3.90889 2.89072 -0.16994
-3.90868 2.89345 -0.16343
-3.90870 2.89595 -0.15763
-3.90829 2.89873 -0.15086
-3.83909 2.85949 -0.19784
-3.84130 2.86051 -0.19709
-3.84367 2.86130 -0.19698
-3.84604 2.86209 -0.19687
-3.84840 2.86289 -0.19676
-3.85077 2.86368 -0.19665
-3.87325 2.86954 -0.19955
-3.87563 2.87034 -0.19944
-3.87781 2.87135 -0.19868
-3.87999 2.87235 -0.19792
-3.88195 2.87357 -0.19652
-3.88370 2.87498 -0.19449
-3.88606 2.87578 -0.19438
-3.88843 2.87657 -0.19427
-3.89015 2.87797 -0.19225
-3.89229 2.87896 -0.19150
-3.89508 2.87935 -0.19266
-3.89744 2.88014 -0.19256
-3.90070 2.88012 -0.19500
-3.90895 2.87576 -0.21138
-3.90815 2.89298 -0.17027
-3.90576 2.89741 -0.15807
-3.90410 2.90117 -0.14800
-3.90585 2.90222 -0.14682
-3.84053 2.86286 -0.19744
-3.84290 2.86365 -0.19733
-3.84527 2.86445 -0.19722
-3.84763 2.86524 -0.19711
-3.85000 2.86603 -0.19701
-3.85237 2.86682 -0.19690
-3.85456 2.86783 -0.19615
-3.85692 2.86862 -0.19604
-3.85947 2.86920 -0.19657
-3.86183 2.86999 -0.19646
-3.86457 2.87036 -0.19764
-3.86752 2.87052 -0.19947
-3.87009 2.87111 -0.20001
-3.87247 2.87190 -0.19990
-3.87485 2.87270 -0.19979
-3.87704 2.87371 -0.19903
-3.87901 2.87492 -0.19763
-3.88138 2.87572 -0.19752
-3.88355 2.87672 -0.19676
-3.88592 2.87751 -0.19665
-3.88787 2.87871 -0.19526
-3.89002 2.87971 -0.19451
-3.89239 2.88050 -0.19440
-3.89475 2.88129 -0.19429
-3.89712 2.88208 -0.19418
-3.89993 2.88248 -0.19535
-3.90531 2.88066 -0.20371
-3.90120 2.90260 -0.14843
-3.90297 2.90366 -0.14724
-3.90472 2.90471 -0.14606
-3.84197 2.86622 -0.19704
-3.84433 2.86701 -0.19693
-3.84670 2.86780 -0.19682
-3.84906 2.86859 -0.19671
-3.85142 2.86939 -0.19661
-3.85379 2.87018 -0.19650
-3.85615 2.87097 -0.19639
-3.85852 2.87176 -0.19628
-3.86088 2.87255 -0.19617
-3.86343 2.87314 -0.19670
-3.86655 2.87309 -0.19917
-3.86912 2.87368 -0.19971
-3.87150 2.87448 -0.19960
-3.87349 2.87569 -0.19820
-3.87586 2.87648 -0.19809
-3.87824 2.87728 -0.19798
-3.88041 2.87828 -0.19722
-3.88278 2.87907 -0.19711
-3.88515 2.87987 -0.19701
-3.88710 2.88106 -0.19561
-3.88925 2.88205 -0.19486
-3.89162 2.88285 -0.19475
-3.89398 2.88364 -0.19464
-3.89635 2.88443 -0.19453
-3.89916 2.88483 -0.19571
-3.90176 2.88543 -0.19624
-3.90650 2.88702 -0.19602
-3.90556 2.89836 -0.16801
-3.90238 2.90331 -0.15369
-3.90268 2.90550 -0.14865
-3.90401 2.90687 -0.14638
-3.86458 2.84192 -0.28018
-3.84593 2.87015 -0.19717
-3.84829 2.87094 -0.19706
-3.85065 2.87173 -0.19696
-3.85302 2.87253 -0.19685
-3.85538 2.87332 -0.19674
-3.85775 2.87411 -0.19663
-3.86011 2.87490 -0.19652
-3.86266 2.87549 -0.19705
-3.86597 2.87525 -0.20018
-3.86835 2.87604 -0.20007
-3.87073 2.87684 -0.19996
-3.87271 2.87805 -0.19855
-3.87509 2.87884 -0.19844
-3.87746 2.87964 -0.19833
-3.87963 2.88063 -0.19758
-3.88201 2.88143 -0.19747
-3.88438 2.88222 -0.19736
-3.88675 2.88302 -0.19725
-3.88848 2.88440 -0.19521
-3.89085 2.88519 -0.19510
-3.89321 2.88599 -0.19499
-3.89558 2.88678 -0.19488
-3.90972 2.87737 -0.22863
-3.91172 2.87864 -0.22708
-3.91472 2.87905 -0.22840
-3.91671 2.88031 -0.22685
-3.90646 2.90429 -0.16065
-3.90415 2.90840 -0.14887
-3.86910 2.84641 -0.28033
-3.87158 2.84758 -0.27937
-3.87428 2.84849 -0.27925
-3.87697 2.84939 -0.27912
-3.87967 2.85029 -0.27900
-3.88213 2.85146 -0.27804
-3.88458 2.85262 -0.27708
-3.88632 2.85457 -0.27365
-3.88851 2.85598 -0.27189
-3.89070 2.85738 -0.27014
-3.89263 2.85903 -0.26758
-3.89479 2.86041 -0.26585
-3.89718 2.86155 -0.26493
-3.89883 2.86341 -0.26162
-3.89897 2.86669 -0.25366
-3.90157 2.86756 -0.25354
-3.90416 2.86843 -0.25342
-3.90676 2.86930 -0.25330
-3.90962 2.86994 -0.25395
-3.90739 2.87816 -0.23199
-3.90965 2.87922 -0.23116
-3.91140 2.88069 -0.22888
-3.91391 2.88153 -0.22877
-3.87453 2.85569 -0.19431
-3.87710 2.85626 -0.19485
-3.87356 2.85827 -0.19403
-3.87593 2.85906 -0.19392
-3.87829 2.85985 -0.19381
-3.88107 2.86020 -0.19498
-3.88365 2.86077 -0.19551
-3.87516 2.86141 -0.19427
-3.87752 2.86220 -0.19416
-3.87989 2.86300 -0.19405
-3.88267 2.86335 -0.19522
-3.88525 2.86393 -0.19576
-3.88784 2.86450 -0.19629
-3.87439 2.86376 -0.19462
-3.87675 2.86455 -0.19451
-3.87912 2.86535 -0.19440
-3.88169 2.86592 -0.19493
-3.88427 2.86650 -0.19546
-3.88685 2.86708 -0.19600
-3.88901 2.86809 -0.19525
-3.89074 2.86952 -0.19322
-3.89267 2.87074 -0.19183
-3.89503 2.87153 -0.19172
-3.89739 2.87232 -0.19161
-3.90493 2.87427 -0.19256
-3.90682 2.87548 -0.19118
-3.90895 2.87647 -0.19044
-3.90897 2.87927 -0.18407
-3.87342 2.86633 -0.19433
-3.87578 2.86712 -0.19422
-3.87815 2.86791 -0.19411
-3.88072 2.86849 -0.19464
-3.88350 2.86886 -0.19582
-3.88608 2.86944 -0.19635
-3.88782 2.87087 -0.19431
-3.88997 2.87187 -0.19357
-3.89147 2.87350 -0.19091
-3.89361 2.87449 -0.19017
-3.89596 2.87528 -0.19006
-3.89898 2.87545 -0.19186
-3.90179 2.87583 -0.19302
-3.90416 2.87662 -0.19291
-3.90652 2.87741 -0.19280
-3.90758 2.88752 -0.17029
-3.90695 2.89065 -0.16263
-3.90677 2.89335 -0.15628
-3.87265 2.86868 -0.19468
-3.87501 2.86947 -0.19457
-3.87738 2.87026 -0.19446
-3.87974 2.87105 -0.19435
-3.88231 2.87163 -0.19488
-3.88747 2.87280 -0.19595
-3.88920 2.87422 -0.19392
-3.89049 2.87604 -0.19063
-3.89284 2.87683 -0.19052
-3.89519 2.87761 -0.19041
-3.89755 2.87840 -0.19030
-3.90729 2.88941 -0.17181
-3.90491 2.89394 -0.15954
-3.90518 2.89624 -0.15438
-3.90674 2.89749 -0.15261
-3.83645 2.86323 -0.18709
-3.83956 2.86293 -0.19010
-3.84270 2.86262 -0.19315
-3.84521 2.86319 -0.19368
-3.84757 2.86398 -0.19357
-3.84992 2.86477 -0.19346
-3.85210 2.86577 -0.19272
-3.85445 2.86656 -0.19261
-3.85698 2.86714 -0.19313
-3.85952 2.86771 -0.19366
-3.86951 2.87023 -0.19514
-3.87188 2.87102 -0.19503
-3.87424 2.87182 -0.19492
-3.87661 2.87261 -0.19481
-3.87897 2.87340 -0.19470
-3.88907 2.87595 -0.19619
-3.89015 2.87797 -0.19225
-3.89229 2.87896 -0.19150
-3.89443 2.87995 -0.19076
-3.89678 2.88074 -0.19065
-3.89913 2.88152 -0.19055
-3.90246 2.89752 -0.15536
-3.90382 2.89894 -0.15304
-3.90538 2.90018 -0.15128
-3.83710 2.86759 -0.18362
-3.84050 2.86689 -0.18784
-3.84412 2.86596 -0.19276
-3.84663 2.86653 -0.19328
-3.84882 2.86754 -0.19254
-3.85117 2.86832 -0.19243
-3.85352 2.86911 -0.19232
-3.85604 2.86968 -0.19285
-3.85857 2.87026 -0.19337
-3.86129 2.87063 -0.19454
-3.86383 2.87121 -0.19507
-3.86638 2.87179 -0.19560
-3.86874 2.87258 -0.19549
-3.87092 2.87358 -0.19474
-3.87308 2.87458 -0.19399
-3.87544 2.87537 -0.19389
-3.87820 2.87575 -0.19505
-3.88097 2.87613 -0.19623
-3.88830 2.87831 -0.19654
-3.89002 2.87971 -0.19451
-3.89174 2.88110 -0.19249
-3.89410 2.88189 -0.19238
-3.89601 2.88307 -0.19100
-3.89837 2.88386 -0.19089
-3.90132 2.90006 -0.15458
-3.90246 2.90162 -0.15171
-3.90339 2.90334 -0.14833
-3.83959 2.86941 -0.18756
-3.84287 2.86893 -0.19121
-3.84570 2.86908 -0.19300
-3.84789 2.87008 -0.19225
-3.85023 2.87086 -0.19215
-3.85258 2.87165 -0.19204
-3.85492 2.87244 -0.19193
-3.85763 2.87281 -0.19309
-3.86052 2.87297 -0.19489
-3.86325 2.87335 -0.19606
-3.86561 2.87414 -0.19595
-3.86797 2.87493 -0.19584
-3.86995 2.87613 -0.19445
-3.87212 2.87713 -0.19371
-3.87428 2.87812 -0.19296
-3.87723 2.87830 -0.19477
-3.90463 2.85411 -0.27376
-3.91377 2.85577 -0.27670
-3.88925 2.88205 -0.19486
-3.89140 2.88304 -0.19411
-3.89355 2.88403 -0.19336
-3.89547 2.88521 -0.19198
-3.89760 2.88619 -0.19124
-3.90294 2.90041 -0.16110
-3.90281 2.90299 -0.15480
-3.90373 2.90470 -0.15138
-3.84494 2.87141 -0.19334
-3.84712 2.87241 -0.19260
-3.84947 2.87319 -0.19249
-3.85181 2.87398 -0.19239
-3.85433 2.87456 -0.19291
-3.85704 2.87494 -0.19407
-3.88371 2.84798 -0.28014
-3.88593 2.84942 -0.27835
-3.88839 2.85059 -0.27739
-3.89084 2.85175 -0.27644
-3.89328 2.85292 -0.27548
-3.87135 2.87947 -0.19406
-3.87351 2.88045 -0.19331
-3.89955 2.85741 -0.26937
-3.90272 2.85779 -0.27088
-3.90644 2.85767 -0.27404
-3.91019 2.85754 -0.27723
-3.91207 2.85921 -0.27462
-3.91421 2.86062 -0.27284
-3.89085 2.88519 -0.19510
-3.89321 2.88599 -0.19499
-3.89536 2.88697 -0.19424
-3.89265 2.85532 -0.27671
-3.89484 2.85674 -0.27493
-3.89602 2.85916 -0.26989
-3.89868 2.86005 -0.26977
-3.90134 2.86094 -0.26965
-3.90401 2.86184 -0.26952
-3.90798 2.86148 -0.27349
-3.87540 2.85807 -0.19256
-3.87463 2.86042 -0.19292
-3.87679 2.86144 -0.19218
-3.87915 2.86224 -0.19207
-3.88152 2.86304 -0.19196
-3.87365 2.86299 -0.19264
-3.87602 2.86378 -0.19253
-3.87838 2.86458 -0.19243
-3.88074 2.86538 -0.19232
-3.88372 2.86552 -0.19413
-3.88651 2.86588 -0.19532
-3.88889 2.86668 -0.19521
-3.83050 2.85523 -0.18533
-3.83283 2.85602 -0.18523
-3.83530 2.85658 -0.18574
-3.83778 2.85714 -0.18626
-3.87288 2.86533 -0.19299
-3.87524 2.86613 -0.19289
-3.87760 2.86693 -0.19278
-3.87996 2.86773 -0.19268
-3.88274 2.86809 -0.19385
-3.88531 2.86867 -0.19439
-3.88789 2.86926 -0.19492
-3.89005 2.87027 -0.19417
-3.89199 2.87150 -0.19279
-3.89414 2.87252 -0.19204
-3.89650 2.87331 -0.19194
-3.89909 2.87390 -0.19247
-3.90168 2.87449 -0.19300
-3.91090 2.86900 -0.21207
-3.82916 2.85844 -0.18321
-3.83162 2.85900 -0.18372
-3.83424 2.85934 -0.18485
-3.83686 2.85967 -0.18599
-3.87210 2.86768 -0.19335
-3.87446 2.86847 -0.19324
-3.87683 2.86927 -0.19314
-3.87919 2.87007 -0.19303
-3.88175 2.87065 -0.19357
-3.88433 2.87124 -0.19410
-3.88690 2.87183 -0.19464
-3.88885 2.87305 -0.19325
-3.89100 2.87406 -0.19250
-3.89315 2.87507 -0.19176
-3.89550 2.87587 -0.19166
-3.89786 2.87667 -0.19155
-3.90067 2.87705 -0.19272
-3.90395 2.87702 -0.19518
-3.91254 2.87225 -0.21233
-3.90646 2.89672 -0.15194
-3.83288 2.86252 -0.18274
-3.83580 2.86242 -0.18510
-3.83983 2.86077 -0.19189
-3.86915 2.86901 -0.19445
-3.87152 2.86981 -0.19434
-3.87369 2.87082 -0.19360
-3.87605 2.87162 -0.19349
-3.87841 2.87242 -0.19339
-3.88077 2.87321 -0.19328
-3.88334 2.87380 -0.19382
-3.88591 2.87439 -0.19435
-3.88807 2.87540 -0.19360
-3.89022 2.87641 -0.19286
-3.89215 2.87762 -0.19148
-3.89408 2.87883 -0.19011
-3.89643 2.87962 -0.19000
-3.89923 2.88001 -0.19116
-3.90203 2.88040 -0.19233
-3.90463 2.88099 -0.19286
-3.90722 2.88159 -0.19340
-3.90489 2.89959 -0.15007
-3.83890 2.86333 -0.19161
-3.84172 2.86345 -0.19341
-3.84424 2.86403 -0.19394
-3.84659 2.86483 -0.19384
-3.84895 2.86562 -0.19373
-3.85114 2.86664 -0.19299
-3.85349 2.86743 -0.19288
-3.85585 2.86823 -0.19278
-3.85820 2.86902 -0.19267
-3.86074 2.86961 -0.19320
-3.86346 2.86997 -0.19438
-3.86601 2.87056 -0.19491
-3.86837 2.87135 -0.19481
-3.87074 2.87215 -0.19470
-3.87291 2.87316 -0.19395
-3.87527 2.87396 -0.19385
-3.87763 2.87476 -0.19374
-3.88000 2.87556 -0.19364
-3.88236 2.87636 -0.19353
-3.88493 2.87695 -0.19407
-3.88708 2.87795 -0.19332
-3.88902 2.87916 -0.19194
-3.89074 2.88057 -0.18993
-3.89266 2.88177 -0.18857
-3.89457 2.88296 -0.18721
-3.89735 2.88335 -0.18836
-3.89991 2.88394 -0.18888
-3.90294 2.88414 -0.19067
-3.90552 2.88474 -0.19120
-3.90858 2.88494 -0.19301
-3.90324 2.90001 -0.15381
-3.90416 2.90177 -0.15040
-3.84095 2.86579 -0.19376
-3.84346 2.86637 -0.19430
-3.84582 2.86717 -0.19419
-3.84818 2.86796 -0.19409
-3.85036 2.86897 -0.19334
-3.85272 2.86977 -0.19324
-3.85507 2.87057 -0.19313
-3.85743 2.87136 -0.19303
-3.85996 2.87194 -0.19356
-3.86232 2.87274 -0.19345
-3.86505 2.87311 -0.19463
-3.86760 2.87370 -0.19516
-3.86996 2.87450 -0.19506
-3.87213 2.87551 -0.19431
-3.87450 2.87631 -0.19420
-3.87686 2.87711 -0.19410
-3.87922 2.87790 -0.19399
-3.88158 2.87870 -0.19389
-3.88394 2.87950 -0.19378
-3.88631 2.88030 -0.19368
-3.88825 2.88150 -0.19230
-3.88976 2.88310 -0.18966
-3.89168 2.88429 -0.18829
-3.89380 2.88528 -0.18756
-3.89614 2.88607 -0.18745
-3.89892 2.88647 -0.18861
-3.90149 2.88707 -0.18913
-3.90452 2.88727 -0.19092
-3.90710 2.88788 -0.19145
-3.90251 2.90220 -0.15415
-3.90344 2.90395 -0.15073
-3.90352 2.90632 -0.14518
-3.84317 2.86806 -0.19658
-3.84537 2.86907 -0.19583
-3.84757 2.87009 -0.19508
-3.84976 2.87110 -0.19434
-3.85195 2.87211 -0.19359
-3.85430 2.87290 -0.19349
-3.85665 2.87370 -0.19338
-3.85901 2.87449 -0.19328
-3.86154 2.87508 -0.19381
-3.86427 2.87546 -0.19498
-3.86663 2.87626 -0.19488
-3.86899 2.87706 -0.19477
-3.87136 2.87785 -0.19467
-3.87352 2.87886 -0.19392
-3.87569 2.87986 -0.19318
-3.87804 2.88066 -0.19307
-3.88081 2.88105 -0.19424
-3.88317 2.88185 -0.19414
-3.88553 2.88264 -0.19403
-3.88747 2.88384 -0.19265
-3.88962 2.88484 -0.19191
-3.89112 2.88642 -0.18927
-3.89325 2.88741 -0.18854
-3.89559 2.88820 -0.18843
-3.89837 2.88860 -0.18959
-3.90094 2.88920 -0.19012
-3.90179 2.90439 -0.15448
-3.90378 2.90530 -0.15382
-3.84932 2.87302 -0.19597
-3.85151 2.87402 -0.19523
-3.85353 2.87524 -0.19384
-3.85588 2.87604 -0.19374
-3.85841 2.87662 -0.19427
-3.86113 2.87701 -0.19544
-3.86349 2.87781 -0.19534
-3.86586 2.87860 -0.19523
-3.86822 2.87940 -0.19513
-3.87058 2.88020 -0.19502
-3.87275 2.88120 -0.19428
-3.87491 2.88220 -0.19353
-3.87727 2.88300 -0.19343
-3.90426 2.85932 -0.27143
-3.90745 2.85971 -0.27295
-3.88496 2.88479 -0.19503
-3.88712 2.88579 -0.19428
-3.88906 2.88698 -0.19290
-3.89120 2.88797 -0.19216
-3.89355 2.88877 -0.19205
-3.89569 2.88976 -0.19131
-3.89804 2.89055 -0.19121
-3.87051 2.92609 -0.08414
-3.87259 2.92661 -0.08448
-3.87539 2.85305 -0.19747
-3.87879 2.85267 -0.20063
-3.87304 2.85727 -0.19267
-3.87560 2.85784 -0.19320
-3.87797 2.85864 -0.19310
-3.88034 2.85944 -0.19299
-3.83014 2.84913 -0.18660
-3.87207 2.85984 -0.19239
-3.87443 2.86064 -0.19228
-3.87679 2.86144 -0.19218
-3.87956 2.86179 -0.19335
-3.88213 2.86236 -0.19388
-3.88492 2.86272 -0.19506
-3.82952 2.85121 -0.18758
-3.87129 2.86219 -0.19274
-3.87365 2.86299 -0.19264
-3.87602 2.86378 -0.19253
-3.87838 2.86458 -0.19243
-3.88115 2.86494 -0.19360
-3.88414 2.86508 -0.19542
-3.88757 2.86477 -0.19856
-3.88974 2.86580 -0.19780
-3.89126 2.86748 -0.19510
-3.82875 2.85353 -0.18793
-3.83109 2.85432 -0.18782
-3.83342 2.85511 -0.18772
-3.83576 2.85590 -0.18761
-3.87052 2.86453 -0.19310
-3.87288 2.86533 -0.19299
-3.87524 2.86613 -0.19289
-3.87760 2.86693 -0.19278
-3.88037 2.86729 -0.19396
-3.88335 2.86743 -0.19578
-3.88594 2.86802 -0.19632
-3.88832 2.86882 -0.19621
-3.89048 2.86984 -0.19546
-3.89156 2.87193 -0.19151
-3.89392 2.87273 -0.19141
-3.89650 2.87331 -0.19194
-3.89909 2.87390 -0.19247
-3.90190 2.87428 -0.19364
-3.90427 2.87508 -0.19354
-3.83032 2.85664 -0.18817
-3.83265 2.85743 -0.18807
-3.83499 2.85821 -0.18797
-3.83748 2.85878 -0.18849
-3.86974 2.86688 -0.19345
-3.87210 2.86768 -0.19335
-3.87446 2.86847 -0.19324
-3.87683 2.86927 -0.19314
-3.87959 2.86964 -0.19431
-3.88257 2.86979 -0.19614
-3.88516 2.87038 -0.19668
-3.88754 2.87118 -0.19657
-3.88970 2.87220 -0.19582
-3.89079 2.87427 -0.19187
-3.89315 2.87507 -0.19176
-3.89572 2.87566 -0.19229
-3.89875 2.87583 -0.19411
-3.90112 2.87663 -0.19400
-3.90937 2.87209 -0.21040
-3.90582 2.89724 -0.15029
-3.83189 2.85974 -0.18842
-3.83392 2.86098 -0.18707
-3.83655 2.86132 -0.18821
-3.83904 2.86189 -0.18874
-3.85697 2.86545 -0.19370
-3.85933 2.86625 -0.19359
-3.86188 2.86683 -0.19413
-3.86896 2.86922 -0.19381
-3.87132 2.87002 -0.19370
-3.87369 2.87082 -0.19360
-3.87644 2.87119 -0.19477
-3.87922 2.87156 -0.19596
-3.88179 2.87215 -0.19650
-3.88438 2.87274 -0.19704
-3.88675 2.87354 -0.19693
-3.88892 2.87456 -0.19618
-3.89022 2.87641 -0.19286
-3.89258 2.87721 -0.19275
-3.89495 2.87800 -0.19265
-3.89753 2.87860 -0.19318
-3.90034 2.87898 -0.19436
-3.90857 2.87451 -0.21076
-3.90164 2.89970 -0.14743
-3.90341 2.90077 -0.14625
-3.83533 2.86429 -0.18669
-3.83766 2.86508 -0.18659
-3.84061 2.86500 -0.18898
-3.84375 2.86469 -0.19203
-3.84627 2.86527 -0.19256
-3.84878 2.86584 -0.19309
-3.85131 2.86642 -0.19363
-3.85367 2.86722 -0.19352
-3.85620 2.86779 -0.19405
-3.85856 2.86859 -0.19395
-3.86110 2.86917 -0.19448
-3.86346 2.86997 -0.19438
-3.86582 2.87077 -0.19427
-3.86819 2.87157 -0.19417
-3.87055 2.87237 -0.19406
-3.87310 2.87295 -0.19460
-3.87567 2.87354 -0.19513
-3.87844 2.87392 -0.19631
-3.88101 2.87451 -0.19685
-3.88359 2.87510 -0.19739
-3.88597 2.87590 -0.19729
-3.88793 2.87712 -0.19589
-3.88945 2.87875 -0.19322
-3.89181 2.87955 -0.19311
-3.89417 2.88035 -0.19300
-3.89653 2.88115 -0.19290
-3.89912 2.88174 -0.19343
-3.90216 2.88193 -0.19525
-3.90072 2.90203 -0.14721
-3.90227 2.90326 -0.14549
-3.83922 2.86818 -0.18683
-3.84298 2.86702 -0.19239
-3.84549 2.86760 -0.19292
-3.84801 2.86818 -0.19345
-3.85053 2.86876 -0.19398
-3.85289 2.86956 -0.19388
-3.85525 2.87035 -0.19377
-3.85761 2.87115 -0.19367
-3.86014 2.87173 -0.19420
-3.86268 2.87232 -0.19473
-3.86505 2.87311 -0.19463
-3.86741 2.87391 -0.19452
-3.86977 2.87471 -0.19442
-3.87252 2.87509 -0.19559
-3.87489 2.87589 -0.19549
-3.87746 2.87648 -0.19603
-3.88003 2.87707 -0.19656
-3.88240 2.87788 -0.19646
-3.88477 2.87868 -0.19635
-3.88694 2.87969 -0.19560
-3.88867 2.88110 -0.19357
-3.89103 2.88190 -0.19347
-3.89339 2.88269 -0.19336
-3.89576 2.88349 -0.19325
-3.89812 2.88429 -0.19315
-3.90071 2.88489 -0.19368
-3.90000 2.90420 -0.14754
-3.90156 2.90542 -0.14582
-3.90290 2.90680 -0.14357
-3.84221 2.86936 -0.19274
-3.84472 2.86994 -0.19327
-3.84724 2.87052 -0.19380
-3.84976 2.87110 -0.19434
-3.85212 2.87190 -0.19423
-3.85447 2.87269 -0.19413
-3.85683 2.87349 -0.19402
-3.85937 2.87407 -0.19455
-3.86191 2.87466 -0.19509
-3.86427 2.87546 -0.19498
-3.86663 2.87626 -0.19488
-3.86918 2.87685 -0.19541
-3.87174 2.87744 -0.19595
-3.87431 2.87803 -0.19649
-3.87688 2.87863 -0.19703
-3.87925 2.87943 -0.19692
-3.88162 2.88023 -0.19682
-3.88399 2.88103 -0.19671
-3.88637 2.88183 -0.19660
-3.88789 2.88344 -0.19393
-3.89026 2.88424 -0.19382
-3.89262 2.88504 -0.19372
-3.89498 2.88584 -0.19361
-3.89734 2.88664 -0.19350
-3.90015 2.88704 -0.19468
-3.89949 2.90620 -0.14842
-3.90084 2.90758 -0.14615
-3.84898 2.87344 -0.19469
-3.85134 2.87424 -0.19459
-3.85370 2.87503 -0.19448
-3.85606 2.87583 -0.19438
-3.85877 2.87621 -0.19555
-3.86113 2.87701 -0.19544
-3.86349 2.87781 -0.19534
-3.86604 2.87840 -0.19588
-3.89162 2.85401 -0.27450
-3.89430 2.85492 -0.27438
-3.89649 2.85635 -0.27261
-3.89916 2.85725 -0.27249
-3.90158 2.85842 -0.27155
-3.90451 2.85906 -0.27225
-3.90719 2.85997 -0.27213
-3.91120 2.85959 -0.27615
-3.91363 2.86075 -0.27519
-3.91577 2.86217 -0.27342
-3.91817 2.86333 -0.27247
-3.92085 2.86424 -0.27235
-3.92353 2.86514 -0.27223
-3.87423 2.86087 -0.19164
-3.83112 2.85316 -0.18436
-3.87346 2.86321 -0.19200
-3.87562 2.86423 -0.19126
-3.87778 2.86524 -0.19052
-3.88034 2.86582 -0.19105
-3.88331 2.86596 -0.19285
-3.82832 2.85422 -0.18606
-3.83050 2.85523 -0.18533
-3.83268 2.85625 -0.18461
-3.83500 2.85703 -0.18450
-3.87504 2.86635 -0.19225
-3.87720 2.86736 -0.19151
-3.87976 2.86794 -0.19204
-3.88253 2.86831 -0.19321
-3.88510 2.86889 -0.19374
-3.88747 2.86969 -0.19364
-3.88899 2.87135 -0.19098
-3.88986 2.87362 -0.18646
-3.89114 2.87545 -0.18325
-3.82974 2.85754 -0.18568
-3.83206 2.85833 -0.18558
-3.83439 2.85911 -0.18547
-3.83686 2.85967 -0.18599
-3.87427 2.86869 -0.19260
-3.87663 2.86949 -0.19250
-3.87919 2.87007 -0.19303
-3.88196 2.87044 -0.19421
-3.88453 2.87102 -0.19474
-3.88669 2.87204 -0.19399
-3.88843 2.87348 -0.19197
-3.88972 2.87532 -0.18870
-3.89122 2.87694 -0.18609
-3.89377 2.87752 -0.18661
-3.89742 2.87708 -0.19028
-3.90067 2.87705 -0.19272
-3.90769 2.89056 -0.16693
-3.90795 2.89296 -0.16162
-3.83145 2.86041 -0.18655
-3.83392 2.86098 -0.18707
-3.83640 2.86154 -0.18759
-3.83858 2.86255 -0.18686
-3.87113 2.87024 -0.19307
-3.87349 2.87103 -0.19296
-3.87605 2.87162 -0.19349
-3.87841 2.87242 -0.19339
-3.88118 2.87279 -0.19456
-3.88375 2.87338 -0.19510
-3.88612 2.87418 -0.19499
-3.88786 2.87561 -0.19297
-3.88980 2.87682 -0.19159
-3.89130 2.87844 -0.18895
-3.89365 2.87924 -0.18884
-3.89731 2.87880 -0.19254
-3.90012 2.87919 -0.19372
-3.90695 2.89280 -0.16727
-3.90081 2.90037 -0.14526
-3.90257 2.90144 -0.14409
-3.83316 2.86329 -0.18742
-3.83533 2.86429 -0.18669
-3.83766 2.86508 -0.18659
-3.83999 2.86587 -0.18648
-3.84231 2.86665 -0.18638
-3.84464 2.86744 -0.18628
-3.84697 2.86822 -0.18617
-3.84946 2.86880 -0.18669
-3.85213 2.86916 -0.18783
-3.85498 2.86931 -0.18961
-3.85785 2.86946 -0.19140
-3.86038 2.87003 -0.19193
-3.86291 2.87062 -0.19246
-3.86800 2.87178 -0.19353
-3.87036 2.87258 -0.19342
-3.87291 2.87316 -0.19395
-3.87527 2.87396 -0.19385
-3.87783 2.87455 -0.19438
-3.88040 2.87514 -0.19492
-3.88297 2.87573 -0.19546
-3.88534 2.87653 -0.19535
-3.88729 2.87775 -0.19396
-3.88923 2.87896 -0.19258
-3.89074 2.88057 -0.18993
-3.89309 2.88136 -0.18983
-3.89675 2.88094 -0.19354
-3.89957 2.88134 -0.19472
-3.90010 2.90253 -0.14559
-3.90186 2.90359 -0.14442
-3.90361 2.90465 -0.14324
-3.83690 2.86739 -0.18694
-3.83907 2.86839 -0.18621
-3.84155 2.86896 -0.18673
-3.84388 2.86975 -0.18663
-3.84636 2.87032 -0.18715
-3.84869 2.87111 -0.18704
-3.85119 2.87169 -0.18756
-3.85386 2.87205 -0.18871
-3.85690 2.87200 -0.19112
-3.85960 2.87237 -0.19229
-3.86214 2.87295 -0.19282
-3.86468 2.87354 -0.19335
-3.86722 2.87412 -0.19388
-3.86958 2.87492 -0.19378
-3.87213 2.87551 -0.19431
-3.87450 2.87631 -0.19420
-3.87686 2.87711 -0.19410
-3.87962 2.87749 -0.19528
-3.88220 2.87808 -0.19581
-3.88436 2.87909 -0.19506
-3.88652 2.88010 -0.19432
-3.88846 2.88130 -0.19293
-3.88997 2.88290 -0.19029
-3.89232 2.88370 -0.19018
-3.89598 2.88329 -0.19389
-3.89901 2.88349 -0.19572
-3.90242 2.89975 -0.15988
-3.90042 2.90387 -0.14863
-3.90135 2.90559 -0.14528
-3.90290 2.90680 -0.14357
-3.83815 2.87091 -0.18594
-3.84063 2.87148 -0.18646
-3.84295 2.87227 -0.18636
-3.84544 2.87284 -0.18687
-3.84776 2.87363 -0.18677
-3.85026 2.87421 -0.18729
-3.85259 2.87500 -0.18718
-3.85526 2.87537 -0.18833
-3.85848 2.87512 -0.19137
-3.86118 2.87550 -0.19254
-3.86372 2.87609 -0.19307
-3.86626 2.87667 -0.19360
-3.86881 2.87726 -0.19413
-3.87116 2.87806 -0.19403
-3.87372 2.87865 -0.19456
-3.87608 2.87945 -0.19446
-3.87864 2.88005 -0.19499
-3.88121 2.88064 -0.19553
-3.88337 2.88164 -0.19478
-3.88532 2.88285 -0.19339
-3.88705 2.88424 -0.19138
-3.88920 2.88523 -0.19064
-3.89154 2.88603 -0.19054
-3.89542 2.88544 -0.19489
-3.89845 2.88564 -0.19672
-3.90233 2.90145 -0.16192
-3.90158 2.90456 -0.15392
-3.90293 2.90596 -0.15161
-3.90281 2.90847 -0.14551
-3.84235 2.87437 -0.18733
-3.84483 2.87495 -0.18785
-3.84716 2.87573 -0.18774
-3.84949 2.87652 -0.18764
-3.85199 2.87710 -0.18816
-3.85518 2.87687 -0.19120
-3.85788 2.87725 -0.19236
-3.86059 2.87763 -0.19353
-3.86313 2.87822 -0.19406
-3.86567 2.87881 -0.19459
-3.86803 2.87961 -0.19449
-3.87058 2.88020 -0.19502
-3.87294 2.88100 -0.19492
-3.87531 2.88180 -0.19481
-3.87787 2.88239 -0.19535
-3.88043 2.88299 -0.19588
-3.88280 2.88379 -0.19578
-3.88475 2.88499 -0.19439
-3.88691 2.88599 -0.19364
-3.88842 2.88757 -0.19099
-3.89206 2.88719 -0.19471
-3.89530 2.88720 -0.19718
-3.90319 2.90493 -0.16045
-3.90306 2.90749 -0.15416
-3.87014 2.84834 -0.27919
-3.87328 2.84870 -0.28075
-3.89293 2.85810 -0.27313
-3.89511 2.85952 -0.27137
-3.89778 2.86042 -0.27125
-3.90045 2.86132 -0.27113
-3.86781 2.92747 -0.08410
-3.83619 2.85574 -0.18412
-3.88081 2.86707 -0.19170
-3.88337 2.86768 -0.19223
-3.83540 2.85803 -0.18447
-3.83756 2.85907 -0.18375
-3.83988 2.85988 -0.18365
-3.87981 2.86963 -0.19142
-3.88236 2.87023 -0.19195
-3.88472 2.87106 -0.19185
-3.88790 2.87101 -0.19431
-3.89111 2.87097 -0.19679
-3.89392 2.87137 -0.19799
-3.89674 2.87176 -0.19919
-3.89935 2.87238 -0.19974
-3.90934 2.88966 -0.16835
-3.83461 2.86033 -0.18482
-3.83677 2.86137 -0.18410
-3.83909 2.86218 -0.18400
-3.84140 2.86299 -0.18390
-3.87901 2.87196 -0.19178
-3.88136 2.87278 -0.19167
-3.88391 2.87339 -0.19221
-3.88627 2.87422 -0.19210
-3.88946 2.87419 -0.19457
-3.89268 2.87416 -0.19705
-3.89571 2.87435 -0.19890
-3.89853 2.87475 -0.20010
-3.90092 2.87559 -0.20000
-3.90353 2.87621 -0.20055
-3.90592 2.87704 -0.20045
-3.90855 2.87767 -0.20100
-3.91094 2.87851 -0.20089
-3.90840 2.89472 -0.16219
-3.90780 2.89782 -0.15470
-3.90871 2.89964 -0.15127
-3.83510 2.86498 -0.18076
-3.83755 2.86557 -0.18128
-3.84000 2.86615 -0.18179
-3.84246 2.86674 -0.18230
-3.87821 2.87429 -0.19214
-3.88056 2.87512 -0.19203
-3.88291 2.87594 -0.19193
-3.88546 2.87655 -0.19246
-3.88782 2.87738 -0.19236
-3.89144 2.87694 -0.19611
-3.89468 2.87692 -0.19861
-3.89728 2.87754 -0.19916
-3.90010 2.87795 -0.20036
-3.90249 2.87879 -0.20026
-3.90488 2.87963 -0.20015
-3.90750 2.88025 -0.20071
-3.90965 2.88130 -0.19994
-3.91252 2.88172 -0.20115
-3.90984 2.89513 -0.16835
-3.90577 2.90105 -0.15170
-3.90585 2.90350 -0.14612
-3.90760 2.90460 -0.14494
-3.90912 2.90585 -0.14323
-3.83603 2.86892 -0.17858
-3.83877 2.86908 -0.18030
-3.84137 2.86946 -0.18142
-3.84382 2.87005 -0.18194
-3.84628 2.87065 -0.18245
-3.84875 2.87124 -0.18296
-3.85106 2.87205 -0.18286
-3.85353 2.87265 -0.18338
-3.85601 2.87325 -0.18389
-3.85833 2.87406 -0.18379
-3.86081 2.87466 -0.18431
-3.86384 2.87463 -0.18669
-3.87251 2.87519 -0.19206
-3.87506 2.87580 -0.19260
-3.87741 2.87663 -0.19250
-3.87976 2.87745 -0.19239
-3.88211 2.87827 -0.19229
-3.88446 2.87910 -0.19219
-3.88681 2.87992 -0.19208
-3.88958 2.88033 -0.19326
-3.89300 2.88012 -0.19637
-3.89624 2.88012 -0.19887
-3.89885 2.88074 -0.19942
-3.90123 2.88158 -0.19931
-3.90361 2.88241 -0.19921
-3.90645 2.88283 -0.20041
-3.90837 2.88408 -0.19900
-3.91123 2.88451 -0.20020
-3.90376 2.90423 -0.14873
-3.90448 2.90615 -0.14482
-3.90623 2.90724 -0.14365
-3.90776 2.90848 -0.14195
-3.83983 2.87279 -0.17873
-3.84273 2.87276 -0.18106
-3.84534 2.87315 -0.18219
-3.84780 2.87374 -0.18270
-3.85027 2.87434 -0.18321
-3.85258 2.87515 -0.18311
-3.85506 2.87575 -0.18363
-3.85754 2.87635 -0.18414
-3.86002 2.87696 -0.18466
-3.86305 2.87694 -0.18705
-3.86665 2.87630 -0.19136
-3.86937 2.87670 -0.19253
-3.87171 2.87752 -0.19242
-3.87425 2.87813 -0.19296
-3.87660 2.87896 -0.19285
-3.87896 2.87978 -0.19275
-3.88131 2.88061 -0.19265
-3.88366 2.88143 -0.19254
-3.88580 2.88246 -0.19180
-3.88836 2.88308 -0.19234
-3.89092 2.88370 -0.19287
-3.89413 2.88371 -0.19534
-3.89693 2.88413 -0.19652
-3.89930 2.88496 -0.19642
-3.90189 2.88559 -0.19696
-3.90472 2.88602 -0.19816
-3.90618 2.88765 -0.19546
-3.90994 2.88728 -0.19926
-3.90137 2.90771 -0.14471
-3.90333 2.90863 -0.14408
-3.90507 2.90970 -0.14291
-3.90660 2.91093 -0.14121
-3.84179 2.87525 -0.18080
-3.84440 2.87564 -0.18192
-3.84686 2.87624 -0.18244
-3.84932 2.87684 -0.18295
-3.85179 2.87744 -0.18346
-3.85427 2.87804 -0.18398
-3.85675 2.87865 -0.18450
-3.85923 2.87926 -0.18501
-3.86173 2.87986 -0.18553
-3.86585 2.87862 -0.19172
-3.86838 2.87924 -0.19225
-3.87091 2.87985 -0.19278
-3.87345 2.88047 -0.19332
-3.87580 2.88129 -0.19321
-3.87815 2.88211 -0.19311
-3.88031 2.88314 -0.19237
-3.88265 2.88396 -0.19227
-3.88500 2.88479 -0.19216
-3.88735 2.88561 -0.19206
-3.89012 2.88603 -0.19323
-3.89268 2.88666 -0.19377
-3.89526 2.88728 -0.19431
-3.89761 2.88811 -0.19420
-3.89975 2.88913 -0.19346
-3.90301 2.88917 -0.19593
-3.90514 2.89020 -0.19518
-3.90774 2.89083 -0.19572
-3.91223 2.88988 -0.20148
-3.90259 2.91077 -0.14441
-3.90434 2.91184 -0.14324
-3.90608 2.91291 -0.14207
-3.84870 2.87892 -0.18392
-3.85117 2.87953 -0.18443
-3.85348 2.88034 -0.18433
-3.85596 2.88094 -0.18485
-3.85862 2.88135 -0.18599
-3.86271 2.88013 -0.19218
-3.86523 2.88074 -0.19271
-3.86776 2.88136 -0.19324
-3.87030 2.88198 -0.19378
-3.87265 2.88280 -0.19368
-3.87500 2.88362 -0.19357
-3.87735 2.88445 -0.19347
-3.87970 2.88527 -0.19337
-3.88185 2.88629 -0.19262
-3.88420 2.88712 -0.19252
-3.88696 2.88754 -0.19369
-3.88932 2.88837 -0.19359
-3.89209 2.88880 -0.19477
-3.89445 2.88962 -0.19467
-3.89659 2.89065 -0.19392
-3.89895 2.89147 -0.19382
-3.90131 2.89230 -0.19371
-3.90457 2.89235 -0.19618
-3.90716 2.89298 -0.19673
-3.89534 2.86025 -0.27323
-3.89752 2.86170 -0.27147
-3.89993 2.86289 -0.27053
-3.90183 2.86458 -0.26797
-3.90297 2.86700 -0.26302
-3.91614 2.89292 -0.21081
-3.83530 2.85710 -0.18042
-3.83745 2.85814 -0.17971
-3.83236 2.85836 -0.18149
-3.83437 2.85961 -0.18016
-3.83667 2.86042 -0.18006
-3.83897 2.86122 -0.17996
-3.84127 2.86203 -0.17986
-3.87958 2.87323 -0.18315
-3.88210 2.87383 -0.18367
-3.88462 2.87444 -0.18419
-3.88694 2.87525 -0.18409
-3.88927 2.87606 -0.18398
-3.89180 2.87667 -0.18450
-3.89605 2.87560 -0.19006
-3.89884 2.87600 -0.19123
-3.90119 2.87683 -0.19112
-3.90730 2.88868 -0.16904
-3.90890 2.89004 -0.16718
-3.83087 2.86175 -0.17879
-3.83301 2.86277 -0.17808
-3.83501 2.86401 -0.17677
-3.83729 2.86481 -0.17667
-3.83973 2.86540 -0.17717
-3.84294 2.86489 -0.18072
-3.87648 2.87472 -0.18361
-3.87899 2.87532 -0.18413
-3.88131 2.87614 -0.18402
-3.88383 2.87674 -0.18454
-3.88615 2.87755 -0.18444
-3.88848 2.87837 -0.18434
-3.89101 2.87898 -0.18486
-3.89461 2.87856 -0.18852
-3.89760 2.87875 -0.19031
-3.90039 2.87916 -0.19148
-3.90340 2.89089 -0.16713
-3.90500 2.89223 -0.16528
-3.90595 2.89412 -0.16171
-3.90731 2.89562 -0.15932
-3.90759 2.89800 -0.15414
-3.90680 2.90118 -0.14633
-3.90791 2.90278 -0.14353
-3.83366 2.86714 -0.17472
-3.83608 2.86772 -0.17522
-3.83865 2.86809 -0.17632
-3.84123 2.86846 -0.17742
-3.84461 2.86777 -0.18158
-3.87549 2.87723 -0.18334
-3.87781 2.87804 -0.18324
-3.88052 2.87844 -0.18438
-3.88284 2.87925 -0.18428
-3.88536 2.87986 -0.18480
-3.88768 2.88067 -0.18469
-3.89001 2.88149 -0.18459
-3.89233 2.88230 -0.18449
-3.89593 2.88190 -0.18814
-3.89937 2.88170 -0.19121
-3.89987 2.89549 -0.15996
-3.90210 2.89627 -0.15986
-3.90433 2.89705 -0.15976
-3.90591 2.89836 -0.15796
-3.90684 2.90019 -0.15448
-3.90606 2.90334 -0.14666
-3.90696 2.90509 -0.14332
-3.90849 2.90634 -0.14162
-3.83758 2.87078 -0.17546
-3.84015 2.87115 -0.17656
-3.84382 2.87005 -0.18194
-3.84613 2.87086 -0.18183
-3.84843 2.87167 -0.18173
-3.85089 2.87226 -0.18225
-3.85320 2.87307 -0.18214
-3.85551 2.87388 -0.18204
-3.85798 2.87448 -0.18256
-3.86046 2.87508 -0.18307
-3.86277 2.87589 -0.18297
-3.86526 2.87649 -0.18349
-3.86758 2.87730 -0.18338
-3.86989 2.87811 -0.18328
-3.87220 2.87892 -0.18318
-3.87452 2.87973 -0.18308
-3.87683 2.88054 -0.18298
-3.87914 2.88135 -0.18287
-3.88165 2.88196 -0.18339
-3.88397 2.88277 -0.18329
-3.88628 2.88358 -0.18319
-3.88860 2.88439 -0.18308
-3.89091 2.88520 -0.18298
-3.89323 2.88601 -0.18288
-3.89747 2.88504 -0.18840
-3.89911 2.89770 -0.16030
-3.90071 2.89901 -0.15849
-3.90357 2.89926 -0.16010
-3.90515 2.90057 -0.15830
-3.90743 2.90382 -0.15249
-3.90602 2.90740 -0.14311
-3.90755 2.90864 -0.14142
-3.84304 2.87234 -0.18229
-3.84534 2.87315 -0.18219
-3.84764 2.87395 -0.18208
-3.85011 2.87455 -0.18260
-3.85241 2.87536 -0.18250
-3.85472 2.87617 -0.18239
-3.85702 2.87697 -0.18229
-3.85950 2.87758 -0.18281
-3.86181 2.87838 -0.18271
-3.86448 2.87878 -0.18384
-3.86679 2.87959 -0.18374
-3.86910 2.88040 -0.18363
-3.87141 2.88121 -0.18353
-3.87373 2.88202 -0.18343
-3.87604 2.88283 -0.18333
-3.87835 2.88364 -0.18323
-3.88067 2.88445 -0.18313
-3.88318 2.88507 -0.18364
-3.88549 2.88588 -0.18354
-3.88781 2.88669 -0.18344
-3.89012 2.88750 -0.18334
-3.89244 2.88831 -0.18323
-3.89497 2.88893 -0.18375
-3.89856 2.89974 -0.16121
-3.89996 2.90121 -0.15883
-3.90218 2.90199 -0.15873
-3.90439 2.90277 -0.15864
-3.90528 2.90954 -0.14344
-3.90660 2.91093 -0.14121
-3.84487 2.87502 -0.18377
-3.84718 2.87582 -0.18367
-3.84948 2.87663 -0.18357
-3.85179 2.87744 -0.18346
-3.85393 2.87845 -0.18275
-3.85624 2.87926 -0.18265
-3.85872 2.87987 -0.18316
-3.86102 2.88067 -0.18306
-3.86351 2.88128 -0.18357
-3.86600 2.88189 -0.18409
-3.86831 2.88270 -0.18399
-3.87063 2.88351 -0.18389
-3.87294 2.88432 -0.18378
-3.87525 2.88513 -0.18368
-3.87756 2.88594 -0.18358
-3.87988 2.88675 -0.18348
-3.88239 2.88737 -0.18400
-3.88470 2.88818 -0.18389
-3.88722 2.88879 -0.18441
-3.88975 2.88941 -0.18493
-3.89207 2.89022 -0.18483
-3.89653 2.88910 -0.19101
-3.89905 2.90090 -0.16501
-3.90003 2.90273 -0.16145
-3.90247 2.90334 -0.16193
-3.90650 2.91260 -0.14314
-3.84886 2.87872 -0.18454
-3.85117 2.87953 -0.18443
-3.85348 2.88034 -0.18433
-3.85579 2.88115 -0.18423
-3.85810 2.88196 -0.18413
-3.86041 2.88277 -0.18403
-3.86290 2.88338 -0.18454
-3.86521 2.88419 -0.18444
-3.86752 2.88500 -0.18434
-3.86984 2.88581 -0.18424
-3.87215 2.88662 -0.18414
-3.87446 2.88743 -0.18404
-3.87678 2.88824 -0.18393
-3.87928 2.88885 -0.18445
-3.88219 2.88908 -0.18621
-3.88472 2.88970 -0.18674
-3.88786 2.88974 -0.18914
-3.89104 2.88978 -0.19157
-3.89381 2.89021 -0.19274
-3.90858 2.87987 -0.22928
-3.91232 2.87964 -0.23279
-3.91928 2.88574 -0.22373
-3.92175 2.88660 -0.22362
-3.92423 2.88747 -0.22351
-3.82907 2.85064 -0.17244
-3.83121 2.85167 -0.17174
-3.83347 2.85246 -0.17164
-3.83043 2.85392 -0.17209
-3.83270 2.85471 -0.17199
-3.83497 2.85551 -0.17189
-3.83008 2.85549 -0.17423
-3.83221 2.85652 -0.17353
-3.83434 2.85754 -0.17283
-3.83661 2.85833 -0.17273
-3.83186 2.85810 -0.17567
-3.83385 2.85935 -0.17437
-3.83613 2.86015 -0.17427
-3.83840 2.86094 -0.17417
-3.83336 2.86117 -0.17592
-3.83550 2.86219 -0.17522
-3.83792 2.86276 -0.17572
-3.84051 2.86313 -0.17683
-3.84279 2.86393 -0.17672
-3.87900 2.87386 -0.18130
-3.88092 2.87509 -0.17997
-3.88263 2.87652 -0.17804
-3.88493 2.87732 -0.17794
-3.90167 2.88236 -0.17906
-3.90353 2.88356 -0.17774
-3.90561 2.88456 -0.17703
-3.90679 2.88635 -0.17391
-3.91020 2.88617 -0.17682
-3.91046 2.88871 -0.17131
-3.90873 2.89287 -0.16070
-3.83487 2.86423 -0.17617
-3.83715 2.86503 -0.17607
-3.83973 2.86540 -0.17717
-3.84201 2.86620 -0.17707
-3.84445 2.86678 -0.17758
-3.87590 2.87535 -0.18176
-3.87821 2.87616 -0.18165
-3.88033 2.87717 -0.18094
-3.88244 2.87818 -0.18022
-3.88494 2.87879 -0.18073
-3.90045 2.88504 -0.17819
-3.90253 2.88604 -0.17748
-3.90373 2.88781 -0.17436
-3.90513 2.88938 -0.17186
-3.90653 2.89093 -0.16939
-3.90573 2.89430 -0.16114
-3.90517 2.89740 -0.15368
-3.90694 2.89852 -0.15247
-3.90914 2.89929 -0.15237
-3.90672 2.90616 -0.13496
-3.83880 2.86788 -0.17692
-3.84123 2.86846 -0.17742
-3.84352 2.86927 -0.17732
-3.84580 2.87007 -0.17722
-3.84841 2.87044 -0.17833
-3.85316 2.87184 -0.17874
-3.85545 2.87264 -0.17864
-3.85723 2.87407 -0.17672
-3.86800 2.87542 -0.18180
-3.87049 2.87602 -0.18231
-3.87280 2.87683 -0.18221
-3.87511 2.87764 -0.18211
-3.87762 2.87824 -0.18262
-3.87973 2.87926 -0.18190
-3.88185 2.88027 -0.18119
-3.88436 2.88088 -0.18170
-3.89945 2.88752 -0.17793
-3.90174 2.88832 -0.17783
-3.90404 2.88913 -0.17773
-3.90414 2.89182 -0.17161
-3.90445 2.89428 -0.16621
-3.90390 2.89741 -0.15862
-3.90358 2.90028 -0.15179
-3.90493 2.90173 -0.14949
-3.90397 2.90499 -0.14128
-3.90386 2.90753 -0.13538
-3.90558 2.90859 -0.13425
-3.84213 2.87237 -0.17526
-3.84440 2.87317 -0.17516
-3.84684 2.87376 -0.17566
-3.84912 2.87456 -0.17556
-3.85156 2.87515 -0.17606
-3.85384 2.87595 -0.17596
-3.85612 2.87675 -0.17586
-3.85874 2.87714 -0.17697
-3.86172 2.87712 -0.17929
-3.86437 2.87752 -0.18041
-3.86703 2.87792 -0.18154
-3.86952 2.87852 -0.18205
-3.87202 2.87912 -0.18256
-3.87452 2.87973 -0.18308
-3.87683 2.88054 -0.18298
-3.87914 2.88135 -0.18287
-3.88145 2.88216 -0.18277
-3.88619 2.88054 -0.19017
-3.88416 2.90276 -0.13708
-3.90143 2.89573 -0.16665
-3.90219 2.89777 -0.16249
-3.90293 2.89979 -0.15840
-3.90220 2.90296 -0.15047
-3.90150 2.90605 -0.14277
-3.90161 2.90842 -0.13737
-3.90273 2.90996 -0.13467
-3.90465 2.91086 -0.13405
-3.90657 2.91175 -0.13344
-3.84347 2.87563 -0.17491
-3.84575 2.87643 -0.17481
-3.84802 2.87722 -0.17471
-3.85062 2.87762 -0.17581
-3.85290 2.87841 -0.17571
-3.85517 2.87921 -0.17561
-3.85762 2.87981 -0.17611
-3.86007 2.88041 -0.17661
-3.86323 2.88021 -0.17954
-3.86571 2.88081 -0.18005
-3.86855 2.88101 -0.18179
-3.87086 2.88182 -0.18168
-3.87354 2.88223 -0.18281
-3.87604 2.88283 -0.18333
-3.87835 2.88364 -0.18323
-3.88086 2.88426 -0.18374
-3.90014 2.86820 -0.23636
-3.90267 2.86909 -0.23625
-3.91405 2.87147 -0.23951
-3.91659 2.87236 -0.23940
-3.90151 2.89725 -0.16934
-3.90142 2.89999 -0.16283
-3.90281 2.90147 -0.16044
-3.90334 2.90362 -0.15581
-3.90076 2.90819 -0.14310
-3.90088 2.91054 -0.13770
-3.90201 2.91206 -0.13499
-3.90373 2.91312 -0.13386
-3.84725 2.87948 -0.17506
-3.84984 2.87988 -0.17616
-3.85212 2.88068 -0.17606
-3.85456 2.88127 -0.17656
-3.85701 2.88187 -0.17706
-3.85998 2.88188 -0.17938
-3.86245 2.88248 -0.17989
-3.86528 2.88269 -0.18163
-3.86777 2.88330 -0.18214
-3.87007 2.88411 -0.18204
-3.87275 2.88452 -0.18317
-3.87525 2.88513 -0.18368
-3.90164 2.86137 -0.26073
-3.90070 2.86930 -0.24121
-3.90252 2.87090 -0.23886
-3.90506 2.87178 -0.23874
-3.90760 2.87267 -0.23863
-3.91039 2.87333 -0.23926
-3.91318 2.87399 -0.23990
-3.91624 2.87442 -0.24128
-3.91958 2.87462 -0.24343
-3.92256 2.87823 -0.23722
-3.92482 2.87934 -0.23637
-3.90300 2.90028 -0.16959
-3.90527 2.90107 -0.16949
-3.93159 2.88266 -0.23383
-3.90290 2.90807 -0.15104
-3.89995 2.91281 -0.13750
-3.90009 2.91509 -0.13221
-3.90280 2.91537 -0.13367
-3.89549 2.86214 -0.26136
-3.89739 2.86381 -0.25887
-3.84033 2.85844 -0.16165
-3.84254 2.85927 -0.16154
-3.84476 2.86010 -0.16142
-3.84396 2.86230 -0.16178
-3.84617 2.86313 -0.16166
-3.84315 2.86450 -0.16213
-3.84537 2.86534 -0.16201
-3.84759 2.86617 -0.16190
-3.84996 2.86678 -0.16237
-3.84249 2.86649 -0.16305
-3.84456 2.86754 -0.16237
-3.84678 2.86837 -0.16225
-3.84900 2.86920 -0.16214
-3.85137 2.86982 -0.16261
-3.89984 2.88553 -0.16547
-3.90187 2.88657 -0.16477
-3.91236 2.88857 -0.16844
-3.84597 2.87057 -0.16260
-3.84819 2.87140 -0.16249
-3.85041 2.87223 -0.16238
-3.85278 2.87285 -0.16284
-3.85532 2.87327 -0.16389
-3.88899 2.88237 -0.16993
-3.89124 2.88321 -0.16982
-3.89350 2.88406 -0.16970
-3.89535 2.88530 -0.16841
-3.89698 2.88672 -0.16652
-3.89902 2.88776 -0.16582
-3.90105 2.88879 -0.16513
-3.91070 2.88289 -0.18562
-3.91054 2.88598 -0.17867
-3.91171 2.88783 -0.17551
-3.91154 2.89081 -0.16879
-3.91380 2.89166 -0.16868
-3.91583 2.89269 -0.16797
-3.91808 2.89353 -0.16786
-3.92033 2.89438 -0.16774
-3.92305 2.89485 -0.16882
-3.92554 2.89551 -0.16930
-3.84738 2.87360 -0.16284
-3.84960 2.87443 -0.16273
-3.85213 2.87485 -0.16377
-3.85451 2.87548 -0.16424
-3.85738 2.87550 -0.16646
-3.86043 2.87530 -0.16928
-3.88610 2.88356 -0.17100
-3.88836 2.88441 -0.17088
-3.89082 2.88506 -0.17137
-3.89328 2.88571 -0.17185
-3.89575 2.88636 -0.17233
-3.89968 2.88562 -0.17705
-3.90197 2.88648 -0.17694
-3.90425 2.88734 -0.17682
-3.91031 2.88479 -0.18725
-3.91218 2.88607 -0.18587
-3.91110 2.88990 -0.17648
-3.91050 2.89324 -0.16856
-3.91275 2.89408 -0.16844
-3.91456 2.89530 -0.16715
-3.91681 2.89614 -0.16703
-3.91951 2.89662 -0.16810
-3.92246 2.89691 -0.16977
-3.92080 2.91307 -0.13242
-3.85148 2.87686 -0.16471
-3.85417 2.87708 -0.16634
-3.85656 2.87771 -0.16681
-3.85962 2.87753 -0.16964
-3.86203 2.87817 -0.17012
-3.86428 2.87901 -0.17000
-3.86670 2.87965 -0.17048
-3.86895 2.88049 -0.17037
-3.87120 2.88134 -0.17026
-3.87363 2.88198 -0.17074
-3.87589 2.88282 -0.17062
-3.87832 2.88347 -0.17110
-3.88058 2.88431 -0.17099
-3.88283 2.88516 -0.17087
-3.88528 2.88581 -0.17136
-3.88774 2.88645 -0.17184
-3.89019 2.88711 -0.17232
-3.89266 2.88776 -0.17281
-3.89615 2.88743 -0.17631
-3.89948 2.88730 -0.17925
-3.90177 2.88816 -0.17913
-3.90363 2.88941 -0.17779
-3.90901 2.88750 -0.18636
-3.90887 2.89054 -0.17940
-3.91027 2.89217 -0.17684
-3.90990 2.89529 -0.16951
-3.91194 2.89632 -0.16880
-3.91374 2.89753 -0.16750
-3.91577 2.89856 -0.16680
-3.91801 2.89940 -0.16669
-3.92164 2.89915 -0.17012
-3.92004 2.91517 -0.13275
-3.85368 2.87889 -0.16786
-3.85639 2.87912 -0.16952
-3.85896 2.87956 -0.17059
-3.86121 2.88040 -0.17047
-3.86363 2.88104 -0.17095
-3.86588 2.88189 -0.17084
-3.86813 2.88273 -0.17073
-3.87056 2.88337 -0.17121
-3.87281 2.88422 -0.17109
-3.87507 2.88506 -0.17098
-3.87750 2.88571 -0.17146
-3.87976 2.88655 -0.17135
-3.88201 2.88740 -0.17123
-3.88446 2.88805 -0.17171
-3.88672 2.88889 -0.17160
-3.88937 2.88935 -0.17268
-3.89183 2.89001 -0.17317
-3.89532 2.88970 -0.17667
-3.89802 2.89016 -0.17778
-3.90030 2.89102 -0.17766
-3.90259 2.89187 -0.17754
-3.90509 2.89253 -0.17804
-3.90738 2.89339 -0.17792
-3.90922 2.89463 -0.17659
-3.90930 2.89735 -0.17046
-3.91112 2.89856 -0.16916
-3.91293 2.89976 -0.16786
-3.91495 2.90079 -0.16716
-3.91720 2.90163 -0.16704
-3.91967 2.90229 -0.16752
-3.91737 2.91632 -0.13372
-3.91927 2.91726 -0.13309
-3.92116 2.91820 -0.13246
-3.86056 2.88244 -0.17142
-3.86281 2.88328 -0.17131
-3.86506 2.88412 -0.17120
-3.86749 2.88477 -0.17168
-3.86974 2.88561 -0.17156
-3.87217 2.88626 -0.17204
-3.87443 2.88710 -0.17193
-3.87668 2.88795 -0.17182
-3.87894 2.88879 -0.17170
-3.88119 2.88964 -0.17159
-3.88364 2.89029 -0.17207
-3.88609 2.89094 -0.17255
-3.88875 2.89141 -0.17364
-3.89101 2.89225 -0.17352
-3.89490 2.89157 -0.17825
-3.89781 2.89185 -0.17997
-3.90011 2.89271 -0.17986
-3.90218 2.89376 -0.17913
-3.90447 2.89462 -0.17901
-3.90654 2.89566 -0.17829
-3.90839 2.89689 -0.17695
-3.90891 2.89922 -0.17201
-3.91074 2.90043 -0.17070
-3.91299 2.90128 -0.17059
-3.91503 2.90230 -0.16988
-3.91728 2.90315 -0.16976
-3.91931 2.90417 -0.16906
-3.92226 2.90448 -0.17073
-3.86684 2.88681 -0.17263
-3.86910 2.88765 -0.17252
-3.87135 2.88850 -0.17240
-3.87361 2.88934 -0.17229
-3.87586 2.89019 -0.17217
-3.87830 2.89084 -0.17266
-3.88056 2.89168 -0.17254
-3.88282 2.89253 -0.17243
-3.88546 2.89300 -0.17351
-3.88792 2.89366 -0.17400
-3.89179 2.89299 -0.17873
-3.91270 2.87649 -0.23429
-3.91546 2.87720 -0.23490
-3.91797 2.87814 -0.23477
-3.92048 2.87908 -0.23464
-3.92273 2.88025 -0.23378
-3.92446 2.88186 -0.23145
-3.90822 2.89860 -0.17914
-3.90984 2.90001 -0.17720
-3.91057 2.90214 -0.17285
-3.91262 2.90316 -0.17214
-3.91488 2.90401 -0.17202
-3.91714 2.90486 -0.17191
-3.91917 2.90588 -0.17120
-3.94360 2.88998 -0.22826
-3.94810 2.88942 -0.23325
-3.84587 2.85745 -0.16223
-3.84357 2.85771 -0.16559
-3.84550 2.85900 -0.16432
-3.84728 2.86049 -0.16247
-3.84920 2.86176 -0.16120
-3.84469 2.86121 -0.16467
-3.84647 2.86270 -0.16282
-3.84839 2.86396 -0.16155
-3.85030 2.86522 -0.16029
-3.84566 2.86491 -0.16317
-3.84759 2.86617 -0.16190
-3.84950 2.86742 -0.16064
-3.85156 2.86846 -0.15996
-3.85377 2.86929 -0.15985
-3.93761 2.84806 -0.26936
-3.94027 2.84906 -0.26922
-3.94293 2.85005 -0.26909
-3.84530 2.86647 -0.16526
-3.84678 2.86837 -0.16225
-3.84885 2.86941 -0.16157
-3.85091 2.87045 -0.16088
-3.85328 2.87107 -0.16134
-3.90087 2.88455 -0.16841
-3.90313 2.88539 -0.16830
-3.90538 2.88624 -0.16819
-3.85263 2.87306 -0.16227
-3.85484 2.87389 -0.16216
-3.85706 2.87472 -0.16204
-3.85944 2.87535 -0.16251
-3.89025 2.88420 -0.16686
-3.89210 2.88544 -0.16558
-3.89354 2.88705 -0.16314
-3.89658 2.88711 -0.16535
-3.89923 2.88756 -0.16641
-3.90210 2.88782 -0.16806
-3.90435 2.88867 -0.16795
-3.90660 2.88951 -0.16784
-3.85419 2.87589 -0.16308
-3.85626 2.87692 -0.16239
-3.85864 2.87755 -0.16286
-3.86086 2.87838 -0.16275
-3.86324 2.87901 -0.16321
-3.88758 2.88520 -0.16851
-3.88963 2.88624 -0.16781
-3.89168 2.88727 -0.16711
-3.89352 2.88850 -0.16582
-3.89596 2.88914 -0.16629
-3.89841 2.88979 -0.16677
-3.90128 2.89006 -0.16842
-3.90353 2.89090 -0.16831
-3.90578 2.89174 -0.16819
-3.90868 2.89202 -0.16986
-3.91094 2.89286 -0.16974
-3.91320 2.89371 -0.16963
-3.85339 2.87809 -0.16344
-3.85561 2.87892 -0.16332
-3.85783 2.87976 -0.16321
-3.86005 2.88059 -0.16310
-3.86227 2.88142 -0.16299
-3.86449 2.88225 -0.16287
-3.86671 2.88308 -0.16276
-3.86893 2.88391 -0.16265
-3.87115 2.88474 -0.16254
-3.87337 2.88557 -0.16243
-3.87667 2.88524 -0.16580
-3.87946 2.88549 -0.16744
-3.88208 2.88594 -0.16850
-3.88451 2.88659 -0.16898
-3.88676 2.88743 -0.16887
-3.88901 2.88827 -0.16875
-3.89106 2.88931 -0.16805
-3.89311 2.89034 -0.16735
-3.89535 2.89118 -0.16723
-3.89801 2.89164 -0.16830
-3.90067 2.89210 -0.16937
-3.90292 2.89295 -0.16926
-3.90496 2.89398 -0.16855
-3.90743 2.89463 -0.16903
-3.91012 2.89510 -0.17010
-3.91238 2.89595 -0.16999
-3.85480 2.88113 -0.16367
-3.85702 2.88196 -0.16356
-3.85924 2.88279 -0.16345
-3.86146 2.88362 -0.16334
-3.86368 2.88445 -0.16323
-3.86590 2.88528 -0.16311
-3.86812 2.88612 -0.16300
-3.87034 2.88695 -0.16289
-3.87309 2.88720 -0.16451
-3.87586 2.88746 -0.16615
-3.87883 2.88753 -0.16838
-3.88145 2.88798 -0.16945
-3.88370 2.88882 -0.16934
-3.88595 2.88966 -0.16922
-3.88819 2.89050 -0.16911
-3.89044 2.89135 -0.16900
-3.89249 2.89238 -0.16829
-3.89474 2.89322 -0.16818
-3.89739 2.89368 -0.16925
-3.90006 2.89415 -0.17032
-3.90231 2.89500 -0.17021
-3.90436 2.89603 -0.16950
-3.90682 2.89669 -0.16998
-3.90930 2.89735 -0.17046
-3.91156 2.89819 -0.17034
-3.91755 2.92296 -0.11872
-3.91857 2.92444 -0.11617
-3.85892 2.88441 -0.16554
-3.86115 2.88524 -0.16543
-3.86337 2.88608 -0.16532
-3.86543 2.88710 -0.16462
-3.86783 2.88775 -0.16509
-3.87006 2.88858 -0.16498
-3.87281 2.88884 -0.16662
-3.87577 2.88891 -0.16885
-3.87838 2.88937 -0.16992
-3.88101 2.88983 -0.17099
-3.88326 2.89067 -0.17088
-3.88551 2.89151 -0.17077
-3.88796 2.89217 -0.17125
-3.89022 2.89301 -0.17113
-3.89227 2.89405 -0.17042
-3.89452 2.89489 -0.17031
-3.89739 2.89517 -0.17198
-3.89965 2.89602 -0.17187
-3.90170 2.89705 -0.17116
-3.90375 2.89808 -0.17045
-3.94067 2.86941 -0.26642
-3.86581 2.88797 -0.16907
-3.86805 2.88881 -0.16896
-3.87064 2.88927 -0.17002
-3.87307 2.88992 -0.17050
-3.87568 2.89038 -0.17158
-3.87812 2.89103 -0.17206
-3.88037 2.89187 -0.17195
-3.88282 2.89253 -0.17243
-3.88508 2.89337 -0.17231
-3.88753 2.89403 -0.17280
-3.89019 2.89450 -0.17388
-3.89265 2.89516 -0.17437
-3.89512 2.89583 -0.17486
-3.89822 2.89593 -0.17716
-3.90072 2.89659 -0.17766
-3.93615 2.86855 -0.27204
-3.93823 2.87005 -0.27025
-3.94029 2.87154 -0.26847
-3.94294 2.87253 -0.26834
-3.94499 2.87401 -0.26657
-3.84731 2.86346 -0.15070
-3.84949 2.86427 -0.15059
-3.85151 2.86530 -0.14992
-3.84652 2.86562 -0.15104
-3.84855 2.86664 -0.15038
-3.85072 2.86746 -0.15027
-3.85259 2.86869 -0.14905
-3.84776 2.86880 -0.15072
-3.84978 2.86982 -0.15006
-3.85180 2.87084 -0.14940
-3.85397 2.87165 -0.14929
-3.92501 2.85845 -0.23086
-3.92778 2.85914 -0.23146
-3.84899 2.87198 -0.15040
-3.85116 2.87279 -0.15029
-3.85334 2.87361 -0.15018
-3.92281 2.86218 -0.22761
-3.84835 2.87393 -0.15130
-3.85037 2.87495 -0.15064
-3.85255 2.87576 -0.15053
-3.85503 2.87618 -0.15152
-3.85752 2.87659 -0.15252
-3.85970 2.87741 -0.15241
-3.89779 2.88747 -0.15967
-3.90001 2.88830 -0.15956
-3.85191 2.87772 -0.15142
-3.85424 2.87834 -0.15187
-3.85673 2.87876 -0.15287
-3.85907 2.87938 -0.15332
-3.86141 2.88000 -0.15377
-3.86393 2.88043 -0.15478
-3.89477 2.88884 -0.16014
-3.89678 2.88986 -0.15945
-3.89900 2.89069 -0.15934
-3.90122 2.89152 -0.15923
-3.90854 2.90144 -0.14300
-3.91794 2.91592 -0.11834
-3.91937 2.91714 -0.11676
-3.92122 2.91806 -0.11617
-3.85187 2.87890 -0.15455
-3.85406 2.87972 -0.15444
-3.85656 2.88014 -0.15545
-3.85955 2.87998 -0.15817
-3.86176 2.88080 -0.15806
-3.86412 2.88143 -0.15851
-3.86616 2.88245 -0.15783
-3.86836 2.88328 -0.15772
-3.87022 2.88449 -0.15648
-3.88731 2.88855 -0.16083
-3.89396 2.89104 -0.16049
-3.89598 2.89206 -0.15980
-3.89819 2.89289 -0.15969
-3.90020 2.89390 -0.15901
-3.90201 2.89510 -0.15775
-3.90401 2.89610 -0.15707
-3.90600 2.89711 -0.15640
-3.90736 2.89865 -0.15403
-3.90746 2.90123 -0.14836
-3.90714 2.90409 -0.14173
-3.90928 2.90489 -0.14162
-3.91101 2.90603 -0.14044
-3.91678 2.91826 -0.11768
-3.91863 2.91918 -0.11709
-3.92026 2.92024 -0.11601
-3.85655 2.88134 -0.15863
-3.85924 2.88158 -0.16023
-3.86144 2.88240 -0.16011
-3.86365 2.88323 -0.16000
-3.86569 2.88425 -0.15932
-3.86773 2.88527 -0.15864
-3.86976 2.88629 -0.15796
-3.87162 2.88749 -0.15672
-3.87381 2.88831 -0.15660
-3.87709 2.88800 -0.15990
-3.87948 2.88864 -0.16036
-3.88206 2.88909 -0.16140
-3.88428 2.88992 -0.16129
-3.88650 2.89075 -0.16118
-3.88872 2.89158 -0.16106
-3.89094 2.89241 -0.16095
-3.89296 2.89343 -0.16027
-3.89517 2.89426 -0.16015
-3.89719 2.89527 -0.15947
-3.89899 2.89646 -0.15822
-3.90100 2.89747 -0.15754
-3.90300 2.89847 -0.15686
-3.90437 2.90001 -0.15449
-3.90449 2.90257 -0.14881
-3.90461 2.90508 -0.14325
-3.90656 2.90605 -0.14260
-3.90850 2.90702 -0.14196
-3.91044 2.90799 -0.14131
-3.91279 2.90863 -0.14174
-3.91418 2.91938 -0.11860
-3.91583 2.92045 -0.11752
-3.91768 2.92136 -0.11692
-3.91972 2.92213 -0.11682
-3.92135 2.92318 -0.11574
-3.86130 2.88382 -0.16276
-3.86318 2.88504 -0.16150
-3.86539 2.88587 -0.16139
-3.86727 2.88708 -0.16013
-3.86913 2.88828 -0.15888
-3.87134 2.88911 -0.15876
-3.87407 2.88937 -0.16037
-3.87646 2.89001 -0.16083
-3.87904 2.89046 -0.16186
-3.88126 2.89129 -0.16175
-3.88348 2.89212 -0.16164
-3.88569 2.89295 -0.16153
-3.88791 2.89378 -0.16142
-3.89013 2.89461 -0.16130
-3.89235 2.89544 -0.16119
-3.89437 2.89646 -0.16050
-3.89658 2.89729 -0.16039
-3.89859 2.89830 -0.15971
-3.90040 2.89948 -0.15845
-3.90220 2.90066 -0.15720
-3.90440 2.90149 -0.15709
-3.90556 2.90318 -0.15416
-3.90588 2.90554 -0.14905
-3.90598 2.90802 -0.14348
-3.90793 2.90899 -0.14284
-3.90987 2.90996 -0.14219
-3.91488 2.92263 -0.11735
-3.91693 2.92339 -0.11725
-3.91898 2.92416 -0.11715
-3.92082 2.92507 -0.11655
-3.89454 2.84996 -0.27377
-3.89696 2.85123 -0.27280
-3.89816 2.85386 -0.26774
-3.90080 2.85485 -0.26760
-3.91441 2.84400 -0.30361
-3.91719 2.84505 -0.30347
-3.91997 2.84609 -0.30333
-3.92190 2.84801 -0.30048
-3.91609 2.85767 -0.27352
-3.91876 2.85866 -0.27339
-3.92142 2.85966 -0.27325
-3.92437 2.86040 -0.27395
-3.92648 2.86192 -0.27215
-3.92914 2.86292 -0.27202
-3.93180 2.86391 -0.27188
-3.93504 2.86439 -0.27341
-3.93712 2.86591 -0.27161
-3.93861 2.86792 -0.26819
-3.93776 2.87189 -0.25836
-3.94008 2.87311 -0.25744
-3.93669 2.87902 -0.24106
-3.93784 2.88111 -0.23719
-3.93924 2.88295 -0.23409
-3.94176 2.88389 -0.23397
-3.94456 2.88461 -0.23458
-3.89865 2.85487 -0.27309
-3.91007 2.84631 -0.30238
-3.92175 2.84989 -0.30363
-3.91513 2.86031 -0.27394
-3.91779 2.86131 -0.27381
-3.92046 2.86231 -0.27367
-3.92340 2.86304 -0.27437
-3.92551 2.86456 -0.27257
-3.92845 2.86530 -0.27327
-3.93197 2.86553 -0.27564
-3.87220 2.87811 -0.14133
-3.87432 2.87898 -0.14119
-3.91971 2.89388 -0.14591
-3.92143 2.89514 -0.14467
-3.86988 2.87855 -0.14399
-3.87168 2.87982 -0.14276
-3.87348 2.88109 -0.14154
-3.87560 2.88196 -0.14139
-3.91885 2.89602 -0.14627
-3.92057 2.89727 -0.14502
-3.92251 2.89834 -0.14433
-3.92443 2.89940 -0.14363
-3.92680 2.90011 -0.14404
-3.87312 2.88261 -0.14351
-3.87509 2.88369 -0.14282
-3.87721 2.88456 -0.14268
-3.87934 2.88544 -0.14253
-3.91799 2.89816 -0.14662
-3.91993 2.89923 -0.14592
-3.92165 2.90047 -0.14468
-3.92358 2.90153 -0.14399
-3.92551 2.90259 -0.14330
-3.92765 2.90348 -0.14315
-3.93023 2.90401 -0.14410
-3.87359 2.88317 -0.14823
-3.87540 2.88444 -0.14699
-3.87738 2.88552 -0.14629
-3.87934 2.88659 -0.14560
-3.88148 2.88747 -0.14546
-3.88309 2.88892 -0.14368
-3.91499 2.89942 -0.14712
-3.91714 2.90030 -0.14697
-3.91929 2.90119 -0.14683
-3.92123 2.90225 -0.14613
-3.92273 2.90367 -0.14434
-3.92487 2.90455 -0.14419
-3.92679 2.90560 -0.14350
-3.92894 2.90649 -0.14336
-3.93085 2.90754 -0.14267
-3.94186 2.91874 -0.12776
-3.94348 2.91991 -0.12659
-3.87805 2.88591 -0.15162
-3.88004 2.88699 -0.15092
-3.88184 2.88826 -0.14966
-3.88329 2.88991 -0.14731
-3.88490 2.89136 -0.14552
-3.88686 2.89242 -0.14483
-3.91218 2.90049 -0.14817
-3.91434 2.90138 -0.14802
-3.91670 2.90209 -0.14843
-3.91843 2.90333 -0.14718
-3.92058 2.90421 -0.14703
-3.92230 2.90545 -0.14579
-3.92402 2.90668 -0.14455
-3.92594 2.90773 -0.14385
-3.92786 2.90878 -0.14316
-3.93000 2.90967 -0.14302
-3.93160 2.91816 -0.12610
-3.94306 2.91241 -0.14779
-3.93827 2.92042 -0.12670
-3.94034 2.92127 -0.12656
-3.94242 2.92213 -0.12642
-3.94473 2.92283 -0.12679
-3.94681 2.92369 -0.12665
-3.94819 2.92499 -0.12498
-3.94205 2.93099 -0.10712
-3.88163 2.88641 -0.15919
-3.88151 2.88983 -0.15168
-3.88314 2.89129 -0.14987
-3.88458 2.89292 -0.14751
-3.88619 2.89436 -0.14572
-3.88797 2.89561 -0.14449
-3.88992 2.89667 -0.14380
-3.89205 2.89755 -0.14366
-3.90917 2.90174 -0.14867
-3.91132 2.90263 -0.14852
-3.91369 2.90334 -0.14893
-3.91584 2.90423 -0.14879
-3.91779 2.90529 -0.14809
-3.91973 2.90635 -0.14739
-3.92166 2.90741 -0.14669
-3.92316 2.90881 -0.14490
-3.92531 2.90969 -0.14475
-3.92701 2.91091 -0.14352
-3.92915 2.91179 -0.14337
-3.92763 2.92014 -0.12404
-3.92969 2.92099 -0.12390
-3.93219 2.92154 -0.12477
-3.93448 2.92224 -0.12514
-3.93588 2.92354 -0.12348
-3.93839 2.92409 -0.12435
-3.94046 2.92494 -0.12421
-3.94253 2.92579 -0.12407
-3.94300 2.92766 -0.12041
-3.93969 2.93188 -0.10854
-3.94082 2.93326 -0.10650
-3.94238 2.93435 -0.10542
-3.88291 2.88622 -0.16652
-3.88313 2.88929 -0.15997
-3.88334 2.89230 -0.15357
-3.88426 2.89450 -0.14952
-3.88534 2.89649 -0.14607
-3.88694 2.89791 -0.14429
-3.88871 2.89914 -0.14307
-3.89083 2.90002 -0.14292
-3.89333 2.90054 -0.14386
-3.89602 2.90089 -0.14535
-3.89873 2.90123 -0.14685
-3.90126 2.90176 -0.14780
-3.90381 2.90229 -0.14876
-3.90616 2.90300 -0.14917
-3.90831 2.90389 -0.14902
-3.91067 2.90460 -0.14943
-3.91283 2.90549 -0.14929
-3.91498 2.90637 -0.14914
-3.91714 2.90726 -0.14899
-3.91908 2.90832 -0.14829
-3.92102 2.90938 -0.14760
-3.92296 2.91044 -0.14690
-3.92445 2.91182 -0.14510
-3.92660 2.91271 -0.14496
-3.92941 2.91309 -0.14646
-3.92681 2.92219 -0.12438
-3.92887 2.92304 -0.12424
-3.93050 2.92419 -0.12309
-3.93235 2.92518 -0.12244
-3.93440 2.92603 -0.12230
-3.93668 2.92673 -0.12267
-3.93919 2.92729 -0.12354
-3.94013 2.92886 -0.12088
-3.93884 2.93182 -0.11334
-3.93889 2.93388 -0.10887
-3.94002 2.93524 -0.10683
-3.94158 2.93633 -0.10575
-3.88424 2.88933 -0.16673
-3.88517 2.89161 -0.16249
-3.88411 2.89590 -0.15210
-3.88466 2.89843 -0.14697
-3.88609 2.90003 -0.14464
-3.88786 2.90126 -0.14342
-3.89017 2.90196 -0.14381
-3.89248 2.90266 -0.14421
-3.89573 2.90248 -0.14735
-3.89864 2.90266 -0.14941
-3.90138 2.90301 -0.15093
-3.90374 2.90372 -0.15134
-3.90610 2.90444 -0.15175
-3.90826 2.90533 -0.15161
-3.91043 2.90622 -0.15146
-3.91280 2.90694 -0.15187
-3.91538 2.90748 -0.15285
-3.91692 2.90889 -0.15102
-3.91844 2.91029 -0.14920
-3.92038 2.91135 -0.14850
-3.92232 2.91241 -0.14780
-3.92447 2.91329 -0.14766
-3.92662 2.91418 -0.14751
-3.93286 2.91204 -0.15749
-3.92662 2.92379 -0.12624
-3.92784 2.92524 -0.12407
-3.92968 2.92624 -0.12343
-3.93153 2.92723 -0.12278
-3.93358 2.92808 -0.12264
-3.93586 2.92878 -0.12301
-3.93792 2.92963 -0.12287
-3.93976 2.93062 -0.12222
-3.93825 2.93369 -0.11416
-3.93809 2.93587 -0.10920
-3.93944 2.93710 -0.10763
-3.94100 2.93818 -0.10655
-3.94278 2.93914 -0.10594
-3.91708 2.85935 -0.26778
-3.91917 2.86096 -0.26596
-3.88595 2.89839 -0.15399
-3.88577 2.90162 -0.14663
-3.88719 2.90320 -0.14431
-3.88950 2.90390 -0.14471
-3.89311 2.90338 -0.14895
-3.89735 2.90231 -0.15495
-3.89972 2.90303 -0.15536
-3.90189 2.90392 -0.15522
-3.90407 2.90482 -0.15507
-3.90624 2.90571 -0.15492
-3.90842 2.90661 -0.15477
-3.91059 2.90750 -0.15463
-3.91297 2.90823 -0.15505
-3.91515 2.90912 -0.15490
-3.91733 2.91002 -0.15475
-3.91907 2.91126 -0.15347
-3.92038 2.91282 -0.15108
-3.92342 2.91304 -0.15318
-3.92559 2.91394 -0.15303
-3.96261 2.88895 -0.24045
-3.96453 2.89043 -0.23876
-3.96766 2.89102 -0.24011
-3.92908 2.92814 -0.12427
-3.93114 2.92899 -0.12413
-3.93298 2.92998 -0.12348
-3.93526 2.93068 -0.12385
-3.93732 2.93153 -0.12371
-3.93961 2.93224 -0.12408
-3.94099 2.93351 -0.12242
-3.93925 2.93667 -0.11387
-3.93930 2.93870 -0.10939
-3.94043 2.94004 -0.10735
-3.94199 2.94112 -0.10627
-3.93490 2.86897 -0.26861
-3.93753 2.87005 -0.26843
-3.93958 2.87164 -0.26661
-3.94191 2.87297 -0.26562
-3.94452 2.87405 -0.26544
-3.94713 2.87512 -0.26526
-3.95004 2.87595 -0.26590
-3.95266 2.87703 -0.26573
-3.95527 2.87811 -0.26555
-3.95789 2.87918 -0.26537
-3.96082 2.88002 -0.26601
-3.96344 2.88109 -0.26584
-3.96604 2.89397 -0.23901
-3.96825 2.89522 -0.23808
-3.97014 2.89668 -0.23641
-3.98662 2.89932 -0.24467
-3.98883 2.90058 -0.24373
-3.99137 2.90162 -0.24356
-3.99391 2.90267 -0.24338
-3.99610 2.90392 -0.24245
-3.99760 2.90558 -0.23999
-3.86989 2.86979 -0.13544
-3.87120 2.87168 -0.13267
-3.91165 2.88452 -0.13749
-3.91398 2.88520 -0.13788
-3.91631 2.88588 -0.13828
-3.87020 2.87396 -0.13249
-3.91081 2.88663 -0.13784
-3.91313 2.88731 -0.13823
-3.91526 2.88819 -0.13809
-3.91759 2.88887 -0.13848
-3.91972 2.88975 -0.13834
-3.92206 2.89044 -0.13873
-3.86937 2.87604 -0.13284
-3.87098 2.87749 -0.13113
-3.87307 2.87835 -0.13099
-3.91229 2.88943 -0.13858
-3.91441 2.89030 -0.13844
-3.91653 2.89117 -0.13829
-3.91866 2.89205 -0.13815
-3.92099 2.89274 -0.13854
-3.92291 2.89380 -0.13786
-3.92525 2.89449 -0.13825
-3.87015 2.87956 -0.13148
-3.87224 2.88042 -0.13134
-3.87432 2.88128 -0.13119
-3.91357 2.89241 -0.13879
-3.91569 2.89329 -0.13864
-3.91781 2.89416 -0.13850
-3.91994 2.89504 -0.13836
-3.92185 2.89609 -0.13768
-3.92418 2.89678 -0.13807
-3.92653 2.89748 -0.13846
-3.86948 2.88144 -0.13234
-3.87141 2.88249 -0.13168
-3.87382 2.88297 -0.13258
-3.87623 2.88345 -0.13348
-3.87832 2.88431 -0.13334
-3.91313 2.89416 -0.14021
-3.91505 2.89522 -0.13953
-3.91697 2.89627 -0.13885
-3.91909 2.89715 -0.13870
-3.92100 2.89820 -0.13803
-3.92334 2.89890 -0.13842
-3.92568 2.89959 -0.13881
-3.92803 2.90029 -0.13920
-3.87090 2.88419 -0.13306
-3.87331 2.88467 -0.13396
-3.87573 2.88515 -0.13487
-3.87782 2.88601 -0.13473
-3.87992 2.88687 -0.13459
-3.88202 2.88774 -0.13444
-3.91015 2.89540 -0.14071
-3.91269 2.89591 -0.14164
-3.91441 2.89715 -0.14042
-3.91633 2.89820 -0.13973
-3.91845 2.89908 -0.13959
-3.92037 2.90013 -0.13891
-3.92271 2.90083 -0.13930
-3.92483 2.90171 -0.13916
-3.92718 2.90241 -0.13955
-3.92953 2.90311 -0.13995
-3.93233 2.90346 -0.14142
-3.93630 2.90293 -0.14565
-3.87054 2.88570 -0.13497
-3.87263 2.88656 -0.13483
-3.87555 2.88648 -0.13733
-3.87832 2.88659 -0.13931
-3.88027 2.88764 -0.13863
-3.88238 2.88851 -0.13849
-3.88484 2.88901 -0.13941
-3.88695 2.88988 -0.13927
-3.88907 2.89075 -0.13913
-3.89137 2.89144 -0.13952
-3.89348 2.89231 -0.13938
-3.90718 2.89664 -0.14120
-3.91011 2.89679 -0.14322
-3.91225 2.89767 -0.14308
-3.91377 2.89909 -0.14131
-3.91569 2.90014 -0.14062
-3.91761 2.90119 -0.13994
-3.91973 2.90207 -0.13980
-3.92186 2.90294 -0.13965
-3.92399 2.90382 -0.13951
-3.92611 2.90470 -0.13936
-3.92824 2.90557 -0.13922
-3.93036 2.90645 -0.13908
-3.93362 2.90647 -0.14163
-3.93806 2.90561 -0.14696
-3.93975 2.90685 -0.14571
-3.94191 2.90774 -0.14556
-3.94382 2.90880 -0.14487
-3.94525 2.91019 -0.14308
-3.94740 2.91107 -0.14293
-3.94955 2.91196 -0.14279
-3.87342 2.88676 -0.14048
-3.87553 2.88763 -0.14034
-3.87765 2.88850 -0.14019
-3.87976 2.88937 -0.14005
-3.88188 2.89024 -0.13991
-3.88400 2.89111 -0.13976
-3.88611 2.89198 -0.13962
-3.88840 2.89267 -0.14001
-3.89052 2.89354 -0.13987
-3.89264 2.89441 -0.13972
-3.89476 2.89528 -0.13958
-3.89687 2.89616 -0.13944
-3.89899 2.89703 -0.13929
-3.90130 2.89772 -0.13968
-3.90381 2.89824 -0.14061
-3.90633 2.89875 -0.14155
-3.90926 2.89891 -0.14357
-3.91140 2.89979 -0.14343
-3.91312 2.90103 -0.14220
-3.91484 2.90226 -0.14097
-3.91676 2.90331 -0.14029
-3.91889 2.90418 -0.14014
-3.92101 2.90506 -0.14000
-3.92314 2.90593 -0.13986
-3.92505 2.90698 -0.13918
-3.92695 2.90802 -0.13850
-3.92864 2.90923 -0.13728
-3.93098 2.90994 -0.13767
-3.93332 2.91065 -0.13806
-3.93567 2.91135 -0.13846
-3.93918 2.91123 -0.14155
-3.94131 2.91211 -0.14140
-3.94345 2.91299 -0.14126
-3.94393 2.91501 -0.13735
-3.94629 2.91573 -0.13774
-3.95108 2.91481 -0.14354
-3.95217 2.91867 -0.13624
-3.94195 2.92747 -0.10931
-3.94131 2.92997 -0.10349
-3.94308 2.93093 -0.10288
-3.87486 2.88954 -0.14122
-3.87697 2.89041 -0.14108
-3.87892 2.89147 -0.14040
-3.88104 2.89234 -0.14025
-3.88315 2.89321 -0.14011
-3.88527 2.89409 -0.13997
-3.88756 2.89477 -0.14036
-3.88968 2.89565 -0.14021
-3.89180 2.89652 -0.14007
-3.89391 2.89739 -0.13993
-3.89603 2.89826 -0.13978
-3.89815 2.89913 -0.13964
-3.90046 2.89983 -0.14003
-3.90296 2.90035 -0.14096
-3.90548 2.90087 -0.14190
-3.90861 2.90086 -0.14447
-3.91075 2.90174 -0.14432
-3.91268 2.90280 -0.14363
-3.91441 2.90402 -0.14240
-3.91696 2.90456 -0.14334
-3.91846 2.90595 -0.14157
-3.92059 2.90683 -0.14143
-3.92229 2.90805 -0.14021
-3.92399 2.90926 -0.13899
-3.92568 2.91047 -0.13778
-3.92779 2.91134 -0.13763
-3.92969 2.91238 -0.13696
-3.93158 2.91341 -0.13628
-3.93415 2.91396 -0.13720
-3.93626 2.91483 -0.13706
-3.93861 2.91554 -0.13745
-3.94050 2.91657 -0.13677
-3.94215 2.91776 -0.13556
-3.94473 2.91831 -0.13648
-3.94757 2.91871 -0.13794
-3.95133 2.92077 -0.13659
-3.94115 2.92947 -0.10964
-3.94052 2.93195 -0.10381
-3.94229 2.93291 -0.10321
-3.94406 2.93386 -0.10261
-3.87613 2.89252 -0.14142
-3.87825 2.89339 -0.14128
-3.88019 2.89445 -0.14060
-3.88231 2.89532 -0.14046
-3.88443 2.89619 -0.14031
-3.88672 2.89688 -0.14071
-3.88884 2.89775 -0.14056
-3.89095 2.89862 -0.14042
-3.89289 2.89967 -0.13974
-3.89500 2.90054 -0.13960
-3.89731 2.90124 -0.13999
-3.89942 2.90211 -0.13985
-3.90212 2.90246 -0.14131
-3.90463 2.90298 -0.14225
-3.90796 2.90281 -0.14537
-3.91010 2.90369 -0.14522
-3.91183 2.90492 -0.14399
-3.91356 2.90615 -0.14275
-3.91611 2.90668 -0.14370
-3.91782 2.90790 -0.14246
-3.92017 2.90861 -0.14286
-3.92166 2.90999 -0.14109
-3.92314 2.91137 -0.13934
-3.92483 2.91257 -0.13812
-3.92652 2.91377 -0.13691
-3.92841 2.91480 -0.13624
-3.93052 2.91567 -0.13610
-3.93197 2.91702 -0.13437
-3.93474 2.91741 -0.13581
-3.93595 2.91891 -0.13356
-3.93715 2.92040 -0.13132
-3.93834 2.92188 -0.12910
-3.94042 2.92273 -0.12896
-3.94078 2.93119 -0.11094
-3.94038 2.93353 -0.10555
-3.94172 2.93475 -0.10401
-3.94349 2.93570 -0.10340
-3.94547 2.93652 -0.10327
-3.87529 2.89463 -0.14177
-3.87740 2.89550 -0.14163
-3.87935 2.89655 -0.14095
-3.88147 2.89742 -0.14080
-3.88358 2.89829 -0.14066
-3.88570 2.89916 -0.14052
-3.88781 2.90003 -0.14037
-3.88993 2.90090 -0.14023
-3.89204 2.90178 -0.14009
-3.89416 2.90265 -0.13994
-3.89628 2.90352 -0.13980
-3.89858 2.90422 -0.14019
-3.90089 2.90492 -0.14059
-3.90359 2.90527 -0.14206
-3.90691 2.90511 -0.14517
-3.90905 2.90599 -0.14503
-3.91098 2.90704 -0.14434
-3.91250 2.90844 -0.14256
-3.91484 2.90914 -0.14296
-3.91676 2.91019 -0.14227
-3.91868 2.91123 -0.14159
-3.92018 2.91261 -0.13983
-3.92187 2.91381 -0.13861
-3.92335 2.91516 -0.13687
-3.92524 2.91619 -0.13620
-3.92692 2.91738 -0.13500
-3.92729 2.91950 -0.13067
-3.92938 2.92036 -0.13053
-3.93147 2.92122 -0.13039
-3.93422 2.92162 -0.13181
-3.93475 2.92354 -0.12804
-3.93683 2.92440 -0.12790
-3.93891 2.92526 -0.12776
-3.94122 2.92596 -0.12813
-3.94042 2.93292 -0.11223
-3.94090 2.93471 -0.10873
-3.94158 2.93633 -0.10575
-3.94336 2.93728 -0.10514
-3.94490 2.93836 -0.10406
-3.88486 2.90127 -0.14087
-3.88697 2.90214 -0.14072
-3.88909 2.90301 -0.14058
-3.89120 2.90388 -0.14044
-3.89332 2.90475 -0.14029
-3.89543 2.90562 -0.14015
-3.89774 2.90632 -0.14054
-3.90024 2.90685 -0.14147
-3.90392 2.90636 -0.14567
-3.90625 2.90707 -0.14607
-3.90839 2.90795 -0.14593
-3.91033 2.90900 -0.14523
-3.91165 2.91055 -0.14291
-3.91399 2.91126 -0.14331
-3.91592 2.91231 -0.14262
-3.91784 2.91335 -0.14194
-3.91954 2.91455 -0.14072
-3.92124 2.91575 -0.13950
-3.92251 2.91726 -0.13722
-3.92440 2.91829 -0.13655
-3.92608 2.91947 -0.13535
-3.92646 2.92158 -0.13101
-3.92855 2.92244 -0.13087
-3.93064 2.92330 -0.13073
-3.93393 2.92561 -0.12838
-3.93601 2.92647 -0.12824
-3.93809 2.92732 -0.12810
-3.94136 2.93175 -0.12108
-3.93984 2.93480 -0.11305
-3.94097 2.93617 -0.11098
-3.94210 2.93753 -0.10892
-3.94300 2.93901 -0.10641
-3.94455 2.94009 -0.10533
-3.92101 2.87695 -0.23179
-3.94350 2.86293 -0.28230
-3.94440 2.86564 -0.27700
-3.94706 2.86674 -0.27682
-3.94911 2.86836 -0.27496
-3.95086 2.87023 -0.27226
-3.95350 2.87131 -0.27208
-3.95990 2.86929 -0.28207
-3.97104 2.88269 -0.26162
-3.97107 2.88565 -0.25502
-3.97300 2.88717 -0.25326
-3.97558 2.88823 -0.25309
-3.94013 2.93614 -0.11582
-3.94105 2.93764 -0.11325
-3.94219 2.93900 -0.11117
-3.94331 2.94035 -0.10912
-3.94420 2.94181 -0.10660
-3.92099 2.88867 -0.13115
-3.91888 2.88915 -0.13374
-3.92078 2.89020 -0.13307
-3.92225 2.89162 -0.13135
-3.91634 2.89000 -0.13528
-3.91846 2.89087 -0.13514
-3.92036 2.89193 -0.13447
-3.92183 2.89335 -0.13274
-3.92351 2.89458 -0.13155
-3.92476 2.89616 -0.12933
-3.91571 2.89192 -0.13616
-3.91782 2.89279 -0.13602
-3.91973 2.89384 -0.13534
-3.92121 2.89526 -0.13362
-3.92289 2.89649 -0.13242
-3.92414 2.89806 -0.13019
-3.92581 2.89928 -0.12901
-3.91295 2.89297 -0.13718
-3.91507 2.89384 -0.13704
-3.91719 2.89471 -0.13690
-3.91910 2.89576 -0.13622
-3.92100 2.89681 -0.13555
-3.92248 2.89822 -0.13382
-3.92352 2.89997 -0.13106
-3.92519 2.90118 -0.12987
-3.92685 2.90239 -0.12870
-3.87574 2.88402 -0.13191
-3.87766 2.88507 -0.13125
-3.87974 2.88593 -0.13111
-3.91423 2.89594 -0.13739
-3.91634 2.89682 -0.13724
-3.91846 2.89769 -0.13710
-3.92037 2.89874 -0.13643
-3.92206 2.89996 -0.13522
-3.92374 2.90118 -0.13402
-3.92563 2.90222 -0.13335
-3.92774 2.90309 -0.13321
-3.92984 2.90396 -0.13307
-3.93173 2.90500 -0.13240
-3.87507 2.88591 -0.13278
-3.87683 2.88714 -0.13160
-3.87891 2.88800 -0.13145
-3.88100 2.88886 -0.13131
-3.91127 2.89718 -0.13788
-3.91338 2.89805 -0.13774
-3.91550 2.89892 -0.13759
-3.91762 2.89979 -0.13745
-3.91974 2.90066 -0.13731
-3.92164 2.90171 -0.13663
-3.92333 2.90293 -0.13543
-3.92523 2.90397 -0.13475
-3.92712 2.90501 -0.13408
-3.92922 2.90588 -0.13394
-3.93133 2.90675 -0.13380
-3.93366 2.90745 -0.13418
-3.93577 2.90831 -0.13404
-3.93879 2.90851 -0.13601
-3.94091 2.90938 -0.13587
-3.94303 2.91026 -0.13573
-3.94515 2.91113 -0.13558
-3.87633 2.88884 -0.13298
-3.87808 2.89007 -0.13180
-3.88017 2.89093 -0.13166
-3.88225 2.89179 -0.13151
-3.88434 2.89265 -0.13137
-3.90157 2.89898 -0.13180
-3.90521 2.89843 -0.13586
-3.90791 2.89877 -0.13731
-3.91042 2.89928 -0.13823
-3.91254 2.90015 -0.13808
-3.91466 2.90103 -0.13794
-3.91678 2.90190 -0.13780
-3.91889 2.90277 -0.13765
-3.92101 2.90364 -0.13751
-3.92270 2.90486 -0.13630
-3.92460 2.90590 -0.13563
-3.92649 2.90694 -0.13496
-3.92839 2.90797 -0.13429
-3.93049 2.90884 -0.13414
-3.93282 2.90954 -0.13453
-3.93493 2.91041 -0.13439
-3.93795 2.91062 -0.13636
-3.94007 2.91149 -0.13622
-3.94219 2.91236 -0.13607
-3.94430 2.91323 -0.13593
-3.94642 2.91410 -0.13579
-3.94878 2.91481 -0.13618
-3.95090 2.91569 -0.13603
-3.95302 2.91656 -0.13589
-3.94387 2.92895 -0.10256
-3.94388 2.93101 -0.09825
-3.94563 2.93195 -0.09766
-3.87934 2.89300 -0.13200
-3.88142 2.89386 -0.13186
-3.88334 2.89490 -0.13120
-3.88542 2.89575 -0.13106
-3.88750 2.89661 -0.13092
-3.89393 2.89901 -0.13101
-3.89619 2.89969 -0.13139
-3.89847 2.90038 -0.13177
-3.90055 2.90124 -0.13162
-3.90418 2.90070 -0.13567
-3.90667 2.90122 -0.13659
-3.90938 2.90156 -0.13804
-3.91170 2.90226 -0.13843
-3.91381 2.90313 -0.13829
-3.91593 2.90400 -0.13814
-3.91805 2.90488 -0.13800
-3.92017 2.90575 -0.13786
-3.92207 2.90679 -0.13718
-3.92376 2.90800 -0.13598
-3.92565 2.90903 -0.13530
-3.92733 2.91024 -0.13411
-3.92878 2.91160 -0.13239
-3.93088 2.91246 -0.13225
-3.93166 2.91429 -0.12898
-3.93352 2.91531 -0.12833
-3.93627 2.91569 -0.12974
-3.94134 2.91447 -0.13642
-3.94346 2.91534 -0.13628
-3.94605 2.91589 -0.13720
-3.94817 2.91676 -0.13706
-3.95029 2.91763 -0.13691
-3.95217 2.91867 -0.13624
-3.95380 2.91985 -0.13503
-3.94110 2.93011 -0.10302
-3.94221 2.93148 -0.10102
-3.94310 2.93296 -0.09858
-3.94463 2.93404 -0.09753
-3.94593 2.93525 -0.09602
-3.88042 2.89611 -0.13168
-3.88217 2.89732 -0.13050
-3.88442 2.89800 -0.13088
-3.88650 2.89886 -0.13074
-3.88875 2.89954 -0.13112
-3.89101 2.90022 -0.13149
-3.89310 2.90108 -0.13135
-3.89536 2.90176 -0.13173
-3.89763 2.90245 -0.13211
-3.89972 2.90331 -0.13197
-3.90334 2.90280 -0.13602
-3.90583 2.90332 -0.13694
-3.90854 2.90367 -0.13839
-3.91085 2.90436 -0.13878
-3.91297 2.90524 -0.13864
-3.91509 2.90611 -0.13849
-3.91721 2.90698 -0.13835
-3.91932 2.90785 -0.13821
-3.92123 2.90889 -0.13753
-3.92292 2.91010 -0.13632
-3.92481 2.91113 -0.13565
-3.92585 2.91282 -0.13287
-3.92751 2.91401 -0.13169
-3.92895 2.91535 -0.12999
-3.93061 2.91652 -0.12881
-3.93225 2.91770 -0.12764
-3.93477 2.91824 -0.12853
-3.93798 2.91832 -0.13098
-3.93762 2.92962 -0.10644
-3.93853 2.93113 -0.10395
-3.94030 2.93209 -0.10335
-3.94164 2.93331 -0.10181
-3.94231 2.93492 -0.09890
-3.94384 2.93600 -0.09785
-3.94515 2.93720 -0.09635
-3.94689 2.93813 -0.09576
-3.88117 2.89956 -0.13033
-3.88342 2.90024 -0.13071
-3.88550 2.90110 -0.13056
-3.88792 2.90161 -0.13146
-3.89018 2.90229 -0.13184
-3.89227 2.90315 -0.13169
-3.89453 2.90384 -0.13207
-3.89680 2.90453 -0.13245
-3.89889 2.90539 -0.13231
-3.90231 2.90506 -0.13584
-3.90499 2.90541 -0.13728
-3.90769 2.90577 -0.13874
-3.91001 2.90647 -0.13913
-3.91213 2.90734 -0.13898
-3.91425 2.90821 -0.13884
-3.91636 2.90909 -0.13870
-3.91848 2.90996 -0.13855
-3.92039 2.91100 -0.13788
-3.92229 2.91203 -0.13720
-3.92419 2.91307 -0.13653
-3.92544 2.91458 -0.13427
-3.92689 2.91593 -0.13255
-3.92877 2.91695 -0.13189
-3.92999 2.91844 -0.12967
-3.93186 2.91945 -0.12901
-3.93394 2.92031 -0.12887
-3.93525 2.93051 -0.10785
-3.93639 2.93188 -0.10582
-3.93774 2.93311 -0.10428
-3.93973 2.93393 -0.10414
-3.94150 2.93488 -0.10354
-3.94174 2.93675 -0.09969
-3.94306 2.93795 -0.09817
-3.94437 2.93915 -0.09667
-3.94611 2.94008 -0.09608
-3.88259 2.90231 -0.13105
-3.88484 2.90299 -0.13142
-3.88727 2.90351 -0.13232
-3.88935 2.90436 -0.13218
-3.89162 2.90505 -0.13256
-3.89388 2.90574 -0.13294
-3.89597 2.90660 -0.13279
-3.89937 2.90628 -0.13633
-3.90204 2.90664 -0.13777
-3.90474 2.90700 -0.13923
-3.90705 2.90770 -0.13962
-3.90917 2.90858 -0.13948
-3.91128 2.90945 -0.13933
-3.91340 2.91032 -0.13919
-3.91552 2.91119 -0.13904
-3.91764 2.91206 -0.13890
-3.91954 2.91310 -0.13822
-3.92166 2.91397 -0.13808
-3.92335 2.91516 -0.13687
-3.92524 2.91619 -0.13620
-3.92670 2.91754 -0.13447
-3.92815 2.91888 -0.13276
-3.92981 2.92005 -0.13157
-3.93125 2.92137 -0.12987
-3.93488 2.93223 -0.10914
-3.93560 2.93387 -0.10615
-3.93716 2.93496 -0.10507
-3.93915 2.93578 -0.10494
-3.94093 2.93673 -0.10433
-3.94096 2.93871 -0.10001
-3.94228 2.93991 -0.09850
-3.94359 2.94110 -0.09699
-3.94490 2.94228 -0.09549
-3.93258 2.86079 -0.27058
-3.93605 2.86107 -0.27290
-3.93927 2.86162 -0.27440
-3.94309 2.86163 -0.27759
-3.94605 2.86246 -0.27826
-3.94932 2.86301 -0.27979
-3.95230 2.86385 -0.28046
-3.95498 2.86495 -0.28028
-3.95765 2.86605 -0.28010
-3.96001 2.86742 -0.27906
-3.96204 2.86904 -0.27718
-3.96439 2.87040 -0.27615
-3.91488 2.91313 -0.13993
-3.91679 2.91417 -0.13925
-3.91891 2.91504 -0.13911
-3.92103 2.91591 -0.13896
-3.92315 2.91678 -0.13882
-3.93716 2.93437 -0.11173
-3.93680 2.93667 -0.10634
-3.93858 2.93762 -0.10574
-3.93777 2.94012 -0.09955
-3.93974 2.94093 -0.09941
-3.94063 2.94236 -0.09699
-3.94216 2.94342 -0.09595
-3.94390 2.94435 -0.09536
-3.95391 2.86761 -0.28072
-3.93735 2.93986 -0.10512
-3.93386 2.94393 -0.09306
-3.93518 2.94509 -0.09159
-3.93732 2.94577 -0.09190
-3.94441 2.90214 -0.12230
-3.94667 2.90293 -0.12264
-3.94893 2.90371 -0.12297
-3.94348 2.90417 -0.12265
-3.94552 2.90513 -0.12248
-3.94755 2.90609 -0.12230
-3.94959 2.90705 -0.12213
-3.94459 2.90716 -0.12283
-3.94663 2.90812 -0.12265
-3.94866 2.90908 -0.12248
-3.95047 2.91021 -0.12179
-3.94366 2.90919 -0.12318
-3.94570 2.91015 -0.12300
-3.94773 2.91111 -0.12283
-3.94977 2.91207 -0.12265
-3.95112 2.91353 -0.12095
-3.94274 2.91122 -0.12353
-3.94477 2.91218 -0.12335
-3.94681 2.91314 -0.12318
-3.94884 2.91410 -0.12300
-3.95020 2.91556 -0.12130
-3.95200 2.91668 -0.12062
-3.95403 2.91763 -0.12044
-3.94181 2.91325 -0.12388
-3.94384 2.91421 -0.12370
-3.94588 2.91517 -0.12353
-3.94792 2.91613 -0.12335
-3.94928 2.91758 -0.12165
-3.95108 2.91870 -0.12097
-3.95265 2.91997 -0.11978
-3.95353 2.92172 -0.11709
-3.95532 2.92282 -0.11642
-3.94110 2.91511 -0.12474
-3.94314 2.91607 -0.12457
-3.94495 2.91720 -0.12388
-3.94699 2.91816 -0.12370
-3.94858 2.91944 -0.12251
-3.95016 2.92072 -0.12131
-3.95150 2.92215 -0.11962
-3.95262 2.92372 -0.11744
-3.95349 2.92544 -0.11477
-3.95550 2.92639 -0.11460
-3.90447 2.90475 -0.11923
-3.90648 2.90569 -0.11906
-3.94221 2.91810 -0.12492
-3.94425 2.91907 -0.12474
-3.94606 2.92019 -0.12405
-3.94787 2.92131 -0.12337
-3.94946 2.92258 -0.12217
-3.95081 2.92401 -0.12048
-3.95215 2.92542 -0.11879
-3.95371 2.92668 -0.11761
-3.95527 2.92793 -0.11644
-3.95682 2.92918 -0.11527
-3.95952 2.92968 -0.11659
-3.95990 2.93166 -0.11295
-3.90356 2.90674 -0.11958
-3.90557 2.90769 -0.11941
-3.90775 2.90847 -0.11974
-3.90994 2.90924 -0.12007
-3.94150 2.91997 -0.12578
-3.94354 2.92094 -0.12561
-3.94536 2.92206 -0.12492
-3.94717 2.92318 -0.12423
-3.94898 2.92429 -0.12354
-3.95056 2.92556 -0.12235
-3.95168 2.92713 -0.12014
-3.95302 2.92854 -0.11846
-3.95504 2.92949 -0.11829
-3.95682 2.93059 -0.11761
-3.95907 2.93139 -0.11794
-3.96062 2.93263 -0.11677
-3.96099 2.93459 -0.11312
-3.96252 2.93582 -0.11197
-3.96194 2.93829 -0.10646
-3.96184 2.94044 -0.10201
-3.96311 2.94177 -0.10043
-3.96506 2.94269 -0.10026
-3.96678 2.94374 -0.09963
-3.96873 2.94466 -0.09946
-3.97067 2.94558 -0.09929
-3.97262 2.94650 -0.09912
-3.97651 2.94639 -0.10272
-3.90666 2.91063 -0.11958
-3.90885 2.91141 -0.11991
-3.91104 2.91219 -0.12024
-3.93831 2.92120 -0.12579
-3.94057 2.92201 -0.12613
-3.94261 2.92297 -0.12596
-3.94465 2.92393 -0.12578
-3.94647 2.92505 -0.12510
-3.94828 2.92617 -0.12441
-3.95009 2.92728 -0.12372
-3.95144 2.92869 -0.12201
-3.95279 2.93010 -0.12032
-3.95458 2.93120 -0.11964
-3.95614 2.93245 -0.11846
-3.95815 2.93340 -0.11829
-3.95994 2.93449 -0.11762
-3.96008 2.93658 -0.11347
-3.96138 2.93795 -0.11182
-3.96151 2.93999 -0.10776
-3.96210 2.94173 -0.10471
-3.96245 2.94358 -0.10123
-3.96440 2.94450 -0.10107
-3.96635 2.94542 -0.10090
-3.96784 2.94660 -0.09979
-3.96979 2.94752 -0.09963
-3.97174 2.94844 -0.09946
-3.97513 2.94860 -0.10211
-3.97758 2.94927 -0.10289
-3.97954 2.95020 -0.10273
-3.90575 2.91263 -0.11993
-3.90793 2.91341 -0.12026
-3.90994 2.91436 -0.12008
-3.91232 2.91498 -0.12092
-3.91471 2.91560 -0.12175
-3.91691 2.91639 -0.12209
-3.91951 2.91685 -0.12344
-3.93310 2.92147 -0.12598
-3.93514 2.92243 -0.12580
-3.93739 2.92324 -0.12614
-3.93986 2.92388 -0.12700
-3.94190 2.92485 -0.12683
-3.94372 2.92597 -0.12614
-3.94576 2.92693 -0.12596
-3.94758 2.92804 -0.12527
-3.94939 2.92916 -0.12458
-3.95120 2.93027 -0.12390
-3.95277 2.93152 -0.12270
-3.95389 2.93307 -0.12049
-3.95568 2.93417 -0.11982
-3.95723 2.93541 -0.11864
-3.95832 2.93693 -0.11646
-3.95848 2.93899 -0.11233
-3.95863 2.94102 -0.10827
-3.95992 2.94236 -0.10666
-3.96120 2.94369 -0.10505
-3.96156 2.94553 -0.10157
-3.96351 2.94645 -0.10140
-3.96546 2.94737 -0.10123
-3.96695 2.94854 -0.10013
-3.96820 2.94984 -0.09856
-3.97014 2.95075 -0.09840
-3.97280 2.95130 -0.09963
-3.97620 2.95148 -0.10228
-3.90684 2.91557 -0.12010
-3.90902 2.91636 -0.12043
-3.91122 2.91714 -0.12076
-3.91379 2.91761 -0.12210
-3.91580 2.91856 -0.12193
-3.91859 2.91887 -0.12378
-3.92100 2.91950 -0.12463
-3.92323 2.92030 -0.12497
-3.92526 2.92126 -0.12479
-3.92729 2.92221 -0.12462
-3.92952 2.92301 -0.12496
-3.93196 2.92366 -0.12581
-3.93421 2.92446 -0.12615
-3.93689 2.92496 -0.12753
-3.93914 2.92576 -0.12787
-3.94141 2.92657 -0.12822
-3.94345 2.92754 -0.12804
-3.94550 2.92850 -0.12787
-3.94732 2.92962 -0.12717
-3.94937 2.93058 -0.12700
-3.95095 2.93185 -0.12579
-3.95231 2.93325 -0.12407
-3.95388 2.93450 -0.12288
-3.95499 2.93604 -0.12067
-3.95632 2.93742 -0.11898
-3.95718 2.93907 -0.11631
-3.95734 2.94111 -0.11219
-3.95773 2.94299 -0.10861
-3.95857 2.94459 -0.10604
-3.95962 2.94604 -0.10396
-3.96044 2.94760 -0.10143
-3.96239 2.94852 -0.10127
-3.96411 2.94957 -0.10063
-3.96560 2.95073 -0.09953
-3.96731 2.95177 -0.09890
-3.96926 2.95269 -0.09873
-3.97120 2.95361 -0.09856
-3.97530 2.95343 -0.10262
-3.97118 2.96104 -0.08302
-3.91287 2.91961 -0.12245
-3.91489 2.92056 -0.12227
-3.91786 2.92073 -0.12464
-3.92028 2.92136 -0.12549
-3.92231 2.92232 -0.12532
-3.92433 2.92328 -0.12514
-3.92636 2.92423 -0.12497
-3.92859 2.92504 -0.12531
-3.93104 2.92568 -0.12616
-3.93328 2.92649 -0.12650
-3.93596 2.92699 -0.12788
-3.93821 2.92780 -0.12822
-3.94048 2.92861 -0.12857
-3.94252 2.92958 -0.12839
-3.94457 2.93054 -0.12822
-3.94639 2.93166 -0.12752
-3.94844 2.93262 -0.12735
-3.95048 2.93359 -0.12717
-3.95207 2.93484 -0.12597
-3.95341 2.93624 -0.12425
-3.95499 2.93748 -0.12305
-3.95540 2.93943 -0.11933
-3.95626 2.94107 -0.11665
-3.95598 2.94337 -0.11155
-3.95615 2.94536 -0.10750
-3.95744 2.94668 -0.10590
-3.95873 2.94799 -0.10430
-3.95865 2.95004 -0.09990
-3.96060 2.95096 -0.09973
-3.96277 2.95175 -0.10003
-3.96448 2.95279 -0.09940
-3.96620 2.95383 -0.09877
-3.96814 2.95475 -0.09860
-3.97032 2.95554 -0.09890
-3.97441 2.95539 -0.10296
-3.97444 2.95726 -0.09903
-3.96844 2.96203 -0.08351
-3.97032 2.96292 -0.08335
-3.91473 2.92195 -0.12465
-3.91733 2.92243 -0.12601
-3.91935 2.92338 -0.12584
-3.92138 2.92434 -0.12567
-3.92341 2.92530 -0.12549
-3.92564 2.92610 -0.12583
-3.92767 2.92706 -0.12566
-3.93032 2.92756 -0.12703
-3.93277 2.92821 -0.12789
-3.93545 2.92872 -0.12927
-3.93728 2.92984 -0.12857
-3.93933 2.93080 -0.12840
-3.94115 2.93192 -0.12771
-3.94342 2.93273 -0.12805
-3.94546 2.93369 -0.12788
-3.94773 2.93451 -0.12822
-3.94978 2.93548 -0.12804
-3.95182 2.93644 -0.12787
-3.95318 2.93784 -0.12614
-3.95452 2.93923 -0.12442
-3.95448 2.94144 -0.11968
-3.95512 2.94320 -0.11650
-3.95598 2.94482 -0.11386
-3.95683 2.94641 -0.11123
-3.95677 2.94851 -0.10671
-3.95806 2.94982 -0.10511
-3.95777 2.95198 -0.10023
-3.95971 2.95290 -0.10006
-3.96166 2.95381 -0.09990
-3.96531 2.95577 -0.09910
-3.96725 2.95668 -0.09893
-3.96920 2.95760 -0.09877
-3.97114 2.95851 -0.09860
-3.96369 2.96399 -0.08008
-3.96556 2.96488 -0.07992
-3.91679 2.92414 -0.12739
-3.91882 2.92510 -0.12722
-3.92085 2.92605 -0.12704
-3.92288 2.92701 -0.12687
-3.92492 2.92797 -0.12670
-3.98712 2.88415 -0.27886
-3.99009 2.88514 -0.27949
-3.99272 2.88638 -0.27927
-3.99395 2.88861 -0.27561
-3.93657 2.93173 -0.12945
-3.93861 2.93269 -0.12927
-3.94022 2.93395 -0.12806
-3.94337 2.93418 -0.13049
-3.94700 2.93412 -0.13400
-3.95248 2.93973 -0.12701
-3.95383 2.94111 -0.12529
-3.95356 2.94344 -0.12002
-3.95489 2.94480 -0.11834
-3.95667 2.94588 -0.11767
-3.95807 2.95127 -0.10736
-3.95913 2.95270 -0.10528
-3.96865 2.94958 -0.12084
-3.97067 2.95054 -0.12066
-3.95924 2.96582 -0.07714
-3.96132 2.96659 -0.07741
-3.98660 2.88627 -0.28103
-3.94515 2.90285 -0.11672
-3.94761 2.90345 -0.11755
-3.94986 2.90423 -0.11788
-3.94467 2.90451 -0.11807
-3.94692 2.90529 -0.11840
-3.94894 2.90624 -0.11823
-3.95119 2.90702 -0.11856
-3.95298 2.90815 -0.11788
-3.94397 2.90635 -0.11892
-3.94622 2.90713 -0.11925
-3.94824 2.90809 -0.11908
-3.95026 2.90904 -0.11891
-3.95206 2.91016 -0.11823
-3.94371 2.90785 -0.12079
-3.94574 2.90881 -0.12061
-3.94799 2.90959 -0.12095
-3.95002 2.91055 -0.12077
-3.95159 2.91185 -0.11959
-3.95248 2.91363 -0.11690
-3.94300 2.90970 -0.12164
-3.94525 2.91049 -0.12198
-3.94729 2.91145 -0.12181
-3.94932 2.91241 -0.12163
-3.95112 2.91353 -0.12095
-3.95224 2.91515 -0.11875
-3.95358 2.91659 -0.11707
-3.95537 2.91770 -0.11640
-3.94433 2.91252 -0.12233
-3.94658 2.91331 -0.12267
-3.94862 2.91427 -0.12249
-3.95043 2.91539 -0.12181
-3.95200 2.91668 -0.12062
-3.95334 2.91812 -0.11893
-3.95468 2.91955 -0.11724
-3.95669 2.92050 -0.11707
-3.94588 2.91517 -0.12353
-3.94792 2.91613 -0.12335
-3.94995 2.91709 -0.12318
-3.95153 2.91837 -0.12198
-3.95311 2.91965 -0.12079
-3.95467 2.92093 -0.11961
-3.95624 2.92220 -0.11842
-3.95826 2.92315 -0.11825
-3.94495 2.91720 -0.12388
-3.94699 2.91816 -0.12370
-3.94903 2.91912 -0.12353
-3.95106 2.92008 -0.12336
-3.95264 2.92136 -0.12216
-3.95444 2.92247 -0.12148
-3.95578 2.92390 -0.11978
-3.95780 2.92485 -0.11961
-3.95936 2.92612 -0.11843
-3.96091 2.92737 -0.11725
-3.90775 2.90448 -0.12259
-3.90885 2.90630 -0.11989
-3.91086 2.90724 -0.11972
-3.91249 2.90853 -0.11855
-3.94403 2.91923 -0.12423
-3.94606 2.92019 -0.12405
-3.94810 2.92115 -0.12388
-3.95013 2.92211 -0.12371
-3.95217 2.92307 -0.12353
-3.95398 2.92419 -0.12285
-3.95555 2.92545 -0.12165
-3.95758 2.92641 -0.12148
-3.95890 2.92783 -0.11978
-3.96069 2.92893 -0.11910
-3.96200 2.93033 -0.11742
-3.96307 2.93187 -0.11525
-3.96461 2.93311 -0.11409
-3.90811 2.90528 -0.12651
-3.90830 2.90796 -0.12124
-3.90994 2.90924 -0.12007
-3.91195 2.91019 -0.11989
-3.91396 2.91114 -0.11972
-3.91597 2.91209 -0.11955
-3.93860 2.91966 -0.12390
-3.94085 2.92046 -0.12424
-3.94310 2.92126 -0.12458
-3.94514 2.92222 -0.12441
-3.94717 2.92318 -0.12423
-3.94921 2.92414 -0.12406
-3.95124 2.92510 -0.12388
-3.95328 2.92606 -0.12371
-3.95532 2.92702 -0.12353
-3.95712 2.92813 -0.12285
-3.95868 2.92939 -0.12165
-3.96001 2.93080 -0.11996
-3.96132 2.93219 -0.11827
-3.96310 2.93329 -0.11760
-3.96369 2.93511 -0.11443
-3.96428 2.93690 -0.11131
-3.96462 2.93881 -0.10773
-3.96613 2.94002 -0.10660
-3.96787 2.94108 -0.10595
-3.96984 2.94202 -0.10578
-3.97062 2.94361 -0.10323
-3.97258 2.94454 -0.10306
-3.97460 2.94934 -0.09508
-3.90921 2.91108 -0.12091
-3.91104 2.91219 -0.12024
-3.91304 2.91314 -0.12007
-3.91505 2.91409 -0.11990
-3.91706 2.91503 -0.11972
-3.91926 2.91582 -0.12005
-3.92147 2.91661 -0.12039
-3.92609 2.91802 -0.12155
-3.92852 2.91865 -0.12240
-3.93075 2.91945 -0.12273
-3.93319 2.92008 -0.12358
-3.93522 2.92104 -0.12340
-3.93746 2.92184 -0.12374
-3.93970 2.92264 -0.12408
-3.94217 2.92328 -0.12493
-3.94421 2.92425 -0.12476
-3.94624 2.92521 -0.12458
-3.94851 2.92601 -0.12492
-3.95054 2.92697 -0.12475
-3.95258 2.92793 -0.12457
-3.95462 2.92890 -0.12440
-3.95643 2.93001 -0.12371
-3.95823 2.93112 -0.12302
-3.95955 2.93252 -0.12132
-3.96111 2.93377 -0.12013
-3.96242 2.93516 -0.11845
-3.96302 2.93696 -0.11528
-3.96337 2.93889 -0.11165
-3.96419 2.94051 -0.10904
-3.96523 2.94199 -0.10694
-3.96720 2.94292 -0.10677
-3.96894 2.94398 -0.10612
-3.96996 2.94544 -0.10404
-3.97193 2.94636 -0.10387
-3.97423 2.95291 -0.09250
-3.97567 2.95406 -0.09143
-3.97712 2.95520 -0.09036
-3.97784 2.95669 -0.08795
-3.91031 2.91403 -0.12109
-3.91433 2.91593 -0.12074
-3.91615 2.91704 -0.12007
-3.91835 2.91782 -0.12040
-3.92055 2.91861 -0.12073
-3.92257 2.91956 -0.12056
-3.92478 2.92035 -0.12089
-3.92719 2.92099 -0.12173
-3.92962 2.92162 -0.12257
-3.93164 2.92258 -0.12240
-3.93408 2.92322 -0.12324
-3.93632 2.92402 -0.12358
-3.93856 2.92482 -0.12392
-3.94103 2.92547 -0.12477
-3.94328 2.92627 -0.12511
-3.94554 2.92708 -0.12545
-3.94780 2.92789 -0.12579
-3.94984 2.92885 -0.12561
-3.95188 2.92981 -0.12544
-3.95392 2.93078 -0.12526
-3.95573 2.93189 -0.12457
-3.95753 2.93300 -0.12389
-3.95910 2.93425 -0.12269
-3.96066 2.93550 -0.12150
-3.96198 2.93688 -0.11980
-3.96257 2.93868 -0.11662
-3.96364 2.94018 -0.11446
-3.96375 2.94222 -0.11036
-3.96527 2.94342 -0.10921
-3.96678 2.94462 -0.10808
-3.96828 2.94582 -0.10694
-3.96954 2.94714 -0.10534
-3.97151 2.94807 -0.10517
-3.97430 2.95435 -0.09466
-3.97504 2.95585 -0.09222
-3.97624 2.95711 -0.09069
-3.97673 2.95870 -0.08784
-3.91485 2.91935 -0.11941
-3.91686 2.92030 -0.11924
-3.91886 2.92124 -0.11907
-3.92145 2.92172 -0.12040
-3.92346 2.92267 -0.12023
-3.92607 2.92315 -0.12157
-3.92809 2.92410 -0.12140
-3.93031 2.92490 -0.12173
-3.93274 2.92555 -0.12257
-3.93519 2.92619 -0.12342
-3.93764 2.92684 -0.12426
-3.94010 2.92750 -0.12512
-3.94257 2.92815 -0.12597
-3.94506 2.92881 -0.12683
-3.94710 2.92977 -0.12665
-3.94914 2.93074 -0.12648
-3.95118 2.93170 -0.12630
-3.95322 2.93266 -0.12613
-3.95503 2.93377 -0.12544
-3.95684 2.93488 -0.12475
-3.95817 2.93627 -0.12304
-3.95997 2.93738 -0.12235
-3.96153 2.93862 -0.12116
-3.96213 2.94041 -0.11796
-3.96296 2.94204 -0.11530
-3.96473 2.94312 -0.11463
-3.96483 2.94513 -0.11053
-3.96635 2.94633 -0.10939
-3.96809 2.94740 -0.10873
-3.96983 2.94846 -0.10808
-3.97085 2.94990 -0.10598
-3.97342 2.95627 -0.09500
-3.97440 2.95765 -0.09300
-3.97585 2.95879 -0.09193
-3.97634 2.96037 -0.08906
-3.97730 2.96172 -0.08711
-3.91595 2.92230 -0.11959
-3.91795 2.92324 -0.11941
-3.92073 2.92357 -0.12125
-3.92255 2.92467 -0.12058
-3.92536 2.92501 -0.12242
-3.92737 2.92596 -0.12225
-3.92939 2.92691 -0.12208
-3.93162 2.92771 -0.12241
-3.93447 2.92806 -0.12428
-3.93693 2.92871 -0.12513
-3.93939 2.92937 -0.12598
-3.94208 2.92988 -0.12736
-3.94435 2.93069 -0.12770
-3.94639 2.93166 -0.12752
-3.94844 2.93262 -0.12735
-3.95048 2.93359 -0.12717
-3.95252 2.93455 -0.12700
-3.95434 2.93566 -0.12631
-3.95591 2.93691 -0.12510
-3.95772 2.93802 -0.12441
-3.95905 2.93940 -0.12270
-3.96060 2.94064 -0.12151
-3.96051 2.94282 -0.11681
-3.96205 2.94404 -0.11564
-3.96287 2.94565 -0.11300
-3.96369 2.94724 -0.11038
-3.96544 2.94831 -0.10973
-3.96695 2.94950 -0.10859
-3.96822 2.95081 -0.10697
-3.96972 2.95199 -0.10584
-3.96931 2.95415 -0.10094
-3.97102 2.95519 -0.10030
-3.97321 2.95599 -0.10060
-3.97396 2.95750 -0.09810
-3.97471 2.95899 -0.09562
-3.97521 2.96059 -0.09271
-3.97618 2.96194 -0.09074
-3.97714 2.96329 -0.08878
-3.92666 2.92782 -0.12311
-3.92868 2.92877 -0.12293
-3.93152 2.92912 -0.12480
-3.93397 2.92978 -0.12565
-3.93643 2.93044 -0.12651
-3.93911 2.93095 -0.12788
-3.94137 2.93177 -0.12823
-3.94364 2.93258 -0.12857
-3.94591 2.93340 -0.12892
-3.94796 2.93437 -0.12874
-3.94978 2.93548 -0.12804
-3.95159 2.93659 -0.12735
-3.95341 2.93770 -0.12666
-3.95475 2.93908 -0.12494
-3.95609 2.94046 -0.12323
-3.95766 2.94170 -0.12203
-3.95805 2.94361 -0.11833
-3.95913 2.94509 -0.11616
-3.96067 2.94630 -0.11499
-3.96220 2.94751 -0.11384
-3.96349 2.94884 -0.11219
-3.96454 2.95029 -0.11007
-3.96582 2.95160 -0.10845
-3.96732 2.95278 -0.10731
-3.96787 2.95444 -0.10427
-3.96842 2.95609 -0.10127
-3.97014 2.95713 -0.10064
-3.97185 2.95816 -0.10000
-3.97332 2.95932 -0.09890
-3.97478 2.96046 -0.09780
-3.97457 2.96239 -0.09350
-3.97602 2.96352 -0.09243
-3.97675 2.96497 -0.09000
-3.93861 2.93269 -0.12927
-3.94066 2.93366 -0.12910
-3.94337 2.93418 -0.13049
-3.94564 2.93500 -0.13084
-3.94725 2.93626 -0.12961
-3.94907 2.93737 -0.12892
-3.95066 2.93862 -0.12770
-3.95179 2.94015 -0.12546
-3.95291 2.94167 -0.12324
-3.95471 2.94276 -0.12256
-3.95512 2.94466 -0.11885
-3.95621 2.94614 -0.11667
-3.95822 2.94709 -0.11650
-3.95953 2.94843 -0.11484
-3.96083 2.94975 -0.11319
-3.96165 2.95133 -0.11058
-3.96317 2.95251 -0.10944
-3.96492 2.95357 -0.10879
-3.96642 2.95475 -0.10765
-3.96792 2.95592 -0.10652
-3.96894 2.95732 -0.10444
-3.97019 2.95860 -0.10285
-3.97143 2.95987 -0.10127
-3.97243 2.96125 -0.09923
-3.97414 2.96228 -0.09860
-3.97488 2.96376 -0.09612
-3.97538 2.96532 -0.09321
-3.97659 2.96655 -0.09168
-3.97643 2.96815 -0.09338
-3.97763 2.96937 -0.09185
-4.02492 2.84073 -0.28906
-4.02483 2.84420 -0.28261
-3.94651 2.90432 -0.11505
-3.94852 2.90527 -0.11488
-3.95098 2.90587 -0.11570
-3.94559 2.90632 -0.11539
-3.94760 2.90727 -0.11522
-3.95006 2.90788 -0.11605
-3.95275 2.90832 -0.11738
-3.95477 2.90927 -0.11720
-3.95726 2.90989 -0.11804
-3.94468 2.90833 -0.11574
-3.94669 2.90928 -0.11557
-3.94914 2.90989 -0.11639
-3.95116 2.91084 -0.11622
-3.95340 2.91162 -0.11655
-3.95542 2.91257 -0.11638
-3.95766 2.91336 -0.11670
-3.94376 2.91033 -0.11609
-3.94577 2.91128 -0.11591
-3.94823 2.91189 -0.11674
-3.95024 2.91284 -0.11657
-3.95248 2.91363 -0.11690
-3.95450 2.91458 -0.11672
-3.95651 2.91553 -0.11655
-3.95853 2.91648 -0.11638
-3.94285 2.91233 -0.11643
-3.94508 2.91312 -0.11676
-3.94731 2.91390 -0.11709
-3.94932 2.91485 -0.11691
-3.95156 2.91564 -0.11724
-3.95358 2.91659 -0.11707
-3.95560 2.91754 -0.11690
-3.95738 2.91865 -0.11623
-3.95893 2.91992 -0.11506
-3.94661 2.91575 -0.11793
-3.94908 2.91637 -0.11877
-3.95110 2.91733 -0.11859
-3.95334 2.91812 -0.11893
-3.95537 2.91907 -0.11875
-3.95669 2.92050 -0.11707
-3.95848 2.92161 -0.11640
-3.96026 2.92272 -0.11573
-3.96203 2.92382 -0.11506
-3.94860 2.91806 -0.12013
-3.95063 2.91902 -0.11995
-3.95265 2.91997 -0.11978
-3.95467 2.92093 -0.11961
-3.95647 2.92204 -0.11893
-3.95826 2.92315 -0.11825
-3.95981 2.92441 -0.11707
-3.96135 2.92567 -0.11590
-3.96242 2.92722 -0.11374
-3.91541 2.90748 -0.11803
-3.94835 2.91960 -0.12200
-3.95038 2.92056 -0.12182
-3.95241 2.92152 -0.12165
-3.95444 2.92247 -0.12148
-3.95601 2.92374 -0.12029
-3.95757 2.92501 -0.11910
-3.95936 2.92612 -0.11843
-3.96020 2.92783 -0.11575
-3.96151 2.92922 -0.11409
-3.96328 2.93031 -0.11342
-3.96504 2.93141 -0.11276
-3.91468 2.90931 -0.11888
-3.91650 2.91042 -0.11820
-3.94991 2.92227 -0.12319
-3.95194 2.92323 -0.12302
-3.95375 2.92434 -0.12234
-3.95555 2.92545 -0.12165
-3.95688 2.92687 -0.11996
-3.95867 2.92798 -0.11928
-3.95929 2.92983 -0.11610
-3.96060 2.93122 -0.11443
-3.96237 2.93231 -0.11377
-3.96413 2.93340 -0.11310
-3.96613 2.93434 -0.11293
-3.96789 2.93543 -0.11227
-3.91415 2.91097 -0.12022
-3.91578 2.91225 -0.11905
-3.91759 2.91336 -0.11838
-3.91960 2.91431 -0.11821
-3.92160 2.91525 -0.11804
-3.92822 2.91761 -0.11902
-3.93668 2.92109 -0.11934
-3.93955 2.92141 -0.12118
-3.94201 2.92205 -0.12202
-3.94447 2.92269 -0.12287
-3.94673 2.92349 -0.12321
-3.94898 2.92429 -0.12354
-3.95102 2.92525 -0.12337
-3.95305 2.92621 -0.12320
-3.95485 2.92732 -0.12251
-3.95642 2.92859 -0.12132
-3.95798 2.92984 -0.12013
-3.95861 2.93168 -0.11694
-3.96015 2.93293 -0.11577
-3.96169 2.93416 -0.11461
-3.96369 2.93511 -0.11443
-3.96570 2.93605 -0.11426
-3.96746 2.93714 -0.11360
-3.96922 2.93822 -0.11293
-3.97122 2.93917 -0.11276
-3.97322 2.94011 -0.11259
-3.97449 2.94146 -0.11094
-3.97648 2.94240 -0.11077
-3.97847 2.94335 -0.11060
-3.98097 2.94402 -0.11141
-3.98272 2.94509 -0.11075
-3.91524 2.91392 -0.12040
-3.91687 2.91520 -0.11922
-3.91888 2.91614 -0.11905
-3.92088 2.91709 -0.11888
-3.92328 2.91772 -0.11971
-3.93013 2.91993 -0.12121
-3.93174 2.92119 -0.12003
-3.93375 2.92214 -0.11986
-3.93576 2.92309 -0.11968
-3.93842 2.92358 -0.12102
-3.94087 2.92422 -0.12186
-3.94333 2.92487 -0.12271
-3.94558 2.92567 -0.12305
-3.94806 2.92632 -0.12389
-3.95009 2.92728 -0.12372
-3.95212 2.92824 -0.12355
-3.95416 2.92920 -0.12337
-3.95596 2.93031 -0.12269
-3.95729 2.93171 -0.12099
-3.95792 2.93354 -0.11779
-3.95947 2.93478 -0.11662
-3.96124 2.93587 -0.11594
-3.96325 2.93682 -0.11577
-3.96502 2.93791 -0.11510
-3.96679 2.93899 -0.11444
-3.96855 2.94008 -0.11377
-3.97031 2.94116 -0.11310
-3.97231 2.94210 -0.11293
-3.97358 2.94345 -0.11129
-3.97607 2.94412 -0.11210
-3.97806 2.94507 -0.11193
-3.98006 2.94601 -0.11176
-3.98181 2.94708 -0.11110
-3.98355 2.94816 -0.11043
-3.98580 2.94897 -0.11075
-3.91634 2.91687 -0.12057
-3.91816 2.91798 -0.11990
-3.92036 2.91877 -0.12023
-3.92921 2.92194 -0.12156
-3.93082 2.92320 -0.12037
-3.93283 2.92415 -0.12020
-3.93485 2.92510 -0.12003
-3.93707 2.92590 -0.12036
-3.93973 2.92639 -0.12171
-3.94219 2.92704 -0.12255
-3.94465 2.92769 -0.12339
-3.94691 2.92850 -0.12373
-3.94916 2.92931 -0.12407
-3.95120 2.93027 -0.12390
-3.95323 2.93123 -0.12372
-3.95527 2.93218 -0.12355
-3.95684 2.93344 -0.12235
-3.95793 2.93498 -0.12015
-3.95902 2.93650 -0.11796
-3.96056 2.93773 -0.11679
-3.96257 2.93868 -0.11662
-3.96435 2.93977 -0.11595
-3.96612 2.94085 -0.11528
-3.96764 2.94207 -0.11411
-3.96940 2.94315 -0.11345
-3.97067 2.94450 -0.11180
-3.97267 2.94544 -0.11163
-3.97466 2.94638 -0.11146
-3.97666 2.94732 -0.11129
-3.97865 2.94826 -0.11112
-3.98065 2.94920 -0.11095
-3.98214 2.95040 -0.10980
-3.98413 2.95134 -0.10963
-3.98053 2.96228 -0.08380
-3.92567 2.92346 -0.12056
-3.92789 2.92426 -0.12089
-3.92970 2.92536 -0.12022
-3.93171 2.92631 -0.12005
-3.93372 2.92726 -0.11987
-3.93573 2.92821 -0.11970
-3.93817 2.92886 -0.12054
-3.94105 2.92921 -0.12239
-3.94351 2.92987 -0.12323
-3.94576 2.93067 -0.12357
-3.94824 2.93133 -0.12442
-3.95027 2.93229 -0.12425
-3.95254 2.93311 -0.12459
-3.95457 2.93407 -0.12441
-3.95614 2.93532 -0.12321
-3.95771 2.93656 -0.12202
-3.95880 2.93809 -0.11982
-3.96012 2.93946 -0.11814
-3.96189 2.94055 -0.11746
-3.96367 2.94163 -0.11679
-3.96544 2.94272 -0.11612
-3.96673 2.94407 -0.11446
-3.96801 2.94541 -0.11281
-3.96977 2.94649 -0.11214
-3.97176 2.94743 -0.11197
-3.97351 2.94850 -0.11131
-3.97526 2.94956 -0.11065
-3.97725 2.95050 -0.11048
-3.97924 2.95144 -0.11031
-3.98023 2.95288 -0.10820
-3.98171 2.95406 -0.10706
-3.98193 2.95585 -0.10354
-3.98166 2.95784 -0.09913
-3.97896 2.96094 -0.09024
-3.98088 2.96184 -0.09008
-3.97967 2.96417 -0.08413
-3.97966 2.96591 -0.08048
-3.92456 2.92562 -0.12040
-3.92657 2.92657 -0.12023
-3.92858 2.92752 -0.12006
-3.93038 2.92862 -0.11939
-3.93239 2.92956 -0.11921
-3.93440 2.93051 -0.11904
-3.93683 2.93116 -0.11987
-3.93991 2.93138 -0.12223
-3.94237 2.93203 -0.12307
-3.94484 2.93270 -0.12392
-3.94731 2.93336 -0.12477
-3.94935 2.93432 -0.12460
-3.95161 2.93513 -0.12494
-3.95364 2.93609 -0.12476
-3.95568 2.93705 -0.12459
-3.95678 2.93858 -0.12237
-3.95788 2.94010 -0.12017
-3.95943 2.94133 -0.11899
-3.96121 2.94242 -0.11831
-3.96275 2.94364 -0.11714
-3.96453 2.94472 -0.11647
-3.96582 2.94606 -0.11480
-3.96710 2.94740 -0.11315
-3.96886 2.94847 -0.11249
-3.97061 2.94954 -0.11183
-3.96995 2.95187 -0.10632
-3.97097 2.95329 -0.10424
-3.97536 2.95299 -0.10888
-3.97833 2.95343 -0.11066
-3.98032 2.95437 -0.11049
-3.98131 2.95579 -0.10837
-3.97882 2.95886 -0.09963
-3.97570 2.96217 -0.08984
-3.97762 2.96307 -0.08967
-3.97738 2.96495 -0.08550
-3.97928 2.96584 -0.08534
-3.97975 2.96737 -0.08254
-3.92766 2.92952 -0.12041
-3.92927 2.93076 -0.11923
-3.93127 2.93171 -0.11906
-3.93349 2.93251 -0.11939
-3.93570 2.93331 -0.11972
-3.93899 2.93339 -0.12258
-3.94145 2.93405 -0.12342
-3.94391 2.93472 -0.12427
-3.94639 2.93539 -0.12512
-3.94842 2.93635 -0.12495
-3.95068 2.93716 -0.12529
-3.95272 2.93812 -0.12511
-3.95452 2.93923 -0.12442
-3.95609 2.94046 -0.12323
-3.95742 2.94184 -0.12153
-3.95898 2.94306 -0.12034
-3.96076 2.94415 -0.11966
-3.96231 2.94537 -0.11848
-3.96385 2.94659 -0.11731
-3.96538 2.94780 -0.11614
-3.96691 2.94900 -0.11498
-3.96819 2.95033 -0.11332
-3.97189 2.95038 -0.11662
-3.97842 2.95683 -0.10888
-3.97817 2.95884 -0.10439
-3.97246 2.96339 -0.08943
-3.97204 2.96537 -0.08483
-3.97393 2.96626 -0.08466
-3.97582 2.96715 -0.08450
-3.97700 2.96836 -0.08303
-3.97865 2.96935 -0.08243
-3.92856 2.93262 -0.12008
-3.93056 2.93357 -0.11991
-3.93257 2.93451 -0.11973
-3.93500 2.93517 -0.12057
-3.93828 2.93526 -0.12343
-3.94096 2.93578 -0.12479
-3.94343 2.93645 -0.12564
-3.94546 2.93741 -0.12547
-3.94749 2.93837 -0.12530
-3.94975 2.93919 -0.12564
-3.95179 2.94015 -0.12546
-3.95383 2.94111 -0.12529
-3.95563 2.94221 -0.12460
-3.95697 2.94358 -0.12289
-3.95853 2.94481 -0.12170
-3.96055 2.94576 -0.12153
-3.96234 2.94685 -0.12085
-3.96364 2.94820 -0.11916
-3.96566 2.94915 -0.11899
-3.96768 2.95010 -0.11882
-3.97043 2.95067 -0.12016
-3.97319 2.95123 -0.12150
-3.96627 2.96600 -0.08328
-3.96748 2.96720 -0.08182
-3.96935 2.96809 -0.08165
-3.97100 2.96908 -0.08106
-3.97334 2.96976 -0.08177
-3.97521 2.97064 -0.08161
-4.05817 2.87038 -0.27189
-4.06291 2.87036 -0.27600
-3.97950 2.92407 -0.11284
-3.98172 2.92496 -0.11315
-3.98394 2.92586 -0.11346
-3.98668 2.92644 -0.11479
-3.98022 2.92725 -0.11252
-3.98244 2.92815 -0.11283
-3.98491 2.92889 -0.11365
-3.98764 2.92947 -0.11497
-3.98963 2.93053 -0.11478
-3.97920 2.92922 -0.11289
-3.98118 2.93027 -0.11270
-3.98340 2.93117 -0.11302
-3.98587 2.93192 -0.11383
-3.98811 2.93282 -0.11415
-3.99009 2.93387 -0.11396
-3.99207 2.93493 -0.11377
-3.97699 2.93195 -0.11077
-3.97919 2.93285 -0.11108
-3.98140 2.93374 -0.11139
-3.98387 2.93449 -0.11220
-3.98584 2.93554 -0.11201
-3.98781 2.93659 -0.11182
-3.98903 2.93808 -0.11014
-3.99049 2.93942 -0.10896
-3.97819 2.93481 -0.11145
-3.98039 2.93571 -0.11176
-3.98285 2.93646 -0.11257
-3.98483 2.93751 -0.11238
-3.98680 2.93856 -0.11219
-3.98777 2.94019 -0.11001
-3.98948 2.94138 -0.10933
-3.99069 2.94285 -0.10766
-3.97814 2.93618 -0.11382
-3.98036 2.93708 -0.11413
-3.98258 2.93799 -0.11445
-3.98456 2.93904 -0.11426
-3.98629 2.94024 -0.11357
-3.98751 2.94172 -0.11187
-3.98872 2.94319 -0.11019
-3.98993 2.94466 -0.10852
-3.99164 2.94584 -0.10784
-3.94036 2.92021 -0.11457
-3.94192 2.92158 -0.11339
-3.98008 2.93861 -0.11602
-3.98230 2.93952 -0.11634
-3.98429 2.94058 -0.11615
-3.98602 2.94178 -0.11545
-3.98725 2.94326 -0.11375
-3.98847 2.94473 -0.11206
-3.98968 2.94620 -0.11038
-3.99089 2.94765 -0.10870
-3.99259 2.94883 -0.10802
-3.99429 2.95001 -0.10735
-3.99625 2.95105 -0.10716
-3.93996 2.92168 -0.11645
-3.94132 2.92321 -0.11475
-3.94287 2.92457 -0.11357
-3.94442 2.92593 -0.11239
-3.97955 2.94030 -0.11741
-3.98153 2.94136 -0.11722
-3.98352 2.94241 -0.11703
-3.98526 2.94361 -0.11633
-3.98699 2.94481 -0.11564
-3.98796 2.94642 -0.11343
-3.98867 2.94816 -0.11075
-3.98988 2.94961 -0.10907
-3.99159 2.95078 -0.10839
-3.99329 2.95196 -0.10771
-3.99499 2.95313 -0.10704
-3.99720 2.95404 -0.10734
-3.99916 2.95508 -0.10715
-3.94092 2.92469 -0.11663
-3.94187 2.92653 -0.11394
-3.94341 2.92788 -0.11275
-3.94537 2.92892 -0.11257
-3.94732 2.92996 -0.11238
-3.94928 2.93100 -0.11219
-3.95123 2.93205 -0.11201
-3.97654 2.94122 -0.11797
-3.97853 2.94228 -0.11778
-3.98051 2.94334 -0.11759
-3.98250 2.94439 -0.11740
-3.98449 2.94545 -0.11721
-3.98622 2.94665 -0.11652
-3.98745 2.94812 -0.11481
-3.98792 2.94998 -0.11161
-3.98938 2.95129 -0.11043
-3.99059 2.95273 -0.10876
-3.99178 2.95417 -0.10710
-3.99373 2.95520 -0.10691
-3.99569 2.95624 -0.10673
-3.99790 2.95716 -0.10703
-3.99959 2.95832 -0.10635
-4.00076 2.95973 -0.10471
-4.00244 2.96089 -0.10403
-4.00307 2.96253 -0.10144
-4.00396 2.96403 -0.09934
-4.00536 2.96529 -0.09820
-4.00729 2.96632 -0.09802
-4.00921 2.96734 -0.09784
-4.01113 2.96837 -0.09765
-4.01387 2.96905 -0.09889
-4.01607 2.96996 -0.09919
-4.01800 2.97099 -0.09900
-4.02244 2.97101 -0.10314
-3.94106 2.92833 -0.11481
-3.94262 2.92968 -0.11362
-3.94437 2.93087 -0.11294
-3.94632 2.93191 -0.11275
-3.94828 2.93295 -0.11256
-3.95044 2.93385 -0.11287
-3.95261 2.93474 -0.11318
-3.97330 2.94229 -0.11803
-3.97552 2.94320 -0.11835
-3.97751 2.94426 -0.11816
-3.97950 2.94532 -0.11797
-3.98148 2.94637 -0.11778
-3.98347 2.94743 -0.11759
-3.98545 2.94849 -0.11740
-3.98694 2.94982 -0.11619
-3.98766 2.95154 -0.11348
-3.98887 2.95299 -0.11180
-3.98983 2.95456 -0.10962
-3.99129 2.95586 -0.10845
-3.99299 2.95702 -0.10777
-3.99469 2.95819 -0.10710
-3.99664 2.95923 -0.10691
-3.99781 2.96064 -0.10526
-3.99924 2.96191 -0.10410
-4.00041 2.96331 -0.10247
-4.00105 2.96493 -0.09989
-4.00220 2.96630 -0.09828
-4.00360 2.96756 -0.09715
-4.00499 2.96880 -0.09602
-4.00691 2.96982 -0.09584
-4.00882 2.97084 -0.09566
-4.01153 2.97153 -0.09689
-4.01508 2.97189 -0.09955
-4.01701 2.97292 -0.09937
-4.01894 2.97395 -0.09918
-3.94182 2.93148 -0.11449
-3.94357 2.93267 -0.11380
-3.94553 2.93371 -0.11362
-3.94748 2.93475 -0.11343
-3.94944 2.93580 -0.11324
-3.95161 2.93669 -0.11355
-3.95378 2.93759 -0.11386
-3.95596 2.93849 -0.11417
-3.95793 2.93953 -0.11399
-3.96033 2.94029 -0.11480
-3.96298 2.94091 -0.11612
-3.96518 2.94181 -0.11644
-3.96739 2.94272 -0.11675
-3.96959 2.94363 -0.11707
-3.97205 2.94441 -0.11789
-3.97427 2.94532 -0.11821
-3.97625 2.94638 -0.11802
-3.97848 2.94730 -0.11834
-3.98046 2.94835 -0.11815
-3.98245 2.94941 -0.11796
-3.98444 2.95047 -0.11777
-3.98642 2.95153 -0.11758
-3.98765 2.95298 -0.11587
-3.98862 2.95456 -0.11367
-3.98933 2.95625 -0.11098
-3.99079 2.95755 -0.10981
-3.99224 2.95885 -0.10863
-3.99419 2.95989 -0.10845
-3.99589 2.96105 -0.10777
-3.99682 2.96258 -0.10562
-3.99825 2.96385 -0.10447
-3.99839 2.96571 -0.10091
-3.99980 2.96697 -0.09977
-4.00070 2.96845 -0.09769
-4.00210 2.96969 -0.09657
-4.00401 2.97071 -0.09638
-4.00593 2.97173 -0.09620
-4.00732 2.97297 -0.09508
-4.00923 2.97398 -0.09490
-4.01274 2.97436 -0.09754
-4.01631 2.97651 -0.09670
-4.01823 2.97753 -0.09651
-4.00802 2.98313 -0.07556
-3.94256 2.93462 -0.11417
-3.94452 2.93566 -0.11398
-3.94648 2.93671 -0.11380
-3.94844 2.93775 -0.11361
-3.95039 2.93879 -0.11342
-3.95256 2.93969 -0.11373
-3.95474 2.94059 -0.11405
-3.95692 2.94149 -0.11436
-3.95888 2.94253 -0.11417
-3.96152 2.94316 -0.11548
-3.96394 2.94392 -0.11630
-3.96614 2.94483 -0.11662
-3.96812 2.94589 -0.11643
-3.97056 2.94666 -0.11725
-3.97277 2.94758 -0.11757
-3.97523 2.94836 -0.11840
-3.97722 2.94941 -0.11821
-3.97944 2.95033 -0.11853
-3.98143 2.95139 -0.11834
-3.98342 2.95245 -0.11815
-3.98540 2.95351 -0.11796
-3.98714 2.95469 -0.11726
-3.98861 2.95601 -0.11606
-3.98983 2.95745 -0.11435
-3.99029 2.95926 -0.11117
-3.99199 2.96042 -0.11048
-3.99319 2.96184 -0.10881
-3.99515 2.96288 -0.10863
-3.99607 2.96440 -0.10648
-3.99725 2.96579 -0.10483
-3.99740 2.96763 -0.10128
-3.99881 2.96888 -0.10014
-3.99971 2.97036 -0.09805
-4.00112 2.97160 -0.09693
-4.00200 2.97305 -0.09487
-4.00495 2.97364 -0.09656
-4.00660 2.97476 -0.09591
-4.00851 2.97578 -0.09573
-4.00780 2.97784 -0.09090
-4.00355 2.98125 -0.07992
-4.00465 2.98252 -0.07843
-4.00549 2.98389 -0.07651
-4.00683 2.98506 -0.07547
-3.94352 2.93761 -0.11435
-3.94547 2.93866 -0.11417
-3.94743 2.93970 -0.11398
-3.94939 2.94074 -0.11379
-3.95135 2.94178 -0.11360
-3.95330 2.94282 -0.11342
-3.95569 2.94359 -0.11423
-3.95788 2.94449 -0.11454
-3.95984 2.94554 -0.11435
-3.96203 2.94644 -0.11466
-3.96399 2.94749 -0.11448
-3.96664 2.94813 -0.11579
-3.96908 2.94890 -0.11661
-3.97152 2.94969 -0.11744
-3.97374 2.95060 -0.11775
-3.97620 2.95139 -0.11858
-3.97843 2.95231 -0.11890
-3.98041 2.95337 -0.11871
-3.98240 2.95443 -0.11852
-3.98438 2.95549 -0.11833
-3.98637 2.95654 -0.11814
-3.98810 2.95773 -0.11744
-3.98907 2.95929 -0.11523
-3.99079 2.96047 -0.11454
-3.99124 2.96226 -0.11135
-3.99295 2.96342 -0.11067
-3.99414 2.96483 -0.10900
-3.99507 2.96634 -0.10685
-3.99677 2.96749 -0.10617
-3.99641 2.96955 -0.10164
-3.99783 2.97080 -0.10050
-3.99848 2.97238 -0.09794
-3.99861 2.97415 -0.09448
-4.00026 2.97527 -0.09383
-4.00370 2.97565 -0.09645
-4.00614 2.97646 -0.09721
-4.00075 2.98211 -0.08045
-4.00235 2.98319 -0.07983
-4.00370 2.98437 -0.07878
-4.00505 2.98554 -0.07773
-4.00639 2.98670 -0.07668
-3.94643 2.94165 -0.11435
-3.94839 2.94269 -0.11416
-3.95034 2.94373 -0.11397
-3.95230 2.94478 -0.11379
-3.95469 2.94554 -0.11460
-3.95687 2.94645 -0.11491
-3.95883 2.94749 -0.11472
-3.96079 2.94854 -0.11453
-3.96298 2.94945 -0.11485
-3.96495 2.95049 -0.11466
-3.96783 2.95101 -0.11648
-3.97051 2.95166 -0.11781
-3.97272 2.95258 -0.11813
-3.97542 2.95324 -0.11947
-3.97741 2.95429 -0.11928
-3.97939 2.95535 -0.11909
-3.98163 2.95628 -0.11941
-3.98361 2.95734 -0.11922
-3.98560 2.95840 -0.11903
-3.98734 2.95958 -0.11833
-3.98907 2.96076 -0.11763
-3.99004 2.96231 -0.11541
-3.99074 2.96397 -0.11272
-3.99220 2.96526 -0.11153
-3.99314 2.96678 -0.10936
-3.99484 2.96793 -0.10869
-3.99602 2.96932 -0.10703
-3.99542 2.97148 -0.10200
-3.99684 2.97272 -0.10086
-3.99724 2.97440 -0.09783
-3.99764 2.97605 -0.09484
-3.99878 2.97738 -0.09326
-4.00170 2.97798 -0.09494
-3.99980 2.98396 -0.08080
-4.00116 2.98513 -0.07974
-4.00226 2.98639 -0.07825
-4.00360 2.98756 -0.07721
-4.00544 2.98854 -0.07703
-3.95194 2.94631 -0.11565
-3.95390 2.94736 -0.11547
-3.95586 2.94840 -0.11528
-3.95805 2.94932 -0.11559
-3.96001 2.95036 -0.11540
-3.96175 2.95154 -0.11472
-3.96417 2.95232 -0.11553
-3.96682 2.95297 -0.11685
-3.96949 2.95363 -0.11818
-3.97242 2.95416 -0.12003
-3.97440 2.95522 -0.11984
-3.97639 2.95627 -0.11965
-3.97862 2.95720 -0.11997
-3.98085 2.95813 -0.12029
-3.98284 2.95919 -0.12010
-3.98483 2.96025 -0.11991
-3.98657 2.96144 -0.11921
-3.98831 2.96262 -0.11851
-3.98927 2.96416 -0.11629
-3.99100 2.96534 -0.11560
-3.99144 2.96710 -0.11240
-3.99264 2.96849 -0.11072
-3.99409 2.96977 -0.10955
-3.99502 2.97126 -0.10739
-3.99468 2.97329 -0.10285
-3.99636 2.97443 -0.10218
-3.99778 2.97567 -0.10104
-3.99817 2.97732 -0.09801
-3.99882 2.97886 -0.09548
-3.99700 2.98482 -0.08132
-3.99763 2.98627 -0.07895
-3.99922 2.98734 -0.07834
-4.00082 2.98841 -0.07773
-4.00241 2.98948 -0.07712
-3.96316 2.95428 -0.11590
-3.96581 2.95494 -0.11722
-3.96871 2.95547 -0.11906
-3.97164 2.95601 -0.12092
-4.07037 2.86862 -0.28553
-4.06768 2.87211 -0.28333
-4.07032 2.87352 -0.28308
-4.06985 2.87687 -0.27662
-4.07114 2.87907 -0.27375
-4.06416 2.87917 -0.27386
-4.06676 2.88055 -0.27362
-4.06849 2.88247 -0.27163
-4.07109 2.88385 -0.27138
-3.98612 2.93176 -0.11434
-3.98836 2.93266 -0.11465
-3.99060 2.93357 -0.11497
-3.99258 2.93463 -0.11478
-3.99509 2.93538 -0.11560
-3.98511 2.93374 -0.11471
-3.98709 2.93479 -0.11452
-3.98907 2.93585 -0.11433
-3.99131 2.93676 -0.11465
-3.99329 2.93781 -0.11446
-3.99528 2.93887 -0.11427
-3.98384 2.93586 -0.11458
-3.98607 2.93677 -0.11489
-3.98806 2.93783 -0.11470
-3.99029 2.93873 -0.11502
-3.99202 2.93994 -0.11433
-3.99349 2.94128 -0.11313
-3.99495 2.94262 -0.11194
-3.98283 2.93784 -0.11495
-3.98506 2.93875 -0.11527
-3.98704 2.93980 -0.11508
-3.98927 2.94071 -0.11539
-3.99100 2.94191 -0.11470
-3.99273 2.94311 -0.11401
-3.99368 2.94473 -0.11181
-3.99565 2.94578 -0.11162
-3.94491 2.92181 -0.11570
-3.94583 2.92366 -0.11301
-3.94758 2.92487 -0.11233
-3.94954 2.92591 -0.11214
-3.98206 2.93967 -0.11583
-3.98429 2.94058 -0.11615
-3.98652 2.94149 -0.11647
-3.98851 2.94255 -0.11628
-3.99050 2.94361 -0.11609
-3.99197 2.94494 -0.11488
-3.99292 2.94656 -0.11268
-3.99464 2.94774 -0.11199
-3.99635 2.94893 -0.11130
-3.94390 2.92378 -0.11607
-3.94504 2.92546 -0.11388
-3.94679 2.92666 -0.11319
-3.94854 2.92786 -0.11251
-3.95028 2.92906 -0.11183
-3.95224 2.93010 -0.11164
-3.95419 2.93114 -0.11145
-3.95615 2.93218 -0.11126
-3.98352 2.94241 -0.11703
-3.98551 2.94347 -0.11684
-3.98749 2.94453 -0.11665
-3.98948 2.94559 -0.11646
-3.99146 2.94664 -0.11627
-3.99293 2.94798 -0.11507
-3.99388 2.94958 -0.11286
-3.99560 2.95076 -0.11218
-3.99705 2.95208 -0.11099
-3.99850 2.95339 -0.10981
-3.94414 2.92478 -0.11948
-3.94445 2.92710 -0.11525
-3.94599 2.92846 -0.11406
-3.94774 2.92966 -0.11337
-3.94949 2.93085 -0.11269
-3.95123 2.93205 -0.11201
-3.95319 2.93309 -0.11182
-3.95514 2.93413 -0.11163
-3.98250 2.94439 -0.11740
-3.98449 2.94545 -0.11721
-3.98672 2.94637 -0.11753
-3.98871 2.94743 -0.11734
-3.99070 2.94849 -0.11715
-3.99243 2.94968 -0.11645
-3.99364 2.95114 -0.11475
-3.99459 2.95273 -0.11255
-3.99578 2.95417 -0.11086
-3.99723 2.95548 -0.10968
-3.99893 2.95665 -0.10900
-4.00063 2.95782 -0.10832
-3.94489 2.92797 -0.11915
-3.94540 2.93011 -0.11543
-3.94695 2.93146 -0.11424
-3.94870 2.93265 -0.11356
-3.95044 2.93385 -0.11287
-3.95240 2.93489 -0.11269
-3.95436 2.93593 -0.11250
-3.98148 2.94637 -0.11778
-3.98372 2.94729 -0.11810
-3.98596 2.94821 -0.11842
-3.98820 2.94914 -0.11874
-3.98994 2.95033 -0.11804
-3.99167 2.95153 -0.11734
-3.99340 2.95272 -0.11664
-3.99435 2.95430 -0.11443
-3.99555 2.95574 -0.11273
-3.99674 2.95718 -0.11104
-3.99819 2.95848 -0.10986
-3.99963 2.95977 -0.10869
-4.00106 2.96106 -0.10752
-4.00170 2.96271 -0.10489
-4.00339 2.96386 -0.10421
-4.00613 2.96454 -0.10549
-4.00808 2.96558 -0.10530
-4.00306 2.98022 -0.07170
-3.94481 2.93176 -0.11681
-3.94636 2.93311 -0.11561
-3.94811 2.93431 -0.11493
-3.94986 2.93550 -0.11424
-3.95140 2.93684 -0.11305
-3.95335 2.93788 -0.11287
-3.95553 2.93878 -0.11318
-3.97848 2.94730 -0.11834
-3.98046 2.94835 -0.11815
-3.98270 2.94927 -0.11847
-3.98494 2.95020 -0.11879
-3.98718 2.95112 -0.11912
-3.98917 2.95218 -0.11892
-3.99065 2.95351 -0.11771
-3.99264 2.95457 -0.11752
-3.99411 2.95589 -0.11632
-3.99557 2.95720 -0.11511
-3.99651 2.95876 -0.11291
-3.99770 2.96019 -0.11123
-3.99967 2.96123 -0.11104
-4.00163 2.96228 -0.11085
-4.00360 2.96333 -0.11066
-4.00530 2.96449 -0.10998
-4.00726 2.96554 -0.10979
-4.00869 2.96682 -0.10861
-4.01092 2.96775 -0.10892
-4.01343 2.96856 -0.10972
-4.00114 2.98242 -0.07035
-4.00272 2.98348 -0.06975
-4.00429 2.98454 -0.06916
-4.00659 2.98532 -0.06983
-4.00841 2.98629 -0.06965
-3.94577 2.93477 -0.11699
-3.94732 2.93612 -0.11580
-3.94907 2.93731 -0.11511
-3.95103 2.93835 -0.11492
-3.95299 2.93940 -0.11473
-3.95496 2.94044 -0.11454
-3.95714 2.94135 -0.11486
-3.96928 2.94519 -0.11897
-3.97150 2.94610 -0.11929
-3.97349 2.94716 -0.11910
-3.97547 2.94822 -0.11891
-3.97746 2.94928 -0.11872
-3.97944 2.95033 -0.11853
-3.98143 2.95139 -0.11834
-3.98367 2.95232 -0.11866
-3.98590 2.95324 -0.11898
-3.98789 2.95430 -0.11879
-3.98963 2.95549 -0.11809
-3.99162 2.95655 -0.11790
-3.99335 2.95774 -0.11720
-3.99507 2.95892 -0.11650
-3.99628 2.96035 -0.11479
-3.99773 2.96165 -0.11360
-3.99944 2.96283 -0.11291
-4.00115 2.96400 -0.11222
-4.00259 2.96529 -0.11103
-4.00429 2.96645 -0.11035
-4.00625 2.96750 -0.11016
-4.00768 2.96878 -0.10898
-4.00964 2.96982 -0.10880
-4.01215 2.97064 -0.10960
-4.00070 2.98404 -0.07154
-4.00179 2.98529 -0.07009
-4.00336 2.98635 -0.06950
-4.00517 2.98731 -0.06932
-4.00698 2.98828 -0.06915
-4.00905 2.98915 -0.06940
-3.94736 2.93734 -0.11869
-3.94912 2.93854 -0.11799
-3.95088 2.93973 -0.11730
-3.95285 2.94078 -0.11711
-3.95482 2.94183 -0.11692
-3.95701 2.94274 -0.11724
-3.95943 2.94351 -0.11806
-3.96186 2.94428 -0.11889
-3.96628 2.94611 -0.11953
-3.96826 2.94716 -0.11934
-3.97048 2.94808 -0.11966
-3.97247 2.94914 -0.11947
-3.97445 2.95020 -0.11928
-3.97644 2.95126 -0.11909
-3.97843 2.95231 -0.11890
-3.98041 2.95337 -0.11871
-3.98240 2.95443 -0.11852
-3.98463 2.95536 -0.11884
-3.98662 2.95641 -0.11865
-3.98861 2.95747 -0.11846
-3.99060 2.95853 -0.11827
-3.99259 2.95959 -0.11808
-3.99431 2.96077 -0.11738
-3.99578 2.96208 -0.11618
-3.99724 2.96338 -0.11498
-3.99869 2.96467 -0.11378
-4.00040 2.96584 -0.11309
-4.00158 2.96725 -0.11141
-4.00302 2.96853 -0.11022
-4.00471 2.96969 -0.10954
-4.00641 2.97085 -0.10886
-4.00864 2.97178 -0.10917
-4.01087 2.97271 -0.10947
-4.00086 2.98710 -0.07044
-4.00243 2.98815 -0.06984
-4.00424 2.98912 -0.06967
-4.00605 2.99009 -0.06949
-4.00812 2.99096 -0.06974
-3.94853 2.94022 -0.11938
-3.95030 2.94141 -0.11868
-3.95227 2.94246 -0.11850
-3.95424 2.94351 -0.11831
-3.95644 2.94443 -0.11863
-3.95842 2.94548 -0.11844
-3.96084 2.94625 -0.11926
-3.96305 2.94717 -0.11958
-3.96526 2.94809 -0.11990
-3.96725 2.94914 -0.11971
-3.96923 2.95020 -0.11953
-3.97121 2.95126 -0.11934
-3.97320 2.95231 -0.11915
-3.97542 2.95324 -0.11947
-3.97741 2.95429 -0.11928
-3.97939 2.95535 -0.11909
-3.98138 2.95641 -0.11890
-3.98361 2.95734 -0.11922
-3.98560 2.95840 -0.11903
-3.98759 2.95946 -0.11884
-3.98958 2.96051 -0.11865
-3.99157 2.96157 -0.11846
-3.99330 2.96275 -0.11776
-3.99528 2.96381 -0.11757
-3.99648 2.96523 -0.11586
-3.99820 2.96640 -0.11516
-3.99965 2.96769 -0.11397
-4.00110 2.96898 -0.11277
-4.00175 2.97060 -0.11010
-4.00344 2.97176 -0.10942
-4.00514 2.97291 -0.10874
-4.00709 2.97395 -0.10855
-4.00959 2.97478 -0.10935
-4.00977 2.98698 -0.08453
-4.00479 2.99040 -0.07255
-4.00661 2.99137 -0.07238
-4.00768 2.99260 -0.07093
-4.00950 2.99357 -0.07076
-3.95147 2.94429 -0.11938
-3.95345 2.94534 -0.11919
-3.95543 2.94640 -0.11900
-3.95740 2.94745 -0.11881
-3.95983 2.94823 -0.11964
-3.96203 2.94914 -0.11996
-3.96401 2.95020 -0.11977
-3.96623 2.95112 -0.12009
-3.96821 2.95218 -0.11990
-3.97020 2.95323 -0.11971
-3.97218 2.95429 -0.11952
-3.97416 2.95535 -0.11933
-3.97639 2.95627 -0.11965
-3.97838 2.95733 -0.11946
-3.98061 2.95826 -0.11978
-3.98259 2.95932 -0.11959
-3.98458 2.96038 -0.11940
-3.98657 2.96144 -0.11921
-3.98856 2.96250 -0.11902
-3.99029 2.96368 -0.11832
-3.99228 2.96473 -0.11813
-3.99400 2.96591 -0.11743
-3.99547 2.96721 -0.11623
-3.99693 2.96849 -0.11503
-3.99838 2.96978 -0.11384
-4.00009 2.97094 -0.11315
-4.00074 2.97255 -0.11047
-4.00191 2.97393 -0.10880
-4.00360 2.97508 -0.10812
-4.00556 2.97612 -0.10793
-4.00751 2.97716 -0.10775
-4.00719 2.98775 -0.08551
-4.00907 2.98875 -0.08533
-4.01068 2.98984 -0.08470
-4.00894 2.99207 -0.07833
-4.00977 2.99340 -0.07641
-4.00957 2.99505 -0.07280
-3.95639 2.94942 -0.11918
-3.95836 2.95047 -0.11899
-3.96079 2.95126 -0.11982
-3.96300 2.95218 -0.12014
-3.96498 2.95323 -0.11995
-3.96719 2.95416 -0.12027
-3.96894 2.95534 -0.11957
-3.97116 2.95627 -0.11989
-3.97315 2.95733 -0.11970
-3.97513 2.95838 -0.11951
-3.97711 2.95944 -0.11932
-3.97934 2.96037 -0.11965
-3.98158 2.96130 -0.11997
-3.98331 2.96248 -0.11927
-3.98530 2.96354 -0.11908
-3.98704 2.96472 -0.11838
-3.98851 2.96602 -0.11717
-3.99100 2.96683 -0.11800
-3.99273 2.96801 -0.11730
-3.99445 2.96918 -0.11660
-3.99540 2.97069 -0.11440
-3.99711 2.97186 -0.11371
-3.99778 2.97346 -0.11102
-3.99870 2.97495 -0.10886
-3.99961 2.97642 -0.10671
-4.00155 2.97745 -0.10653
-4.00350 2.97849 -0.10634
-4.00518 2.97963 -0.10567
-4.00712 2.98067 -0.10548
-4.00796 2.98732 -0.09243
-4.00803 2.98898 -0.08903
-4.00888 2.99034 -0.08704
-4.00972 2.99170 -0.08506
-4.00901 2.99357 -0.08043
-4.00958 2.99498 -0.07807
-3.95933 2.95349 -0.11918
-3.96153 2.95441 -0.11950
-3.96374 2.95534 -0.11982
-3.96595 2.95626 -0.12014
-3.96793 2.95732 -0.11995
-3.96991 2.95837 -0.11976
-3.97213 2.95930 -0.12008
-3.97435 2.96023 -0.12040
-3.97634 2.96129 -0.12021
-3.97832 2.96235 -0.12002
-3.98056 2.96328 -0.12034
-3.98230 2.96446 -0.11964
-3.98403 2.96564 -0.11894
-3.98577 2.96682 -0.11824
-3.98750 2.96799 -0.11754
-3.98999 2.96881 -0.11837
-3.99197 2.96987 -0.11818
-3.99395 2.97092 -0.11799
-3.99438 2.97266 -0.11477
-3.99636 2.97371 -0.11458
-3.99703 2.97531 -0.11189
-3.99769 2.97689 -0.10923
-4.00418 2.98157 -0.10604
-4.00613 2.98260 -0.10585
-4.00699 2.98921 -0.09278
-4.00707 2.99085 -0.08939
-4.07613 2.87476 -0.29240
-4.07742 2.87703 -0.28940
-4.07871 2.87928 -0.28642
-3.98861 2.93251 -0.11516
-3.99060 2.93357 -0.11497
-4.07546 2.88600 -0.27774
-3.98759 2.93449 -0.11553
-3.98958 2.93555 -0.11534
-3.99157 2.93661 -0.11515
-4.07274 2.89230 -0.27014
-3.98658 2.93647 -0.11591
-3.98856 2.93753 -0.11572
-3.99055 2.93859 -0.11553
-3.99253 2.93964 -0.11534
-3.99478 2.94056 -0.11565
-4.07703 2.89740 -0.27099
-3.98556 2.93845 -0.11628
-3.98754 2.93951 -0.11609
-3.98953 2.94057 -0.11590
-3.99151 2.94163 -0.11571
-3.99350 2.94268 -0.11552
-3.99549 2.94374 -0.11533
-4.07874 2.90112 -0.27210
-3.95254 2.92367 -0.11918
-3.95453 2.92473 -0.11899
-3.98652 2.94149 -0.11647
-3.98851 2.94255 -0.11628
-3.99050 2.94361 -0.11609
-3.99248 2.94466 -0.11590
-3.99447 2.94572 -0.11571
-3.99645 2.94678 -0.11552
-4.07253 2.90902 -0.25793
-3.94954 2.92460 -0.11975
-3.95153 2.92565 -0.11956
-3.95351 2.92671 -0.11937
-3.95549 2.92777 -0.11918
-3.95748 2.92882 -0.11899
-3.98749 2.94453 -0.11665
-3.98948 2.94559 -0.11646
-3.99146 2.94664 -0.11627
-3.99345 2.94770 -0.11608
-3.99518 2.94889 -0.11538
-3.99716 2.94995 -0.11519
-3.99836 2.95141 -0.11349
-3.99928 2.95299 -0.11130
-4.00020 2.95456 -0.10912
-3.94852 2.92657 -0.12012
-3.95051 2.92763 -0.11993
-3.95249 2.92869 -0.11974
-3.95470 2.92959 -0.12006
-3.95646 2.93080 -0.11936
-3.98846 2.94757 -0.11683
-3.99045 2.94862 -0.11664
-3.99243 2.94968 -0.11645
-3.99442 2.95074 -0.11627
-3.99614 2.95193 -0.11557
-3.99708 2.95351 -0.11336
-3.99775 2.95522 -0.11067
-3.99919 2.95652 -0.10949
-4.00089 2.95769 -0.10881
-3.94971 2.92945 -0.12082
-3.95169 2.93051 -0.12063
-3.95368 2.93157 -0.12044
-3.95566 2.93263 -0.12025
-3.95743 2.93383 -0.11955
-3.98769 2.94941 -0.11772
-3.98968 2.95047 -0.11753
-3.99193 2.95139 -0.11785
-3.99392 2.95245 -0.11766
-3.99538 2.95378 -0.11645
-3.99685 2.95509 -0.11525
-3.99752 2.95679 -0.11254
-3.99845 2.95835 -0.11036
-4.00015 2.95952 -0.10968
-4.00185 2.96069 -0.10899
-4.00302 2.96210 -0.10733
-3.95067 2.93249 -0.12100
-3.95266 2.93355 -0.12081
-3.95464 2.93461 -0.12062
-3.95641 2.93581 -0.11992
-3.95839 2.93687 -0.11973
-3.98892 2.95232 -0.11841
-3.99116 2.95324 -0.11873
-3.99315 2.95430 -0.11854
-3.99515 2.95536 -0.11835
-3.99609 2.95694 -0.11613
-3.99677 2.95863 -0.11342
-3.99796 2.96006 -0.11173
-3.99940 2.96136 -0.11054
-4.00084 2.96265 -0.10936
-4.00201 2.96405 -0.10770
-4.00265 2.96568 -0.10507
-4.00381 2.96707 -0.10343
-4.00575 2.96810 -0.10324
-3.94965 2.93447 -0.12138
-3.95164 2.93553 -0.12119
-3.95363 2.93659 -0.12100
-3.95539 2.93779 -0.12029
-3.95738 2.93885 -0.12010
-3.98789 2.95430 -0.11879
-3.99014 2.95523 -0.11911
-3.99213 2.95629 -0.11892
-3.99412 2.95735 -0.11873
-3.99533 2.95879 -0.11701
-3.99628 2.96035 -0.11479
-3.99747 2.96178 -0.11310
-3.99814 2.96344 -0.11042
-3.99984 2.96460 -0.10973
-4.00101 2.96600 -0.10807
-4.00165 2.96762 -0.10543
-4.00255 2.96912 -0.10331
-4.00449 2.97015 -0.10312
-4.00616 2.97129 -0.10246
-4.00783 2.97243 -0.10179
-4.00924 2.97368 -0.10065
-4.01090 2.97482 -0.09998
-4.01229 2.97606 -0.09885
-4.01340 2.97740 -0.09724
-4.01451 2.97873 -0.09565
-4.01643 2.97975 -0.09546
-4.01807 2.98087 -0.09481
-4.02026 2.98179 -0.09510
-4.02272 2.98261 -0.09585
-4.02464 2.98363 -0.09567
-4.02656 2.98465 -0.09549
-4.02848 2.98567 -0.09530
-3.95062 2.93751 -0.12156
-3.95261 2.93857 -0.12137
-3.95437 2.93977 -0.12067
-3.95636 2.94083 -0.12048
-3.98912 2.95722 -0.11949
-3.99137 2.95815 -0.11981
-3.99336 2.95921 -0.11962
-3.99431 2.96077 -0.11738
-3.99578 2.96208 -0.11618
-3.99672 2.96362 -0.11397
-3.99713 2.96539 -0.11079
-3.99883 2.96656 -0.11010
-4.00001 2.96795 -0.10844
-4.00092 2.96945 -0.10629
-4.00182 2.97094 -0.10416
-4.00376 2.97197 -0.10397
-4.00517 2.97322 -0.10282
-4.00658 2.97447 -0.10167
-4.00798 2.97572 -0.10053
-4.00964 2.97685 -0.09987
-4.01130 2.97798 -0.09921
-4.01242 2.97931 -0.09760
-4.01353 2.98064 -0.09601
-4.01491 2.98186 -0.09489
-4.01682 2.98288 -0.09470
-4.01900 2.98380 -0.09499
-4.02146 2.98462 -0.09574
-4.02338 2.98564 -0.09556
-4.02530 2.98666 -0.09538
-4.02693 2.98778 -0.09473
-3.95159 2.94055 -0.12174
-3.95358 2.94160 -0.12155
-3.95534 2.94280 -0.12085
-3.98585 2.95827 -0.11954
-3.98810 2.95920 -0.11986
-3.99035 2.96014 -0.12018
-3.99234 2.96120 -0.11999
-3.99355 2.96263 -0.11827
-3.99528 2.96381 -0.11757
-3.99622 2.96535 -0.11535
-3.99612 2.96735 -0.11116
-3.99757 2.96863 -0.10998
-3.99901 2.96990 -0.10880
-4.00018 2.97128 -0.10714
-4.00134 2.97265 -0.10549
-4.00303 2.97379 -0.10482
-4.00418 2.97515 -0.10319
-4.00532 2.97650 -0.10156
-4.00673 2.97774 -0.10042
-4.00839 2.97887 -0.09976
-4.00978 2.98010 -0.09862
-4.01117 2.98133 -0.09749
-4.01255 2.98255 -0.09637
-4.01366 2.98386 -0.09478
-4.01503 2.98507 -0.09366
-4.01667 2.98618 -0.09302
-4.01911 2.98701 -0.09376
-4.02102 2.98802 -0.09358
-4.02265 2.98913 -0.09294
-4.01965 2.99177 -0.08453
-4.01885 2.99364 -0.07991
-3.98259 2.95932 -0.11959
-3.98458 2.96038 -0.11940
-3.98682 2.96131 -0.11972
-3.98932 2.96212 -0.12056
-3.99132 2.96319 -0.12037
-3.99254 2.96461 -0.11864
-3.99426 2.96579 -0.11794
-3.99547 2.96721 -0.11623
-3.99537 2.96919 -0.11202
-3.99656 2.97058 -0.11035
-3.99800 2.97185 -0.10917
-3.99944 2.97311 -0.10800
-4.00061 2.97448 -0.10635
-4.00203 2.97573 -0.10519
-4.00319 2.97708 -0.10355
-4.00381 2.97864 -0.10097
-4.00548 2.97977 -0.10030
-4.00688 2.98100 -0.09917
-4.00827 2.98222 -0.09804
-4.00992 2.98334 -0.09738
-4.01104 2.98465 -0.09579
-4.01188 2.98606 -0.09374
-4.01352 2.98716 -0.09309
-4.01515 2.98827 -0.09245
-4.01625 2.98956 -0.09088
-4.01680 2.99102 -0.08841
-4.01681 2.99264 -0.08506
-4.01604 2.99451 -0.08043
-4.01658 2.99592 -0.07806
-3.95948 2.94979 -0.12154
-3.96147 2.95085 -0.12135
-3.96345 2.95191 -0.12116
-3.96544 2.95297 -0.12097
-3.96743 2.95402 -0.12078
-3.96941 2.95508 -0.12059
-3.97140 2.95614 -0.12041
-3.97338 2.95720 -0.12022
-3.97537 2.95825 -0.12003
-3.97736 2.95931 -0.11984
-3.97934 2.96037 -0.11965
-3.98133 2.96143 -0.11946
-3.98331 2.96248 -0.11927
-3.98580 2.96330 -0.12010
-3.98805 2.96423 -0.12042
-3.99004 2.96530 -0.12023
-3.99177 2.96648 -0.11953
-3.99350 2.96765 -0.11883
-3.99523 2.96883 -0.11813
-3.99540 2.97069 -0.11440
-3.99607 2.97231 -0.11171
-3.99726 2.97369 -0.11003
-3.99870 2.97495 -0.10886
-3.99987 2.97631 -0.10720
-4.00103 2.97767 -0.10556
-4.00245 2.97891 -0.10440
-4.00256 2.98066 -0.10085
-4.00449 2.98169 -0.10067
-4.00563 2.98301 -0.09906
-4.00728 2.98413 -0.09840
-4.00867 2.98535 -0.09727
-4.00927 2.98684 -0.09475
-4.01038 2.98814 -0.09317
-4.01175 2.98934 -0.09206
-4.01338 2.99044 -0.09142
-4.01448 2.99172 -0.08986
-4.01477 2.99325 -0.08695
-4.01401 2.99511 -0.08229
-4.01379 2.99677 -0.07859
-4.01537 2.99784 -0.07797
-3.95869 2.95164 -0.12243
-3.96045 2.95283 -0.12173
-3.96244 2.95389 -0.12154
-3.96442 2.95495 -0.12135
-3.96641 2.95600 -0.12116
-3.96839 2.95706 -0.12097
-3.97038 2.95812 -0.12078
-3.97237 2.95918 -0.12059
-3.97435 2.96023 -0.12040
-3.97634 2.96129 -0.12021
-3.97832 2.96235 -0.12002
-3.98031 2.96341 -0.11983
-3.98230 2.96446 -0.11964
-3.98478 2.96528 -0.12047
-3.98702 2.96622 -0.12080
-3.98902 2.96728 -0.12061
-3.99075 2.96846 -0.11990
-3.99248 2.96964 -0.11920
-3.99421 2.97081 -0.11850
-3.99464 2.97255 -0.11527
-3.99610 2.97382 -0.11408
-3.99677 2.97542 -0.11139
-3.99821 2.97668 -0.11022
-3.99939 2.97804 -0.10855
-4.00056 2.97939 -0.10690
-4.00172 2.98074 -0.10525
-4.00184 2.98248 -0.10169
-4.00350 2.98361 -0.10103
-4.00464 2.98492 -0.09942
-4.00630 2.98604 -0.09876
-4.00717 2.98745 -0.09669
-4.00777 2.98893 -0.09417
-4.00915 2.99013 -0.09306
-4.01052 2.99132 -0.09196
-4.01215 2.99242 -0.09132
-4.01272 2.99386 -0.08885
-4.01224 2.99564 -0.08460
-4.01228 2.99722 -0.08131
-4.01258 2.99870 -0.07850
-4.01365 2.99992 -0.07701
-3.96142 2.95587 -0.12191
-3.96340 2.95693 -0.12172
-3.96539 2.95798 -0.12153
-3.96738 2.95904 -0.12134
-3.96936 2.96010 -0.12115
-3.97135 2.96116 -0.12096
-3.97333 2.96221 -0.12077
-3.97532 2.96327 -0.12058
-3.97731 2.96433 -0.12039
-3.97929 2.96539 -0.12020
-3.98128 2.96644 -0.12001
-3.98376 2.96726 -0.12085
-3.98600 2.96821 -0.12117
-3.98799 2.96927 -0.12098
-3.98999 2.97033 -0.12079
-3.99146 2.97162 -0.11958
-3.99319 2.97279 -0.11888
-3.99492 2.97396 -0.11818
-3.99560 2.97557 -0.11545
-3.99654 2.97705 -0.11326
-3.99773 2.97842 -0.11158
-3.99916 2.97967 -0.11040
-4.00034 2.98103 -0.10873
-4.00150 2.98237 -0.10708
-4.00136 2.98420 -0.10302
-4.00277 2.98543 -0.10187
-4.00444 2.98655 -0.10121
-4.00558 2.98786 -0.09960
-4.00619 2.98935 -0.09705
-4.00627 2.99101 -0.09360
-4.00791 2.99211 -0.09296
-4.00955 2.99321 -0.09232
-4.01065 2.99448 -0.09075
-4.01175 2.99574 -0.08920
-4.01128 2.99750 -0.08495
-4.01133 2.99907 -0.08166
-3.96834 2.96208 -0.12153
-3.97033 2.96314 -0.12134
-3.97231 2.96419 -0.12115
-3.97430 2.96525 -0.12096
-3.97629 2.96631 -0.12077
-4.09624 2.89662 -0.28292
-4.09931 2.89788 -0.28356
-4.09478 2.89920 -0.28344
-4.09831 2.90021 -0.28498
-4.09997 2.90224 -0.28292
-4.00935 2.94737 -0.12033
-4.01186 2.94824 -0.12117
-4.01329 2.94968 -0.11993
-4.09643 2.90876 -0.27429
-4.09899 2.91026 -0.27403
-4.01048 2.95035 -0.12104
-4.01218 2.95164 -0.12032
-4.01388 2.95293 -0.11961
-4.01584 2.95408 -0.11941
-4.01809 2.95510 -0.11973
-4.02033 2.95612 -0.12005
-4.01277 2.95489 -0.12000
-4.01473 2.95605 -0.11980
-4.01670 2.95720 -0.11960
-4.01867 2.95835 -0.11941
-4.02091 2.95937 -0.11973
-4.02288 2.96052 -0.11953
-4.01363 2.95801 -0.12019
-4.01559 2.95916 -0.12000
-4.01756 2.96031 -0.11980
-4.01953 2.96146 -0.11960
-4.02121 2.96274 -0.11889
-4.02290 2.96402 -0.11817
-4.01252 2.95997 -0.12058
-4.01448 2.96112 -0.12039
-4.01645 2.96227 -0.12019
-4.01814 2.96355 -0.11947
-4.02011 2.96470 -0.11928
-4.02124 2.96623 -0.11753
-4.02292 2.96750 -0.11682
-4.02403 2.96901 -0.11509
-4.01141 2.96193 -0.12098
-4.01337 2.96308 -0.12078
-4.01534 2.96423 -0.12058
-4.01731 2.96539 -0.12038
-4.01900 2.96666 -0.11967
-4.02013 2.96818 -0.11792
-4.02098 2.96982 -0.11568
-4.02127 2.97168 -0.11243
-4.02239 2.97316 -0.11073
-4.01253 2.96492 -0.12169
-4.01450 2.96607 -0.12149
-4.01620 2.96735 -0.12078
-4.01789 2.96862 -0.12006
-4.01930 2.97002 -0.11883
-4.02016 2.97164 -0.11657
-4.02018 2.97361 -0.11282
-4.01912 2.97600 -0.10714
-4.01996 2.97757 -0.10498
-4.01366 2.96791 -0.12241
-4.01536 2.96919 -0.12169
-4.01705 2.97046 -0.12097
-4.01874 2.97173 -0.12025
-4.01960 2.97336 -0.11799
-4.01936 2.97543 -0.11371
-4.01858 2.97770 -0.10851
-4.01888 2.97948 -0.10536
-4.01971 2.98103 -0.10321
-4.02108 2.98236 -0.10205
-4.01282 2.96975 -0.12332
-4.01452 2.97103 -0.12260
-4.01622 2.97230 -0.12188
-4.01791 2.97357 -0.12116
-4.01877 2.97519 -0.11890
-4.01908 2.97703 -0.11562
-4.01884 2.97906 -0.11138
-4.01807 2.98128 -0.10623
-4.01864 2.98293 -0.10359
-4.02027 2.98415 -0.10292
-4.02056 2.98588 -0.09983
-4.02246 2.98698 -0.09964
-4.02408 2.98819 -0.09897
-4.02624 2.98920 -0.09926
-4.03908 2.99877 -0.09396
-4.03898 3.00048 -0.09050
-4.03916 3.00208 -0.08755
-4.03767 3.00416 -0.08192
-4.03923 3.00531 -0.08129
-4.01368 2.97288 -0.12352
-4.01538 2.97415 -0.12280
-4.01708 2.97542 -0.12208
-4.01822 2.97692 -0.12032
-4.01880 2.97863 -0.11754
-4.01856 2.98066 -0.11328
-4.01726 2.98308 -0.10710
-4.01837 2.98452 -0.10544
-4.01947 2.98594 -0.10378
-4.01976 2.98766 -0.10069
-4.02139 2.98887 -0.10002
-4.02328 2.98998 -0.09983
-4.02517 2.99108 -0.09964
-4.02679 2.99229 -0.09897
-4.03229 2.99215 -0.10508
-4.03421 2.99327 -0.10488
-4.03470 2.99486 -0.10225
-4.03462 2.99662 -0.09869
-4.03511 2.99818 -0.09612
-4.03643 2.99945 -0.09499
-4.03718 3.00090 -0.09292
-4.03821 3.00225 -0.09133
-4.03811 3.00393 -0.08791
-4.03637 3.00606 -0.08184
-4.03737 3.00737 -0.08032
-4.03838 3.00867 -0.07880
-4.01257 2.97484 -0.12391
-4.01454 2.97600 -0.12371
-4.01624 2.97727 -0.12299
-4.01766 2.97865 -0.12175
-4.01880 2.98014 -0.12000
-4.01883 2.98205 -0.11620
-4.01914 2.98383 -0.11297
-4.01809 2.98611 -0.10729
-4.01920 2.98754 -0.10562
-4.02030 2.98896 -0.10397
-4.02059 2.99066 -0.10087
-4.02275 2.99167 -0.10117
-4.02739 2.99182 -0.10584
-4.03645 2.99047 -0.11823
-4.03841 2.99162 -0.11803
-4.03743 2.99374 -0.11273
-4.03447 2.99648 -0.10409
-4.03356 2.99851 -0.09907
-4.03405 3.00005 -0.09650
-4.03565 3.00124 -0.09583
-4.03613 3.00277 -0.09329
-4.03772 3.00395 -0.09264
-4.03707 3.00578 -0.08828
-4.03533 3.00789 -0.08220
-4.03553 3.00942 -0.07935
-4.03735 3.01049 -0.07917
-4.03835 3.01178 -0.07766
-3.98216 2.96156 -0.12340
-3.98436 2.96258 -0.12372
-3.98656 2.96360 -0.12405
-3.98902 2.96449 -0.12490
-3.99123 2.96552 -0.12523
-3.99320 2.96667 -0.12503
-4.00751 2.97450 -0.12470
-4.00948 2.97566 -0.12450
-4.01146 2.97681 -0.12430
-4.01343 2.97797 -0.12411
-4.01540 2.97912 -0.12391
-4.01710 2.98039 -0.12319
-4.01852 2.98176 -0.12194
-4.01965 2.98324 -0.12019
-4.01968 2.98513 -0.11640
-4.01998 2.98690 -0.11316
-4.02109 2.98834 -0.11146
-4.02111 2.99017 -0.10778
-4.02276 2.99139 -0.10710
-4.03084 2.99033 -0.11798
-4.03367 2.99118 -0.11933
-4.03592 2.99223 -0.11965
-4.03759 2.99348 -0.11894
-4.03926 2.99472 -0.11823
-4.03368 2.99829 -0.10496
-4.03249 3.00039 -0.09944
-4.03299 3.00193 -0.09687
-4.03459 3.00312 -0.09621
-4.03507 3.00463 -0.09367
-4.03666 3.00581 -0.09301
-4.03602 3.00763 -0.08865
-4.03430 3.00972 -0.08257
-4.03450 3.01124 -0.07971
-4.03578 3.01245 -0.07865
-4.03678 3.01373 -0.07714
-3.97760 2.96096 -0.12523
-3.97933 2.96224 -0.12451
-3.98129 2.96338 -0.12431
-3.98325 2.96453 -0.12411
-3.98570 2.96543 -0.12496
-3.98815 2.96633 -0.12582
-3.99012 2.96748 -0.12562
-3.99209 2.96863 -0.12542
-3.99406 2.96978 -0.12522
-3.99628 2.97082 -0.12555
-3.99825 2.97197 -0.12535
-4.00022 2.97312 -0.12516
-4.00245 2.97416 -0.12549
-4.00442 2.97531 -0.12529
-4.00640 2.97647 -0.12509
-4.00837 2.97762 -0.12489
-4.01034 2.97878 -0.12470
-4.01232 2.97993 -0.12450
-4.01429 2.98109 -0.12430
-4.01626 2.98224 -0.12410
-4.01796 2.98351 -0.12338
-4.01937 2.98488 -0.12214
-4.02078 2.98624 -0.12090
-4.02275 2.98739 -0.12071
-4.02331 2.98905 -0.11793
-4.02526 2.99019 -0.11773
-4.02778 2.99114 -0.11857
-4.03117 2.99179 -0.12096
-4.03314 2.99294 -0.12076
-4.03540 2.99399 -0.12108
-4.03260 3.00020 -0.10534
-4.03115 3.00236 -0.09934
-4.03165 3.00389 -0.09677
-4.03214 3.00540 -0.09423
-4.03374 3.00658 -0.09357
-4.03367 3.00823 -0.09013
-4.03498 3.00947 -0.08902
-4.03273 3.01169 -0.08204
-4.03321 3.01313 -0.07963
-4.03422 3.01441 -0.07813
-4.03576 3.01554 -0.07750
-3.97846 2.96406 -0.12542
-3.98042 2.96521 -0.12522
-3.98262 2.96624 -0.12555
-3.98507 2.96714 -0.12640
-3.98704 2.96829 -0.12621
-3.98901 2.96944 -0.12601
-3.99098 2.97060 -0.12581
-3.99320 2.97163 -0.12614
-3.99517 2.97278 -0.12594
-3.99714 2.97394 -0.12575
-3.99911 2.97509 -0.12555
-4.00108 2.97624 -0.12535
-4.00331 2.97728 -0.12568
-4.00528 2.97844 -0.12548
-4.00726 2.97959 -0.12529
-4.00923 2.98075 -0.12509
-4.01120 2.98190 -0.12489
-4.01318 2.98306 -0.12469
-4.01515 2.98421 -0.12450
-4.01712 2.98537 -0.12430
-4.01909 2.98652 -0.12410
-4.02107 2.98768 -0.12390
-4.02276 2.98894 -0.12318
-4.02388 2.99039 -0.12142
-4.02585 2.99155 -0.12122
-4.02810 2.99260 -0.12155
-4.03064 2.99355 -0.12239
-4.03261 2.99471 -0.12219
-4.03487 2.99576 -0.12252
-4.03744 2.99673 -0.12337
-4.03343 3.00323 -0.10553
-4.03059 3.00577 -0.09714
-4.03081 3.00735 -0.09413
-4.03268 3.00845 -0.09394
-4.03262 3.01008 -0.09050
-4.03393 3.01132 -0.08939
-4.03170 3.01351 -0.08240
-4.03191 3.01501 -0.07955
-4.03319 3.01621 -0.07849
-4.03287 3.01782 -0.07481
-3.98175 2.96807 -0.12647
-3.98396 2.96910 -0.12680
-3.98593 2.97025 -0.12660
-3.98814 2.97129 -0.12693
-3.99011 2.97244 -0.12673
-3.99209 2.97359 -0.12653
-3.99406 2.97475 -0.12634
-3.99603 2.97590 -0.12614
-3.99800 2.97706 -0.12594
-3.99997 2.97821 -0.12574
-4.00220 2.97925 -0.12607
-4.00417 2.98041 -0.12588
-4.00614 2.98156 -0.12568
-4.00838 2.98261 -0.12601
-4.01036 2.98376 -0.12581
-4.01206 2.98503 -0.12509
-4.01404 2.98618 -0.12489
-4.01601 2.98734 -0.12469
-4.01798 2.98849 -0.12449
-4.01995 2.98965 -0.12429
-4.02193 2.99080 -0.12410
-4.02390 2.99196 -0.12390
-4.02587 2.99311 -0.12370
-4.02813 2.99417 -0.12403
-4.03010 2.99532 -0.12383
-4.03208 2.99648 -0.12363
-4.03405 2.99764 -0.12344
-4.03662 2.99861 -0.12429
-4.04100 2.99902 -0.12834
-4.02871 3.00788 -0.09610
-4.03031 3.00906 -0.09544
-4.03163 3.01031 -0.09431
-4.03185 3.01186 -0.09133
-4.03371 3.01295 -0.09114
-4.03364 3.01455 -0.08774
-4.03036 3.01696 -0.07903
-4.02874 3.01890 -0.07319
-3.98506 2.97210 -0.12752
-3.98728 2.97313 -0.12785
-3.98925 2.97429 -0.12765
-3.99122 2.97544 -0.12745
-3.99320 2.97660 -0.12726
-3.99492 2.97787 -0.12653
-3.99689 2.97902 -0.12633
-3.99886 2.98017 -0.12614
-4.00109 2.98122 -0.12647
-4.00306 2.98237 -0.12627
-4.00503 2.98353 -0.12607
-4.00727 2.98458 -0.12640
-4.00924 2.98573 -0.12620
-4.01122 2.98689 -0.12600
-4.01292 2.98815 -0.12528
-4.01517 2.98920 -0.12561
-4.01742 2.99025 -0.12594
-4.01940 2.99141 -0.12574
-4.02193 2.99237 -0.12660
-4.02391 2.99353 -0.12640
-4.02589 2.99469 -0.12620
-4.02874 2.99556 -0.12760
-4.03073 2.99672 -0.12740
-4.03213 2.99807 -0.12614
-4.03382 2.99933 -0.12541
-4.03580 3.00049 -0.12521
-4.03987 3.00101 -0.12873
-4.04587 3.00098 -0.13559
-4.02393 2.99325 -0.13289
-4.01811 2.96005 -0.12084
-4.10612 2.92062 -0.28188
-4.10870 2.92213 -0.28163
-4.01618 2.96240 -0.11967
-4.01814 2.96355 -0.11947
-4.02011 2.96470 -0.11928
-4.09996 2.93068 -0.26357
-4.01534 2.96423 -0.12058
-4.01703 2.96551 -0.11987
-4.01900 2.96666 -0.11967
-4.02096 2.96781 -0.11947
-4.02293 2.96896 -0.11928
-4.02517 2.96999 -0.11960
-4.01620 2.96735 -0.12078
-4.01789 2.96862 -0.12006
-4.01985 2.96977 -0.11986
-4.02154 2.97104 -0.11915
-4.02350 2.97219 -0.11895
-4.02603 2.97311 -0.11979
-4.01705 2.97046 -0.12097
-4.01902 2.97161 -0.12077
-4.02071 2.97288 -0.12006
-4.02267 2.97403 -0.11986
-4.02492 2.97507 -0.12018
-4.02689 2.97622 -0.11999
-4.02914 2.97726 -0.12031
-4.01649 2.97218 -0.12240
-4.01846 2.97334 -0.12221
-4.01988 2.97473 -0.12097
-4.02184 2.97588 -0.12077
-4.02381 2.97703 -0.12057
-4.02578 2.97818 -0.12038
-4.02775 2.97933 -0.12018
-4.02914 2.98071 -0.11895
-4.01763 2.97519 -0.12312
-4.01960 2.97634 -0.12293
-4.02129 2.97761 -0.12220
-4.02270 2.97899 -0.12096
-4.02467 2.98014 -0.12077
-4.02664 2.98129 -0.12057
-4.02775 2.98277 -0.11882
-4.02772 2.98467 -0.11504
-4.02938 2.98591 -0.11433
-4.01679 2.97704 -0.12404
-4.01876 2.97820 -0.12384
-4.02046 2.97946 -0.12312
-4.02215 2.98073 -0.12240
-4.02356 2.98210 -0.12116
-4.02524 2.98336 -0.12044
-4.02636 2.98484 -0.11869
-4.02634 2.98672 -0.11491
-4.02772 2.98806 -0.11370
-4.02881 2.98950 -0.11200
-4.03018 2.99083 -0.11080
-4.03240 2.99187 -0.11111
-4.03462 2.99290 -0.11142
-4.03656 2.99403 -0.11122
-4.03849 2.99517 -0.11103
-4.04043 2.99630 -0.11083
-4.04178 2.99762 -0.10964
-4.04371 2.99875 -0.10944
-4.04594 2.99979 -0.10975
-4.04817 3.00083 -0.11006
-4.05011 3.00197 -0.10986
-4.01820 2.97994 -0.12529
-4.01962 2.98132 -0.12404
-4.02132 2.98259 -0.12331
-4.02273 2.98396 -0.12207
-4.02385 2.98543 -0.12031
-4.02497 2.98689 -0.11857
-4.02468 2.98886 -0.11429
-4.02607 2.99020 -0.11308
-4.02716 2.99163 -0.11138
-4.02825 2.99305 -0.10968
-4.03103 2.99389 -0.11099
-4.03296 2.99502 -0.11080
-4.03518 2.99606 -0.11110
-4.03711 2.99719 -0.11091
-4.03875 2.99842 -0.11022
-4.04069 2.99955 -0.11002
-4.04232 3.00077 -0.10933
-4.04455 3.00181 -0.10964
-4.04678 3.00285 -0.10994
-4.03624 3.01387 -0.07627
-4.03805 3.01493 -0.07609
-4.01879 2.98318 -0.12496
-4.02048 2.98445 -0.12423
-4.02162 2.98592 -0.12246
-4.02275 2.98739 -0.12071
-4.02387 2.98885 -0.11896
-4.02359 2.99080 -0.11467
-4.02414 2.99242 -0.11195
-4.02524 2.99384 -0.11026
-4.02633 2.99526 -0.10858
-4.02825 2.99638 -0.10838
-4.03130 2.99713 -0.11018
-4.03380 2.99808 -0.11099
-4.03573 2.99921 -0.11079
-4.03766 3.00034 -0.11060
-4.03872 3.00174 -0.10891
-4.04007 3.00304 -0.10772
-4.04199 3.00417 -0.10753
-4.03314 3.01469 -0.07637
-4.03495 3.01575 -0.07619
-4.03703 3.01674 -0.07645
-4.01767 2.98515 -0.12535
-4.01937 2.98642 -0.12463
-4.02051 2.98789 -0.12286
-4.02164 2.98935 -0.12110
-4.02221 2.99100 -0.11832
-4.02222 2.99283 -0.11455
-4.02278 2.99445 -0.11184
-4.02388 2.99586 -0.11014
-4.02470 2.99736 -0.10797
-4.02662 2.99848 -0.10778
-4.02909 2.99942 -0.10857
-4.03243 3.00010 -0.11087
-4.03436 3.00123 -0.11068
-4.03629 3.00236 -0.11048
-4.03649 3.00400 -0.10731
-4.03754 3.00538 -0.10564
-4.04032 3.00625 -0.10693
-4.03032 3.01543 -0.07691
-4.03186 3.01656 -0.07629
-4.03393 3.01755 -0.07655
-4.03574 3.01861 -0.07637
-4.01315 2.98459 -0.12720
-4.01513 2.98575 -0.12700
-4.01683 2.98702 -0.12627
-4.01826 2.98839 -0.12502
-4.01968 2.98975 -0.12377
-4.02081 2.99120 -0.12201
-4.02111 2.99295 -0.11871
-4.02112 2.99477 -0.11494
-4.02251 2.99609 -0.11373
-4.02307 2.99769 -0.11103
-4.02362 2.99927 -0.10835
-4.02553 3.00039 -0.10816
-4.02801 3.00134 -0.10896
-4.03134 3.00202 -0.11125
-4.03327 3.00315 -0.11106
-4.03520 3.00428 -0.11087
-4.03569 3.00583 -0.10819
-4.03646 3.00729 -0.10602
-4.02671 3.01639 -0.07614
-4.02851 3.01744 -0.07596
-4.03031 3.01850 -0.07578
-4.03291 3.01935 -0.07691
-4.03472 3.02041 -0.07673
-4.00978 2.98552 -0.12726
-4.01176 2.98668 -0.12706
-4.01374 2.98783 -0.12686
-4.01544 2.98910 -0.12614
-4.01687 2.99046 -0.12488
-4.01856 2.99171 -0.12416
-4.01970 2.99316 -0.12240
-4.02028 2.99480 -0.11961
-4.02085 2.99642 -0.11685
-4.02197 2.99784 -0.11513
-4.02391 2.99897 -0.11493
-4.02336 3.00091 -0.11022
-4.02445 3.00230 -0.10854
-4.02692 3.00325 -0.10934
-4.03138 3.00360 -0.11365
-4.03275 3.00491 -0.11245
-4.03468 3.00604 -0.11226
-4.03633 3.00725 -0.11156
-4.03653 3.00887 -0.10838
-4.02467 3.01692 -0.07799
-4.02492 3.01839 -0.07520
-4.02671 3.01944 -0.07502
-4.02851 3.02049 -0.07484
-4.03057 3.02148 -0.07509
-4.03237 3.02253 -0.07491
-4.00866 2.98749 -0.12765
-4.01064 2.98865 -0.12745
-4.01262 2.98981 -0.12726
-4.01433 2.99107 -0.12653
-4.01575 2.99243 -0.12528
-4.01718 2.99378 -0.12403
-4.01887 2.99503 -0.12331
-4.02028 2.99637 -0.12207
-4.02058 2.99808 -0.11877
-4.02170 2.99950 -0.11704
-4.02337 3.00073 -0.11634
-4.02475 3.00204 -0.11513
-4.02669 3.00318 -0.11493
-4.02835 3.00440 -0.11423
-4.03057 3.00545 -0.11454
-4.03223 3.00667 -0.11384
-4.03445 3.00772 -0.11415
-4.03581 3.00902 -0.11295
-4.03813 3.01334 -0.10640
-4.02211 3.01913 -0.07574
-4.02313 3.02037 -0.07426
-4.02441 3.02155 -0.07322
-4.02646 3.02254 -0.07347
-4.02825 3.02358 -0.07329
-4.00504 2.98851 -0.12719
-4.00755 2.98947 -0.12805
-4.00953 2.99062 -0.12785
-4.01124 2.99188 -0.12712
-4.01294 2.99314 -0.12639
-4.01464 2.99439 -0.12567
-4.01607 2.99574 -0.12442
-4.01804 2.99689 -0.12422
-4.01917 2.99833 -0.12246
-4.02003 2.99984 -0.12019
-4.02115 3.00126 -0.11845
-4.02449 3.00372 -0.11704
-4.02560 3.00511 -0.11532
-4.02726 3.00633 -0.11462
-4.02948 3.00738 -0.11493
-4.09747 2.92201 -0.27068
-4.09019 2.92732 -0.26010
-4.09313 2.92857 -0.26069
-4.02149 2.96346 -0.12830
-4.02377 2.96450 -0.12863
-4.10362 2.93092 -0.27354
-4.02036 2.96545 -0.12869
-4.02236 2.96662 -0.12849
-4.02436 2.96779 -0.12829
-4.02578 2.96921 -0.12703
-4.02748 2.97050 -0.12629
-4.01924 2.96744 -0.12909
-4.02123 2.96861 -0.12889
-4.02294 2.96990 -0.12816
-4.02437 2.97132 -0.12689
-4.02521 2.97296 -0.12457
-4.02634 2.97448 -0.12279
-4.02774 2.97587 -0.12155
-4.01839 2.96931 -0.13003
-4.02039 2.97048 -0.12983
-4.02182 2.97189 -0.12855
-4.02240 2.97366 -0.12569
-4.02325 2.97529 -0.12338
-4.02466 2.97668 -0.12214
-4.02663 2.97784 -0.12194
-4.02860 2.97899 -0.12174
-4.01954 2.97235 -0.13076
-4.02126 2.97364 -0.13002
-4.02184 2.97541 -0.12715
-4.02270 2.97704 -0.12483
-4.02354 2.97865 -0.12253
-4.02552 2.97981 -0.12233
-4.02720 2.98107 -0.12161
-4.02889 2.98234 -0.12089
-4.02041 2.97552 -0.13096
-4.02156 2.97704 -0.12915
-4.02214 2.97878 -0.12628
-4.02328 2.98028 -0.12450
-4.02440 2.98177 -0.12272
-4.02581 2.98315 -0.12148
-4.02778 2.98430 -0.12129
-4.02860 2.98588 -0.11901
-4.02913 2.98755 -0.11625
-4.02100 2.97880 -0.13062
-4.02187 2.98043 -0.12827
-4.02301 2.98193 -0.12648
-4.02329 2.98374 -0.12312
-4.02498 2.98500 -0.12240
-4.02667 2.98626 -0.12168
-4.02750 2.98783 -0.11940
-4.02775 2.98959 -0.11613
-4.02857 2.99113 -0.11390
-4.02994 2.99247 -0.11269
-4.03410 3.00818 -0.08546
-4.03512 3.00949 -0.08392
-4.03586 3.01086 -0.08194
-4.02016 2.98068 -0.13156
-4.02103 2.98230 -0.12921
-4.02245 2.98369 -0.12794
-4.02246 2.98560 -0.12403
-4.02415 2.98686 -0.12331
-4.02556 2.98823 -0.12207
-4.02639 2.98979 -0.11979
-4.02665 2.99154 -0.11651
-4.02747 2.99307 -0.11428
-4.02885 2.99440 -0.11308
-4.03050 2.99563 -0.11238
-4.03158 2.99704 -0.11068
-4.03181 2.99872 -0.10750
-4.03288 3.00011 -0.10583
-4.03423 3.00141 -0.10466
-4.03220 3.00372 -0.09772
-4.03105 3.00573 -0.09236
-4.03181 3.00714 -0.09031
-4.03285 3.00847 -0.08875
-4.03361 3.00986 -0.08673
-4.03436 3.01124 -0.08473
-4.03483 3.01269 -0.08230
-4.03611 3.01390 -0.08122
-4.03766 3.01504 -0.08060
-4.02018 2.98418 -0.13014
-4.02161 2.98556 -0.12887
-4.02191 2.98736 -0.12548
-4.02332 2.98873 -0.12423
-4.02501 2.98999 -0.12351
-4.02585 2.99155 -0.12122
-4.02611 2.99329 -0.11793
-4.02638 2.99501 -0.11467
-4.02832 2.99614 -0.11447
-4.02969 2.99747 -0.11327
-4.03050 2.99897 -0.11106
-4.03073 3.00063 -0.10789
-4.03208 3.00193 -0.10671
-4.03343 3.00323 -0.10553
-4.03169 3.00544 -0.09905
-4.03136 3.00719 -0.09507
-4.03131 3.00884 -0.09161
-4.03262 3.01008 -0.09050
-4.03338 3.01147 -0.08847
-4.03386 3.01293 -0.08601
-4.03380 3.01451 -0.08267
-4.03508 3.01572 -0.08159
-4.03691 3.01679 -0.08141
-4.03791 3.01807 -0.07989
-4.01962 2.98595 -0.13161
-4.02105 2.98734 -0.13034
-4.02163 2.98903 -0.12746
-4.02277 2.99050 -0.12568
-4.02418 2.99186 -0.12442
-4.02587 2.99311 -0.12370
-4.02614 2.99485 -0.12038
-4.02640 2.99657 -0.11709
-4.02722 2.99808 -0.11486
-4.02916 2.99922 -0.11467
-4.03054 3.00053 -0.11346
-4.03134 3.00202 -0.11125
-4.03157 3.00367 -0.10808
-4.03292 3.00496 -0.10690
-4.03202 3.00691 -0.10183
-4.03196 3.00858 -0.09828
-4.03163 3.01031 -0.09431
-4.03185 3.01186 -0.09133
-4.03289 3.01317 -0.08976
-4.03310 3.01469 -0.08683
-4.03276 3.01634 -0.08303
-4.03405 3.01754 -0.08195
-4.03588 3.01861 -0.08177
-4.03661 3.01995 -0.07981
-4.01905 2.98774 -0.13309
-4.02049 2.98912 -0.13181
-4.02192 2.99049 -0.13053
-4.02250 2.99217 -0.12766
-4.02420 2.99343 -0.12693
-4.02561 2.99479 -0.12567
-4.02673 2.99623 -0.12390
-4.02699 2.99795 -0.12057
-4.02725 2.99965 -0.11729
-4.02892 3.00088 -0.11658
-4.03029 3.00220 -0.11537
-4.03195 3.00343 -0.11466
-4.03218 3.00508 -0.11145
-4.03240 3.00671 -0.10827
-4.03095 3.00880 -0.10221
-4.02952 3.01085 -0.09628
-4.02894 3.01263 -0.09189
-4.02999 3.01393 -0.09031
-4.03130 3.01516 -0.08921
-4.03206 3.01653 -0.08719
-4.03173 3.01816 -0.08339
-4.03329 3.01930 -0.08276
-4.03485 3.02043 -0.08213
-4.03558 3.02176 -0.08017
-4.01419 2.98728 -0.13443
-4.01620 2.98846 -0.13423
-4.01820 2.98963 -0.13403
-4.01993 2.99091 -0.13329
-4.02164 2.99218 -0.13255
-4.02365 2.99335 -0.13235
-4.02507 2.99472 -0.13107
-4.02678 2.99599 -0.13033
-4.02849 2.99725 -0.12959
-4.03048 2.99842 -0.12939
-4.03130 2.99996 -0.12706
-4.03299 3.00121 -0.12633
-4.03527 3.00228 -0.12666
-4.03637 3.00371 -0.12488
-4.03943 3.00629 -0.12291
-4.03099 3.01038 -0.10452
-4.02523 3.01361 -0.09105
-4.02682 3.01477 -0.09041
-4.02867 3.01585 -0.09022
-4.02998 3.01708 -0.08912
-4.03102 3.01837 -0.08756
-4.03070 3.01998 -0.08376
-4.03199 3.02119 -0.08268
-4.03328 3.02238 -0.08160
-4.03429 3.02364 -0.08009
-4.00905 2.98693 -0.13524
-4.01106 2.98811 -0.13503
-4.01306 2.98928 -0.13483
-4.01507 2.99046 -0.13463
-4.01707 2.99163 -0.13443
-4.01908 2.99280 -0.13423
-4.02108 2.99398 -0.13403
-4.02280 2.99525 -0.13329
-4.02452 2.99652 -0.13254
-4.02594 2.99788 -0.13126
-4.02736 2.99924 -0.12999
-4.02935 3.00041 -0.12979
-4.03135 3.00157 -0.12959
-4.03187 3.00319 -0.12673
-4.02419 3.01546 -0.09142
-4.02578 3.01662 -0.09077
-4.02736 3.01777 -0.09013
-4.02894 3.01892 -0.08948
-4.02971 3.02027 -0.08747
-4.02940 3.02187 -0.08367
-4.03069 3.02307 -0.08259
-4.03171 3.02433 -0.08108
-4.03246 3.02564 -0.07913
-4.00993 2.99011 -0.13543
-4.01193 2.99128 -0.13523
-4.01394 2.99246 -0.13503
-4.01622 2.99353 -0.13538
-4.01823 2.99470 -0.13517
-4.01995 2.99598 -0.13443
-4.02196 2.99715 -0.13423
-4.02367 2.99842 -0.13348
-4.02482 2.99987 -0.13166
-4.02624 3.00123 -0.13039
-4.02823 3.00239 -0.13019
-4.02877 3.00401 -0.12732
-4.03018 3.00534 -0.12606
-4.03245 3.00641 -0.12639
-4.03413 3.00766 -0.12567
-4.03523 3.00907 -0.12389
-4.02658 3.01955 -0.09096
-4.01564 2.99533 -0.13687
-4.01766 2.99651 -0.13667
-4.01967 2.99769 -0.13647
-4.02168 2.99887 -0.13627
-4.03106 2.97742 -0.13148
-4.03274 2.97877 -0.13074
-4.03016 2.97927 -0.13241
-4.03184 2.98061 -0.13166
-4.03352 2.98195 -0.13092
-4.03548 2.98318 -0.13072
-4.03715 2.98452 -0.12998
-4.02897 2.98123 -0.13279
-4.03065 2.98257 -0.13205
-4.03233 2.98391 -0.13131
-4.03429 2.98514 -0.13111
-4.03597 2.98647 -0.13037
-4.03735 2.98792 -0.12910
-4.02806 2.98308 -0.13372
-4.02975 2.98442 -0.13298
-4.03143 2.98576 -0.13224
-4.03311 2.98710 -0.13150
-4.03450 2.98854 -0.13022
-4.03531 2.99019 -0.12789
-4.03640 2.99172 -0.12610
-4.03748 2.99324 -0.12432
-4.02913 2.98616 -0.13445
-4.03081 2.98751 -0.13371
-4.03221 2.98895 -0.13242
-4.03303 2.99060 -0.13007
-4.03385 2.99224 -0.12774
-4.03523 2.99366 -0.12648
-4.03631 2.99518 -0.12471
-4.03912 2.99609 -0.12608
-4.04106 2.99730 -0.12588
-4.02822 2.98802 -0.13538
-4.03019 2.98926 -0.13518
-4.03188 2.99059 -0.13443
-4.03299 2.99214 -0.13261
-4.03381 2.99378 -0.13026
-4.03434 2.99550 -0.12740
-4.03600 2.99682 -0.12667
-4.03794 2.99803 -0.12647
-4.03989 2.99925 -0.12627
-4.04183 3.00046 -0.12607
-4.02985 2.99091 -0.13721
-4.03154 2.99225 -0.13646
-4.03294 2.99369 -0.13516
-4.03377 2.99533 -0.13279
-4.03373 2.99725 -0.12884
-4.03482 2.99876 -0.12705
-4.03677 2.99997 -0.12685
-4.03871 3.00119 -0.12665
-4.04037 3.00250 -0.12592
-4.04231 3.00371 -0.12572
-4.04484 3.00474 -0.12658
-3.99206 2.97114 -0.13908
-3.99403 2.97237 -0.13887
-4.00191 2.97730 -0.13806
-4.03008 2.99236 -0.14036
-4.03092 2.99402 -0.13794
-4.03233 2.99546 -0.13664
-4.03373 2.99689 -0.13535
-4.03369 2.99881 -0.13136
-4.03393 3.00061 -0.12796
-4.03559 3.00192 -0.12723
-4.03725 3.00322 -0.12651
-4.03891 3.00453 -0.12578
-4.04056 3.00583 -0.12505
-4.04279 3.00695 -0.12538
-4.04444 3.00825 -0.12465
-4.04637 3.00946 -0.12445
-4.04802 3.01076 -0.12373
-4.04906 3.01222 -0.12197
-4.05010 3.01366 -0.12021
-4.05871 3.01825 -0.12097
-4.06157 3.01923 -0.12233
-4.04964 3.02845 -0.08932
-3.99112 2.97299 -0.14001
-3.99284 2.97434 -0.13926
-3.99481 2.97557 -0.13906
-3.99678 2.97680 -0.13886
-3.99875 2.97803 -0.13865
-4.02689 2.99310 -0.14095
-4.02945 2.99414 -0.14186
-4.03115 2.99549 -0.14110
-4.03170 2.99723 -0.13813
-4.03282 2.99876 -0.13628
-4.03365 3.00038 -0.13391
-4.03276 3.00255 -0.12835
-4.03414 3.00395 -0.12709
-4.03608 3.00516 -0.12689
-4.03745 3.00655 -0.12564
-4.03939 3.00777 -0.12544
-4.04133 3.00898 -0.12524
-4.04326 3.01019 -0.12504
-4.04491 3.01148 -0.12431
-4.04596 3.01294 -0.12255
-4.04701 3.01439 -0.12079
-4.04776 3.01590 -0.11854
-4.04850 3.01741 -0.11630
-4.04982 3.01875 -0.11509
-4.05143 3.02001 -0.11439
-4.05755 3.02017 -0.12135
-4.04701 3.02907 -0.09032
-4.04772 3.03044 -0.08830
-4.04704 3.03210 -0.08405
-3.99017 2.97483 -0.14095
-3.99214 2.97607 -0.14075
-3.99387 2.97742 -0.14000
-3.99559 2.97877 -0.13924
-3.99757 2.98000 -0.13904
-4.00151 2.98246 -0.13863
-4.00348 2.98370 -0.13843
-4.02625 2.99488 -0.14246
-4.02824 2.99613 -0.14225
-4.03024 2.99737 -0.14205
-4.03051 2.99921 -0.13852
-4.03192 3.00064 -0.13722
-4.03303 3.00216 -0.13538
-4.03215 3.00431 -0.12980
-4.03353 3.00571 -0.12853
-4.03491 3.00710 -0.12727
-4.03599 3.00858 -0.12549
-4.03793 3.00979 -0.12529
-4.04016 3.01091 -0.12562
-4.04209 3.01212 -0.12542
-4.04287 3.01366 -0.12313
-4.04392 3.01511 -0.12137
-4.04468 3.01662 -0.11911
-4.04544 3.01812 -0.11687
-4.04647 3.01954 -0.11515
-4.04838 3.02073 -0.11496
-4.04911 3.02220 -0.11275
-4.05101 3.02339 -0.11255
-4.04464 3.02962 -0.09179
-4.04564 3.03094 -0.09022
-4.04635 3.03231 -0.08821
-4.04541 3.03401 -0.08351
-3.99120 2.97792 -0.14169
-3.99317 2.97915 -0.14149
-3.99490 2.98051 -0.14073
-3.99662 2.98186 -0.13998
-3.99835 2.98320 -0.13923
-4.00032 2.98443 -0.13902
-4.00229 2.98566 -0.13882
-4.00426 2.98689 -0.13862
-4.02222 2.99593 -0.14139
-4.02505 2.99687 -0.14285
-4.02704 2.99812 -0.14265
-4.02903 2.99936 -0.14244
-4.02931 3.00119 -0.13891
-4.03101 3.00252 -0.13816
-4.03213 3.00403 -0.13631
-4.03238 3.00581 -0.13286
-4.03292 3.00748 -0.12998
-4.03402 3.00896 -0.12819
-4.03483 3.01051 -0.12588
-4.03676 3.01172 -0.12568
-4.03956 3.01268 -0.12705
-4.04151 3.01390 -0.12685
-4.04141 3.01567 -0.12299
-4.04161 3.01734 -0.11969
-4.04266 3.01876 -0.11796
-4.04400 3.02010 -0.11674
-4.04532 3.02144 -0.11553
-4.04636 3.02284 -0.11382
-4.04768 3.02417 -0.11262
-4.04841 3.02562 -0.11043
-4.04856 3.02719 -0.10728
-4.04200 3.03024 -0.09280
-4.04327 3.03150 -0.09169
-4.04427 3.03281 -0.09012
-4.04525 3.03412 -0.08856
-4.04406 3.03585 -0.08342
-4.04503 3.03713 -0.08190
-3.99198 2.98113 -0.14188
-3.99396 2.98236 -0.14167
-3.99568 2.98371 -0.14092
-3.99741 2.98506 -0.14016
-3.99913 2.98640 -0.13941
-4.00110 2.98763 -0.13921
-4.00307 2.98886 -0.13901
-4.00504 2.99009 -0.13880
-4.01543 2.99605 -0.13888
-4.01849 2.99688 -0.14088
-4.02075 2.99802 -0.14123
-4.02385 2.99886 -0.14325
-4.02584 3.00011 -0.14304
-4.02783 3.00135 -0.14283
-4.02868 3.00298 -0.14041
-4.03010 3.00440 -0.13910
-4.03179 3.00573 -0.13835
-4.03291 3.00724 -0.13650
-4.03316 3.00899 -0.13304
-4.03369 3.01065 -0.13016
-4.03394 3.01236 -0.12678
-4.03588 3.01357 -0.12658
-4.03839 3.01462 -0.12744
-4.04033 3.01584 -0.12724
-4.04025 3.01759 -0.12337
-4.03988 3.01940 -0.11904
-4.04094 3.02082 -0.11731
-4.04256 3.02208 -0.11661
-4.04389 3.02341 -0.11540
-4.04493 3.02481 -0.11369
-4.04653 3.02606 -0.11300
-4.04612 3.02777 -0.10883
-4.04208 3.03026 -0.09849
-4.04063 3.03212 -0.09269
-4.04190 3.03338 -0.09158
-4.04290 3.03468 -0.09002
-4.04253 3.03625 -0.08620
-4.04217 3.03780 -0.08244
-4.04369 3.03897 -0.08181
-3.99276 2.98434 -0.14206
-3.99474 2.98557 -0.14186
-3.99622 2.98703 -0.14055
-3.99794 2.98837 -0.13980
-3.99991 2.98960 -0.13960
-4.00188 2.99083 -0.13939
-4.00385 2.99206 -0.13919
-4.01200 2.99689 -0.13892
-4.01423 2.99802 -0.13927
-4.01702 2.99896 -0.14072
-4.01927 3.00010 -0.14107
-4.02264 3.00085 -0.14364
-4.02492 3.00200 -0.14399
-4.02691 3.00325 -0.14379
-4.02862 3.00459 -0.14302
-4.02947 3.00620 -0.14059
-4.03088 3.00762 -0.13929
-4.03258 3.00894 -0.13853
-4.03456 3.01018 -0.13833
-4.03595 3.01159 -0.13703
-4.03390 3.01398 -0.12928
-4.03556 3.01527 -0.12855
-4.03750 3.01649 -0.12835
-4.03916 3.01778 -0.12762
-4.03851 3.01967 -0.12271
-4.03844 3.02138 -0.11891
-4.03979 3.02272 -0.11769
-4.04141 3.02398 -0.11699
-4.04274 3.02531 -0.11578
-4.04378 3.02670 -0.11407
-4.04424 3.02821 -0.11137
-4.04329 3.03002 -0.10626
-4.04070 3.03216 -0.09839
-4.03953 3.03394 -0.09305
-4.04053 3.03525 -0.09148
-4.04153 3.03655 -0.08992
-4.04091 3.03815 -0.08566
-4.04109 3.03958 -0.08279
-3.99675 2.99034 -0.14019
-3.99872 2.99157 -0.13999
-4.00069 2.99280 -0.13978
-4.00266 2.99403 -0.13958
-4.00463 2.99526 -0.13938
-4.00660 2.99649 -0.13917
-4.00857 2.99772 -0.13897
-4.01080 2.99886 -0.13931
-4.01278 3.00009 -0.13911
-4.01582 3.00094 -0.14111
-4.01808 3.00208 -0.14146
-4.02172 3.00275 -0.14459
-4.02427 3.00381 -0.14551
-4.02627 3.00506 -0.14530
-4.02827 3.00631 -0.14510
-4.02998 3.00764 -0.14433
-4.03140 3.00907 -0.14300
-4.03340 3.01031 -0.14280
-4.03539 3.01156 -0.14259
-4.03768 3.01272 -0.14295
-4.03820 3.01438 -0.13996
-4.03813 3.01619 -0.13592
-4.03662 3.01835 -0.12927
-4.03828 3.01964 -0.12853
-4.03735 3.02159 -0.12309
-4.03729 3.02329 -0.11929
-4.03892 3.02456 -0.11858
-4.04054 3.02582 -0.11787
-4.04188 3.02714 -0.11666
-4.04292 3.02853 -0.11495
-4.04197 3.03035 -0.10976
-4.04049 3.03225 -0.10371
-4.03931 3.03405 -0.09828
-4.03843 3.03576 -0.09341
-4.03944 3.03706 -0.09184
-4.04044 3.03835 -0.09028
-4.00961 3.00083 -0.13970
-4.01159 3.00206 -0.13950
-4.01463 3.00291 -0.14150
-4.01688 3.00406 -0.14185
-4.02107 3.00456 -0.14611
-4.02363 3.00562 -0.14703
-4.02563 3.00687 -0.14682
-4.02792 3.00803 -0.14718
-4.02993 3.00929 -0.14698
-4.03135 3.01071 -0.14564
-4.03335 3.01196 -0.14543
-4.03565 3.01313 -0.14579
-4.04094 3.01345 -0.15185
-4.04328 3.01463 -0.15222
-4.04500 3.01598 -0.15144
-4.04186 3.01861 -0.14161
-4.02556 3.00851 -0.14949
-4.02786 3.00968 -0.14985
-4.02987 3.01094 -0.14964
-4.02932 2.97756 -0.13478
-4.03072 2.97903 -0.13349
-4.03014 2.98130 -0.12845
-4.02926 2.97906 -0.13736
-4.03067 2.98053 -0.13606
-4.03094 2.98246 -0.13259
-4.03064 2.98458 -0.12811
-4.02920 2.98057 -0.13995
-4.03090 2.98193 -0.13920
-4.03145 2.98374 -0.13624
-4.03143 2.98576 -0.13224
-4.03057 2.98807 -0.12670
-4.02999 2.98380 -0.14014
-4.03169 2.98516 -0.13938
-4.03081 2.98751 -0.13371
-4.02939 2.99002 -0.12709
-4.03134 2.99123 -0.12689
-4.03272 2.99265 -0.12563
-4.03438 2.99397 -0.12491
-4.02879 2.98579 -0.14054
-4.03078 2.98703 -0.14033
-4.03133 2.98882 -0.13737
-4.03159 2.99070 -0.13389
-4.03072 2.99297 -0.12833
-4.03211 2.99439 -0.12707
-4.03377 2.99570 -0.12634
-4.03514 2.99711 -0.12509
-4.02957 2.98902 -0.14072
-4.03128 2.99037 -0.13996
-4.03154 2.99225 -0.13646
-4.03266 2.99379 -0.13462
-4.03320 2.99553 -0.13172
-4.03430 2.99705 -0.12991
-4.03454 2.99886 -0.12652
-4.03534 3.00045 -0.12422
-4.03036 2.99225 -0.14091
-4.03207 2.99360 -0.14015
-4.03233 2.99546 -0.13664
-4.03344 2.99699 -0.13481
-4.03397 2.99871 -0.13190
-4.03393 3.00061 -0.12796
-4.03418 3.00238 -0.12461
-4.03554 3.00377 -0.12336
-4.03578 3.00551 -0.12006
-4.03115 2.99549 -0.14110
-4.03285 2.99683 -0.14034
-4.03311 2.99867 -0.13683
-4.03336 3.00048 -0.13337
-4.03248 3.00264 -0.12782
-4.03301 3.00431 -0.12499
-4.03298 3.00614 -0.12115
-4.03350 3.00778 -0.11839
-4.03541 3.00897 -0.11819
-4.03761 3.01008 -0.11850
-4.04297 3.01027 -0.12451
-4.04491 3.01148 -0.12431
-4.04685 3.01269 -0.12411
-4.04789 3.01414 -0.12235
-4.04953 3.01543 -0.12163
-4.05056 3.01687 -0.11988
-4.05249 3.01807 -0.11968
-4.05084 3.02016 -0.11338
-4.04553 3.02311 -0.10092
-4.04626 3.02454 -0.09882
-4.04726 3.02589 -0.09721
-4.04825 3.02723 -0.09561
-4.04701 3.02907 -0.09032
-4.03024 2.99737 -0.14205
-4.03194 2.99872 -0.14129
-4.03249 3.00045 -0.13832
-4.03303 3.00216 -0.13538
-4.03187 3.00440 -0.12926
-4.03240 3.00607 -0.12642
-4.03237 3.00789 -0.12256
-4.03290 3.00952 -0.11979
-4.03454 3.01080 -0.11908
-4.03758 3.01166 -0.12093
-4.04065 3.01254 -0.12281
-4.04287 3.01366 -0.12313
-4.04480 3.01487 -0.12293
-4.04614 3.01623 -0.12169
-4.04807 3.01743 -0.12149
-4.04852 3.01901 -0.11872
-4.04867 3.02065 -0.11546
-4.04566 3.02305 -0.10681
-4.04441 3.02496 -0.10129
-4.04431 3.02658 -0.09777
-4.04531 3.02792 -0.09616
-4.04464 3.02962 -0.09179
-4.04536 3.03100 -0.08976
-4.03074 3.00071 -0.14168
-4.03158 3.00233 -0.13926
-4.03213 3.00403 -0.13631
-4.03097 3.00626 -0.13018
-4.03123 3.00800 -0.12680
-4.03233 3.00947 -0.12503
-4.03258 3.01118 -0.12171
-4.03394 3.01255 -0.12048
-4.03727 3.01334 -0.12287
-4.03977 3.01438 -0.12371
-4.04170 3.01559 -0.12351
-4.04363 3.01679 -0.12331
-4.04498 3.01815 -0.12207
-4.04544 3.01973 -0.11929
-4.04561 3.02137 -0.11604
-4.04607 3.02291 -0.11332
-4.04424 3.02499 -0.10669
-4.04274 3.02694 -0.10070
-4.04292 3.02848 -0.09766
-4.04365 3.02988 -0.09559
-4.04355 3.03144 -0.09215
-4.04399 3.03287 -0.08966
-4.04443 3.03429 -0.08720
-4.03038 3.00431 -0.13965
-4.03122 3.00591 -0.13725
-4.03064 3.00795 -0.13217
-4.03034 3.00986 -0.12771
-4.03116 3.01140 -0.12541
-4.03225 3.01286 -0.12365
-4.03390 3.01414 -0.12293
-4.03667 3.01510 -0.12429
-4.03889 3.01623 -0.12461
-4.04054 3.01752 -0.12389
-4.04189 3.01887 -0.12265
-4.04237 3.02045 -0.11987
-4.04284 3.02201 -0.11712
-4.04332 3.02355 -0.11439
-4.04293 3.02528 -0.11020
-4.04255 3.02699 -0.10608
-4.04134 3.02885 -0.10058
-4.04181 3.03032 -0.09802
-4.04199 3.03183 -0.09502
-4.04190 3.03338 -0.09158
-4.04208 3.03485 -0.08865
-4.04199 3.03636 -0.08530
-4.02834 3.00468 -0.14246
-4.02919 3.00629 -0.14004
-4.03003 3.00789 -0.13764
-4.03058 3.00955 -0.13471
-4.02917 3.01179 -0.12810
-4.02999 3.01333 -0.12579
-4.03109 3.01478 -0.12403
-4.03302 3.01598 -0.12383
-4.03579 3.01696 -0.12519
-4.03773 3.01816 -0.12499
-4.03880 3.01960 -0.12323
-4.03929 3.02117 -0.12045
-4.03979 3.02272 -0.11769
-4.04055 3.02419 -0.11547
-4.03991 3.02599 -0.11077
-4.04039 3.02749 -0.10811
-4.04086 3.02898 -0.10548
-4.03968 3.03082 -0.10000
-4.04042 3.03222 -0.09791
-4.04089 3.03365 -0.09538
-4.04080 3.03519 -0.09194
-4.03911 3.03703 -0.08584
-4.03984 3.03836 -0.08387
-4.02543 3.00533 -0.14362
-4.02714 3.00667 -0.14286
-4.02799 3.00827 -0.14043
-4.02884 3.00986 -0.13803
-4.02968 3.01143 -0.13564
-4.02800 3.01373 -0.12848
-4.02910 3.01518 -0.12670
-4.02828 3.01717 -0.12130
-4.03019 3.01837 -0.12110
-4.03491 3.01881 -0.12610
-4.03684 3.02002 -0.12590
-4.03650 3.02181 -0.12154
-4.03701 3.02336 -0.11877
-4.03835 3.02470 -0.11756
-4.03913 3.02616 -0.11534
-4.03794 3.02806 -0.10966
-4.03842 3.02955 -0.10701
-4.03836 3.03115 -0.10342
-4.03829 3.03273 -0.09989
-4.03904 3.03411 -0.09780
-4.03843 3.03576 -0.09341
-4.03890 3.03717 -0.09092
-4.03697 3.03903 -0.08440
-4.03744 3.04040 -0.08200
-4.02307 3.00580 -0.14590
-4.02479 3.00714 -0.14513
-4.02622 3.00857 -0.14381
-4.02708 3.01016 -0.14138
-4.02878 3.01149 -0.14062
-4.02962 3.01306 -0.13822
-4.02710 3.01559 -0.12939
-4.02821 3.01704 -0.12761
-4.02712 3.01908 -0.12168
-4.02904 3.02028 -0.12148
-4.03402 3.02067 -0.12701
-4.03733 3.02323 -0.12556
-4.03613 3.02520 -0.11966
-4.03748 3.02653 -0.11844
-4.03798 3.02805 -0.11571
-4.03680 3.02994 -0.11003
-4.03702 3.03148 -0.10689
-4.03614 3.03324 -0.10187
-4.03636 3.03474 -0.09883
-4.03551 3.03644 -0.09396
-4.03599 3.03785 -0.09147
-4.03463 3.03960 -0.08584
-4.02242 3.00762 -0.14743
-4.02414 3.00896 -0.14665
-4.02614 3.01021 -0.14645
-4.02729 3.01172 -0.14456
-4.02786 3.01339 -0.14157
-4.02985 3.01463 -0.14136
-4.03183 3.01587 -0.14116
-4.02787 3.01874 -0.12957
-4.02898 3.02018 -0.12779
-4.04075 3.01880 -0.14613
-4.02060 3.00792 -0.15087
-4.02289 3.00909 -0.15124
-4.02491 3.01035 -0.15103
-4.02693 3.01161 -0.15082
-4.02808 3.01312 -0.14890
-4.02922 3.01463 -0.14699
-4.03123 3.01588 -0.14679
-4.02876 2.97360 -0.14180
-4.03047 2.97498 -0.14104
-4.03247 2.97623 -0.14083
-4.02727 2.97572 -0.14164
-4.02898 2.97709 -0.14088
-4.03097 2.97834 -0.14067
-4.03326 2.97947 -0.14102
-4.03555 2.98060 -0.14137
-4.02777 2.97909 -0.14127
-4.02977 2.98033 -0.14107
-4.03205 2.98146 -0.14142
-4.03434 2.98259 -0.14177
-4.03693 2.98361 -0.14268
-4.02657 2.98108 -0.14167
-4.02857 2.98233 -0.14146
-4.03085 2.98346 -0.14181
-4.03284 2.98470 -0.14160
-4.03543 2.98573 -0.14252
-4.03743 2.98698 -0.14231
-4.03913 2.98834 -0.14154
-4.02537 2.98307 -0.14206
-4.02708 2.98443 -0.14130
-4.02936 2.98556 -0.14165
-4.03135 2.98681 -0.14144
-4.03364 2.98795 -0.14179
-4.03563 2.98919 -0.14159
-4.03734 2.99055 -0.14082
-4.03933 2.99179 -0.14062
-4.02587 2.98642 -0.14169
-4.02815 2.98756 -0.14204
-4.03015 2.98880 -0.14184
-4.03243 2.98994 -0.14219
-4.03414 2.99129 -0.14142
-4.03613 2.99254 -0.14122
-4.03754 2.99400 -0.13990
-4.03894 2.99544 -0.13859
-4.02752 2.98933 -0.14355
-4.02952 2.99058 -0.14335
-4.03151 2.99183 -0.14314
-4.03293 2.99329 -0.14182
-4.03464 2.99464 -0.14105
-4.03604 2.99609 -0.13974
-4.03657 2.99783 -0.13678
-4.03796 2.99926 -0.13549
-4.03935 3.00068 -0.13420
-4.02659 2.99122 -0.14451
-4.02859 2.99247 -0.14430
-4.03060 2.99372 -0.14410
-4.03231 2.99507 -0.14333
-4.03372 2.99653 -0.14201
-4.03484 2.99807 -0.14013
-4.03538 2.99980 -0.13717
-4.03677 3.00123 -0.13588
-4.03787 3.00275 -0.13404
-4.03896 3.00425 -0.13222
-4.03976 3.00584 -0.12987
-4.04318 3.00662 -0.13235
-4.04574 3.00767 -0.13323
-4.04741 3.00898 -0.13249
-4.04938 3.01021 -0.13228
-4.05043 3.01169 -0.13047
-4.02767 2.99436 -0.14526
-4.02968 2.99562 -0.14505
-4.03110 2.99707 -0.14372
-4.03281 2.99842 -0.14296
-4.03364 3.00006 -0.14053
-4.03389 3.00187 -0.13702
-4.03500 3.00339 -0.13518
-4.03610 3.00490 -0.13335
-4.03662 3.00657 -0.13046
-4.03685 3.00832 -0.12707
-4.03879 3.00953 -0.12687
-4.04396 3.00980 -0.13254
-4.04593 3.01103 -0.13233
-4.04759 3.01234 -0.13159
-4.04895 3.01373 -0.13032
-4.04702 3.01599 -0.12325
-4.04807 3.01743 -0.12149
-4.04764 3.01924 -0.11718
-4.05192 3.01984 -0.12109
-4.04191 3.02556 -0.09701
-4.04237 3.02703 -0.09448
-4.04282 3.02849 -0.09198
-4.04355 3.02987 -0.08995
-4.02847 2.99762 -0.14545
-4.02989 2.99907 -0.14412
-4.03160 3.00041 -0.14335
-4.03244 3.00204 -0.14092
-4.03270 3.00385 -0.13741
-4.03381 3.00536 -0.13557
-4.03492 3.00686 -0.13374
-4.03487 3.00870 -0.12978
-4.03511 3.01043 -0.12640
-4.03705 3.01164 -0.12620
-4.04219 3.01193 -0.13185
-4.04415 3.01316 -0.13165
-4.04611 3.01438 -0.13144
-4.04747 3.01577 -0.13017
-4.04498 3.01815 -0.12207
-4.04486 3.01988 -0.11827
-4.04532 3.02144 -0.11553
-4.04723 3.02263 -0.11533
-4.04481 3.02485 -0.10767
-4.03971 3.02765 -0.09550
-4.04099 3.02892 -0.09438
-4.04172 3.03030 -0.09233
-4.04245 3.03168 -0.09031
-4.04155 3.03339 -0.08558
-4.02869 3.00106 -0.14451
-4.03040 3.00241 -0.14375
-4.03124 3.00403 -0.14131
-4.03151 3.00582 -0.13780
-4.03262 3.00733 -0.13595
-4.03373 3.00882 -0.13412
-4.03369 3.01065 -0.13016
-4.03507 3.01203 -0.12890
-4.03875 3.01275 -0.13190
-4.04100 3.01389 -0.13224
-4.04296 3.01512 -0.13203
-4.04522 3.01626 -0.13237
-4.04658 3.01764 -0.13109
-4.04824 3.01894 -0.13035
-4.04458 3.02157 -0.12019
-4.04389 3.02341 -0.11540
-4.04550 3.02467 -0.11470
-4.04255 3.02699 -0.10608
-4.03860 3.02948 -0.09586
-4.03989 3.03074 -0.09474
-4.04008 3.03224 -0.09177
-4.04136 3.03349 -0.09067
-4.04046 3.03518 -0.08594
-4.02805 3.00287 -0.14603
-4.02948 3.00431 -0.14470
-4.03061 3.00583 -0.14282
-4.03088 3.00762 -0.13929
-4.03200 3.00912 -0.13744
-4.03340 3.01052 -0.13614
-4.03394 3.01218 -0.13323
-4.03561 3.01348 -0.13249
-4.03786 3.01463 -0.13282
-4.04306 3.01496 -0.13861
-4.04475 3.01628 -0.13786
-4.04764 3.01728 -0.13930
-4.05209 3.01789 -0.14355
-4.06518 3.01817 -0.15932
-4.04534 3.02469 -0.12037
-4.04435 3.02657 -0.11507
-4.03810 3.02961 -0.10066
-4.03696 3.03143 -0.09529
-4.03824 3.03269 -0.09417
-4.03872 3.03411 -0.09167
-4.03999 3.03536 -0.09056
-4.03885 3.03709 -0.08539
-4.02684 3.00487 -0.14643
-4.02856 3.00621 -0.14566
-4.03027 3.00755 -0.14489
-4.03026 3.00942 -0.14078
-4.03110 3.01101 -0.13837
-4.03221 3.01249 -0.13653
-4.03276 3.01413 -0.13362
-4.03472 3.01536 -0.13341
-4.03842 3.01611 -0.13646
-4.04336 3.01654 -0.14177
-4.04445 3.01802 -0.13990
-4.04735 3.01903 -0.14136
-4.05981 3.01765 -0.16015
-4.04321 3.02846 -0.11545
-4.03645 3.03157 -0.10008
-4.03532 3.03337 -0.09472
-4.03661 3.03462 -0.09360
-4.03708 3.03604 -0.09111
-4.03836 3.03728 -0.09001
-4.03697 3.03903 -0.08440
-4.02191 3.00428 -0.14780
-4.02391 3.00553 -0.14760
-4.02563 3.00687 -0.14682
-4.02764 3.00812 -0.14662
-4.02935 3.00946 -0.14585
-4.02934 3.01132 -0.14173
-4.02990 3.01298 -0.13876
-4.03103 3.01446 -0.13692
-4.03016 3.01649 -0.13132
-4.03155 3.01786 -0.13005
-4.03321 3.01916 -0.12932
-4.04216 3.01853 -0.14216
-4.04415 3.01977 -0.14196
-4.04614 3.02102 -0.14175
-4.04814 3.02226 -0.14155
-4.03506 3.03347 -0.09997
-4.03369 3.03530 -0.09415
-4.03471 3.03661 -0.09257
-4.03572 3.03790 -0.09101
-4.03515 3.03950 -0.08674
-4.03563 3.04087 -0.08431
-4.01897 3.00493 -0.14897
-4.02097 3.00619 -0.14877
-4.02298 3.00744 -0.14856
-4.02471 3.00878 -0.14779
-4.02643 3.01012 -0.14701
-4.02843 3.01138 -0.14681
-4.02815 3.01330 -0.14212
-4.02871 3.01495 -0.13915
-4.02984 3.01643 -0.13731
-4.02843 3.01859 -0.13064
-4.03037 3.01981 -0.13044
-4.03148 3.02125 -0.12864
-4.03772 3.02135 -0.13649
-4.03593 3.02353 -0.12930
-4.03701 3.02495 -0.12752
-4.03809 3.02637 -0.12574
-4.01630 3.00550 -0.15072
-4.01858 3.00666 -0.15108
-4.02060 3.00792 -0.15087
-4.02233 3.00927 -0.15009
-4.02434 3.01052 -0.14989
-4.02578 3.01195 -0.14854
-4.02751 3.01329 -0.14777
-4.02922 3.01463 -0.14699
-4.02893 3.01653 -0.14231
-4.02921 3.01824 -0.13879
-4.03062 3.01963 -0.13749
-4.02920 3.02175 -0.13082
-4.02191 3.00913 -0.15647
-4.02394 3.01040 -0.15626
-4.02569 3.01176 -0.15547
-4.02743 3.01311 -0.15468
-4.02873 2.98195 -0.14749
-4.03043 2.98335 -0.14673
-4.02891 2.98545 -0.14655
-4.03118 2.98661 -0.14692
-4.03345 2.98778 -0.14728
-4.03601 2.98883 -0.14822
-4.02767 2.98743 -0.14693
-4.02966 2.98871 -0.14673
-4.03192 2.98987 -0.14710
-4.03419 2.99104 -0.14747
-4.03647 2.99221 -0.14784
-4.03875 2.99338 -0.14821
-4.02842 2.99069 -0.14711
-4.03068 2.99185 -0.14748
-4.03295 2.99302 -0.14785
-4.03494 2.99430 -0.14765
-4.03721 2.99548 -0.14802
-4.03920 2.99676 -0.14783
-4.02746 2.99256 -0.14805
-4.02944 2.99384 -0.14785
-4.03171 2.99501 -0.14822
-4.03370 2.99629 -0.14803
-4.03597 2.99746 -0.14840
-4.03796 2.99875 -0.14821
-4.03966 3.00013 -0.14745
-4.04164 3.00141 -0.14725
-4.02848 2.99571 -0.14880
-4.03047 2.99699 -0.14860
-4.03274 2.99817 -0.14897
-4.03473 2.99945 -0.14878
-4.03672 3.00073 -0.14858
-4.03842 3.00211 -0.14782
-4.04011 3.00349 -0.14707
-4.04180 3.00486 -0.14631
-4.02923 2.99898 -0.14898
-4.03150 3.00016 -0.14935
-4.03349 3.00144 -0.14916
-4.03519 3.00282 -0.14840
-4.03718 3.00410 -0.14820
-4.03858 3.00556 -0.14688
-4.03998 3.00703 -0.14556
-4.04021 3.00885 -0.14203
-4.03957 3.01090 -0.13691
-4.04066 3.01242 -0.13510
-4.03026 3.00214 -0.14973
-4.03225 3.00342 -0.14954
-4.03395 3.00480 -0.14877
-4.03565 3.00617 -0.14801
-4.03705 3.00764 -0.14669
-4.03845 3.00909 -0.14538
-4.03812 3.01107 -0.14075
-4.03835 3.01285 -0.13728
-4.03944 3.01436 -0.13547
-4.04138 3.01561 -0.13528
-4.04160 3.01734 -0.13188
-4.04324 3.01866 -0.13115
-4.04517 3.01990 -0.13097
-4.04710 3.02115 -0.13078
-4.04903 3.02239 -0.13059
-4.05007 3.02385 -0.12881
-4.05170 3.02516 -0.12810
-4.05333 3.02647 -0.12738
-4.05614 3.02749 -0.12877
-4.06100 3.05935 -0.06735
-4.02930 3.00403 -0.15068
-4.03129 3.00532 -0.15048
-4.03271 3.00679 -0.14915
-4.03441 3.00816 -0.14839
-4.03582 3.00962 -0.14707
-4.03722 3.01107 -0.14576
-4.03661 3.01312 -0.14058
-4.03657 3.01496 -0.13657
-4.03710 3.01662 -0.13369
-4.03846 3.01803 -0.13243
-4.04039 3.01927 -0.13224
-4.04147 3.02074 -0.13046
-4.04339 3.02198 -0.13027
-4.04503 3.02329 -0.12955
-4.04695 3.02453 -0.12937
-4.04887 3.02577 -0.12918
-4.05050 3.02708 -0.12846
-4.05183 3.02845 -0.12722
-4.05434 3.02955 -0.12809
-4.03004 3.00730 -0.15086
-4.03147 3.00877 -0.14953
-4.03317 3.01014 -0.14877
-4.03458 3.01159 -0.14745
-4.03598 3.01304 -0.14613
-4.03538 3.01507 -0.14095
-4.03507 3.01699 -0.13640
-4.03533 3.01871 -0.13299
-4.03726 3.01995 -0.13280
-4.03919 3.02120 -0.13261
-4.04027 3.02266 -0.13083
-4.04219 3.02390 -0.13064
-4.04411 3.02514 -0.13045
-4.04575 3.02645 -0.12973
-4.04767 3.02769 -0.12954
-4.04930 3.02900 -0.12883
-4.05093 3.03030 -0.12811
-4.05344 3.03140 -0.12898
-4.06022 3.03160 -0.13736
-4.06373 3.03253 -0.13991
-4.06538 3.03386 -0.13916
-4.06766 3.03506 -0.13952
-4.02908 3.00920 -0.15181
-4.03079 3.01058 -0.15104
-4.03221 3.01203 -0.14971
-4.03391 3.01340 -0.14895
-4.03532 3.01485 -0.14763
-4.03673 3.01629 -0.14631
-4.03583 3.01837 -0.14058
-4.03552 3.02025 -0.13604
-4.03633 3.02181 -0.13370
-4.03798 3.02313 -0.13298
-4.03935 3.02451 -0.13172
-4.04127 3.02575 -0.13153
-4.04349 3.02693 -0.13188
-4.04484 3.02830 -0.13063
-4.04647 3.02961 -0.12991
-4.04839 3.03085 -0.12972
-4.05002 3.03215 -0.12901
-4.05704 3.03229 -0.13793
-4.06023 3.03329 -0.13992
-4.06251 3.03449 -0.14028
-4.06447 3.03576 -0.14009
-4.06644 3.03702 -0.13989
-4.03040 3.01230 -0.15314
-4.03239 3.01359 -0.15294
-4.03439 3.01487 -0.15275
-4.03466 3.01666 -0.14914
-4.03578 3.01818 -0.14725
-4.03461 3.02032 -0.14095
-4.03431 3.02219 -0.13641
-4.03513 3.02374 -0.13407
-4.03678 3.02505 -0.13334
-4.03842 3.02637 -0.13262
-4.04035 3.02761 -0.13243
-4.04228 3.02885 -0.13224
-4.04421 3.03009 -0.13206
-4.04556 3.03147 -0.13080
-4.04748 3.03271 -0.13062
-4.06451 3.03070 -0.15771
-4.06654 3.03200 -0.15751
-4.06758 3.03351 -0.15556
-4.06764 3.03519 -0.15190
-4.06834 3.03674 -0.14942
-4.07165 3.03778 -0.15151
-4.06717 3.04025 -0.14008
-4.02828 3.01266 -0.15602
-4.02972 3.01412 -0.15467
-4.03143 3.01550 -0.15389
-4.03343 3.01678 -0.15370
-4.03543 3.01807 -0.15350
-4.03627 3.01968 -0.15102
-4.03367 3.02220 -0.14187
-4.03226 3.02435 -0.13516
-4.03364 3.02574 -0.13390
-4.03529 3.02705 -0.13318
-4.03694 3.02836 -0.13246
-4.03887 3.02960 -0.13227
-4.04108 3.03078 -0.13261
-4.04243 3.03215 -0.13136
-4.04436 3.03339 -0.13117
-4.06632 3.03552 -0.15595
-4.06638 3.03720 -0.15228
-4.06709 3.03873 -0.14980
-4.03525 3.04617 -0.09026
-4.03574 3.04754 -0.08784
-4.02302 3.01208 -0.15679
-4.02530 3.01328 -0.15717
-4.02703 3.01466 -0.15640
-4.02903 3.01595 -0.15620
-4.03018 3.01749 -0.15428
-4.03218 3.01878 -0.15408
-4.03418 3.02007 -0.15388
-4.03502 3.02167 -0.15140
-4.02912 3.02504 -0.13572
-4.03050 3.02642 -0.13446
-4.03244 3.02767 -0.13427
-4.03409 3.02898 -0.13355
-4.03574 3.03029 -0.13282
-4.03738 3.03159 -0.13210
-4.03902 3.03290 -0.13138
-4.04095 3.03413 -0.13120
-4.04315 3.03531 -0.13154
-4.06385 3.03944 -0.15037
-4.03364 3.04657 -0.09305
-4.03287 3.04817 -0.08835
-4.02003 3.01270 -0.15795
-4.02232 3.01391 -0.15833
-4.02461 3.01512 -0.15872
-4.02634 3.01650 -0.15794
-4.02806 3.01787 -0.15716
-4.02979 3.01925 -0.15639
-4.03179 3.02054 -0.15619
-4.03380 3.02183 -0.15599
-4.03435 3.02351 -0.15292
-4.02791 3.02697 -0.13609
-4.02985 3.02821 -0.13590
-4.03123 3.02960 -0.13464
-4.03288 3.03091 -0.13391
-4.03481 3.03215 -0.13372
-4.03618 3.03352 -0.13247
-4.01960 3.01445 -0.16008
-4.02189 3.01566 -0.16047
-4.02391 3.01696 -0.16027
-4.02564 3.01834 -0.15949
-4.02709 3.01980 -0.15813
-4.02853 3.02125 -0.15677
-4.03054 3.02254 -0.15657
-4.03168 3.02406 -0.15464
-4.01917 3.01621 -0.16223
-4.02119 3.01751 -0.16203
-4.02321 3.01881 -0.16183
-4.02523 3.02011 -0.16163
-4.02736 2.98546 -0.15052
-4.02879 2.98697 -0.14918
-4.02994 2.98859 -0.14729
-4.03192 2.98987 -0.14710
-4.03277 2.99159 -0.14466
-4.03474 2.99286 -0.14447
-4.03039 2.98991 -0.15108
-4.03182 2.99142 -0.14974
-4.03352 2.99281 -0.14898
-4.03551 2.99409 -0.14878
-4.03897 2.99484 -0.15143
-4.03057 2.99136 -0.15433
-4.03257 2.99265 -0.15413
-4.03458 2.99394 -0.15393
-4.03659 2.99523 -0.15374
-4.03889 2.99642 -0.15412
-4.04090 2.99772 -0.15392
-4.03161 2.99455 -0.15509
-4.03362 2.99584 -0.15489
-4.03621 2.99693 -0.15586
-4.03793 2.99833 -0.15508
-4.03964 2.99972 -0.15430
-4.04165 3.00102 -0.15411
-4.04336 3.00241 -0.15333
-4.03294 2.99764 -0.15644
-4.03495 2.99894 -0.15624
-4.03697 3.00023 -0.15604
-4.03868 3.00163 -0.15526
-4.04010 3.00312 -0.15391
-4.04181 3.00451 -0.15314
-4.04292 3.00609 -0.15122
-4.04196 3.00830 -0.14537
-4.03398 3.00085 -0.15720
-4.03600 3.00215 -0.15701
-4.03772 3.00354 -0.15623
-4.03885 3.00513 -0.15429
-4.03967 3.00680 -0.15180
-4.04108 3.00827 -0.15046
-4.04072 3.01028 -0.14575
-4.04182 3.01181 -0.14388
-4.04233 3.01351 -0.14092
-4.04429 3.01478 -0.14073
-4.04625 3.01604 -0.14053
-4.04732 3.01755 -0.13870
-4.04839 3.01904 -0.13687
-4.04827 3.02084 -0.13291
-4.04991 3.02216 -0.13218
-4.05096 3.02363 -0.13040
-4.05259 3.02494 -0.12968
-4.05481 3.02611 -0.13002
-4.03474 3.00416 -0.15739
-4.03646 3.00556 -0.15661
-4.03759 3.00714 -0.15467
-4.03813 3.00889 -0.15161
-4.03984 3.01026 -0.15084
-4.04007 3.01208 -0.14725
-4.04059 3.01378 -0.14425
-4.04197 3.01522 -0.14295
-4.04424 3.01641 -0.14331
-4.04532 3.01792 -0.14146
-4.04640 3.01942 -0.13962
-4.04776 3.02084 -0.13833
-4.04706 3.02277 -0.13328
-4.04870 3.02409 -0.13255
-4.05034 3.02541 -0.13183
-4.05198 3.02673 -0.13111
-4.03348 3.00618 -0.15777
-4.03521 3.00757 -0.15699
-4.03634 3.00914 -0.15506
-4.03689 3.01088 -0.15199
-4.03859 3.01226 -0.15122
-4.03970 3.01380 -0.14932
-4.04081 3.01534 -0.14743
-4.04191 3.01686 -0.14555
-4.04389 3.01813 -0.14536
-4.04587 3.01941 -0.14516
-4.04695 3.02091 -0.14330
-4.04713 3.02264 -0.13980
-4.04556 3.02478 -0.13311
-4.04749 3.02603 -0.13292
-4.04943 3.02727 -0.13273
-4.04095 3.04037 -0.09334
-4.03366 3.00967 -0.15679
-4.03509 3.01115 -0.15544
-4.03564 3.01288 -0.15237
-4.03676 3.01442 -0.15046
-4.03846 3.01579 -0.14970
-4.03957 3.01732 -0.14781
-4.04097 3.01875 -0.14649
-4.04295 3.02003 -0.14629
-4.04493 3.02130 -0.14610
-4.04631 3.02273 -0.14479
-4.04620 3.02452 -0.14072
-4.04787 3.02586 -0.13998
-4.04629 3.02796 -0.13329
-4.03725 3.04116 -0.09248
-4.03722 3.04266 -0.08913
-4.03240 3.01168 -0.15718
-4.03383 3.01315 -0.15582
-4.03439 3.01487 -0.15275
-4.03552 3.01641 -0.15084
-4.03722 3.01777 -0.15007
-4.03834 3.01930 -0.14818
-4.04003 3.02065 -0.14743
-4.04201 3.02193 -0.14723
-4.04399 3.02320 -0.14704
-4.04716 3.02418 -0.14910
-4.02802 3.04157 -0.08508
-4.03154 3.04235 -0.08802
-4.03382 3.04339 -0.08874
-4.03559 3.04454 -0.08857
-4.03114 3.01369 -0.15756
-4.03258 3.01516 -0.15620
-4.03229 3.01712 -0.15141
-4.03428 3.01840 -0.15122
-4.03540 3.01992 -0.14932
-4.03537 3.02174 -0.14520
-4.03734 3.02301 -0.14500
-4.03931 3.02428 -0.14481
-4.04099 3.02562 -0.14406
-4.04238 3.02703 -0.14276
-4.04317 3.02858 -0.14037
-4.02516 3.04219 -0.08559
-4.02667 3.04337 -0.08497
-4.02868 3.04446 -0.08524
-4.03195 3.04531 -0.08774
-4.03372 3.04645 -0.08756
-4.02671 3.01284 -0.16009
-4.02844 3.01423 -0.15931
-4.03017 3.01561 -0.15853
-4.03190 3.01700 -0.15775
-4.03133 3.01903 -0.15236
-4.03303 3.02039 -0.15160
-4.03445 3.02183 -0.15026
-4.03358 3.02386 -0.14446
-4.03554 3.02513 -0.14427
-4.03780 3.02632 -0.14463
-4.04034 3.02745 -0.14555
-4.04173 3.02886 -0.14424
-4.02406 3.04395 -0.08592
-4.02533 3.04518 -0.08487
-4.02169 3.01217 -0.16146
-4.02371 3.01347 -0.16126
-4.02573 3.01477 -0.16106
-4.02747 3.01616 -0.16028
-4.02920 3.01754 -0.15949
-4.03093 3.01892 -0.15871
-4.03036 3.02094 -0.15331
-4.03207 3.02230 -0.15254
-4.03349 3.02373 -0.15121
-4.03376 3.02546 -0.14763
-4.03574 3.02673 -0.14743
-4.03772 3.02800 -0.14724
-4.03998 3.02921 -0.14761
-4.04167 3.03055 -0.14685
-4.02071 3.01410 -0.16243
-4.02273 3.01541 -0.16223
-4.02475 3.01671 -0.16204
-4.02649 3.01809 -0.16125
-4.02823 3.01948 -0.16046
-4.02996 3.02086 -0.15968
-4.03025 3.02262 -0.15599
-4.01852 3.01447 -0.16539
-4.02055 3.01578 -0.16519
-4.02258 3.01709 -0.16499
-4.02433 3.01848 -0.16420
-4.02608 3.01987 -0.16341
-4.03377 2.98345 -0.15627
-4.03549 2.98487 -0.15549
-4.03077 2.98405 -0.15744
-4.03222 2.98559 -0.15608
-4.03394 2.98700 -0.15530
-4.03537 2.98852 -0.15394
-4.03797 2.98959 -0.15490
-4.03618 2.99232 -0.14727
-4.03124 2.98748 -0.15704
-4.03297 2.98890 -0.15626
-4.03441 2.99042 -0.15490
-4.03642 2.99172 -0.15471
-4.03843 2.99301 -0.15451
-4.04044 2.99431 -0.15431
-4.03229 2.99069 -0.15781
-4.03344 2.99232 -0.15587
-4.03545 2.99362 -0.15567
-4.03747 2.99491 -0.15547
-4.03948 2.99621 -0.15527
-4.04150 2.99751 -0.15508
-4.04261 2.99911 -0.15315
-4.03305 2.99401 -0.15800
-4.03478 2.99542 -0.15722
-4.03650 2.99682 -0.15644
-4.03822 2.99822 -0.15566
-4.04024 2.99952 -0.15546
-4.04136 3.00112 -0.15353
-4.04158 3.00300 -0.14990
-4.04180 3.00486 -0.14631
-4.05530 3.04612 -0.07735
-4.05542 3.04751 -0.07460
-4.05526 3.04894 -0.07147
-4.05353 3.05059 -0.06588
-4.05313 3.05200 -0.06245
-4.05273 3.05340 -0.05907
-4.05338 3.05463 -0.05731
-4.03381 2.99733 -0.15819
-4.03554 2.99873 -0.15740
-4.03726 3.00013 -0.15662
-4.03898 3.00153 -0.15584
-4.04010 3.00312 -0.15391
-4.04033 3.00499 -0.15028
-4.04115 3.00665 -0.14781
-4.04254 3.00812 -0.14649
-4.04453 3.00939 -0.14630
-4.04681 3.01058 -0.14666
-4.05460 3.04921 -0.07536
-4.05445 3.05062 -0.07222
-4.05299 3.05221 -0.06703
-4.05259 3.05362 -0.06359
-4.05168 3.05508 -0.05939
-4.05207 3.05634 -0.05723
-4.03457 3.00065 -0.15837
-4.03629 3.00205 -0.15759
-4.03772 3.00354 -0.15623
-4.03885 3.00513 -0.15429
-4.03909 3.00699 -0.15065
-4.03991 3.00864 -0.14819
-4.04160 3.01001 -0.14743
-4.04358 3.01129 -0.14724
-4.04557 3.01256 -0.14704
-4.04785 3.01376 -0.14741
-4.05014 3.01495 -0.14778
-4.05213 3.01623 -0.14759
-4.05381 3.01759 -0.14683
-4.05580 3.01887 -0.14663
-4.05779 3.02015 -0.14644
-4.05977 3.02143 -0.14624
-4.06050 3.02302 -0.14381
-4.05378 3.05090 -0.07612
-4.05364 3.05230 -0.07297
-4.05297 3.05377 -0.06902
-4.05258 3.05517 -0.06554
-4.05089 3.05672 -0.06011
-4.05103 3.05801 -0.05755
-4.03503 3.00406 -0.15797
-4.03646 3.00556 -0.15661
-4.03759 3.00714 -0.15467
-4.03755 3.00907 -0.15046
-4.03867 3.01062 -0.14857
-4.04036 3.01199 -0.14781
-4.04234 3.01327 -0.14761
-4.04463 3.01446 -0.14798
-4.04661 3.01574 -0.14779
-4.04890 3.01694 -0.14816
-4.05089 3.01822 -0.14796
-4.05288 3.01950 -0.14777
-4.05487 3.02078 -0.14757
-4.05717 3.02198 -0.14794
-4.04108 3.03725 -0.09455
-4.05309 3.05395 -0.07415
-4.05322 3.05529 -0.07144
-4.05203 3.05680 -0.06669
-4.04984 3.05840 -0.06043
-4.04998 3.05968 -0.05787
-4.03521 3.00757 -0.15699
-4.03634 3.00914 -0.15506
-4.03602 3.01115 -0.15028
-4.03743 3.01261 -0.14895
-4.03912 3.01397 -0.14819
-4.04111 3.01525 -0.14799
-4.04339 3.01645 -0.14836
-4.04537 3.01773 -0.14817
-4.04766 3.01892 -0.14854
-4.04965 3.02020 -0.14834
-4.05164 3.02149 -0.14815
-4.05363 3.02277 -0.14795
-4.03942 3.03916 -0.09397
-4.05215 3.05701 -0.07177
-4.05149 3.05843 -0.06784
-4.04904 3.06005 -0.06115
-4.04894 3.06136 -0.05819
-4.03395 3.00958 -0.15738
-4.03509 3.01115 -0.15544
-4.03506 3.01305 -0.15122
-4.03647 3.01451 -0.14989
-4.03817 3.01587 -0.14913
-4.04016 3.01715 -0.14893
-4.04214 3.01843 -0.14874
-4.04502 3.01947 -0.15025
-4.04672 3.02083 -0.14948
-4.04871 3.02211 -0.14929
-4.05039 3.02347 -0.14853
-4.05269 3.02468 -0.14890
-4.03392 3.04032 -0.08993
-4.03570 3.04147 -0.08976
-4.04938 3.06027 -0.06652
-4.04622 3.06195 -0.05867
-4.04563 3.06329 -0.05496
-4.03298 3.01150 -0.15834
-4.03441 3.01298 -0.15698
-4.03410 3.01496 -0.15217
-4.03552 3.01641 -0.15084
-4.03722 3.01777 -0.15007
-4.03892 3.01914 -0.14931
-4.04149 3.02026 -0.15025
-4.04378 3.02146 -0.15063
-4.04577 3.02274 -0.15043
-4.04746 3.02410 -0.14967
-4.04946 3.02538 -0.14947
-4.02978 3.04270 -0.08491
-4.03179 3.04378 -0.08518
-4.03201 3.01343 -0.15931
-4.03316 3.01499 -0.15736
-4.03314 3.01687 -0.15313
-4.03456 3.01832 -0.15179
-4.03627 3.01968 -0.15102
-4.03855 3.02088 -0.15140
-4.04054 3.02217 -0.15120
-4.04283 3.02337 -0.15158
-4.04483 3.02466 -0.15138
-4.04682 3.02594 -0.15118
-4.02868 3.04446 -0.08524
-4.03044 3.04559 -0.08507
-4.02699 3.01276 -0.16068
-4.02901 3.01406 -0.16048
-4.03075 3.01544 -0.15970
-4.03248 3.01683 -0.15891
-4.03304 3.01854 -0.15581
-4.03389 3.02015 -0.15331
-4.03531 3.02159 -0.15197
-4.03730 3.02288 -0.15177
-4.03959 3.02408 -0.15215
-4.04159 3.02537 -0.15195
-4.04358 3.02665 -0.15176
-4.04558 3.02794 -0.15156
-4.02399 3.01339 -0.16185
-4.02601 3.01469 -0.16165
-4.02804 3.01599 -0.16145
-4.02977 3.01738 -0.16067
-4.03179 3.01868 -0.16047
-4.03352 3.02006 -0.15968
-4.03380 3.02183 -0.15599
-4.03580 3.02312 -0.15580
-4.03781 3.02441 -0.15560
-4.03952 3.02578 -0.15483
-4.04063 3.02729 -0.15291
-4.04233 3.02865 -0.15214
-4.04433 3.02993 -0.15194
-4.02266 3.01349 -0.16660
-4.02470 3.01480 -0.16640
-4.02702 3.01603 -0.16680
-4.02906 3.01734 -0.16660
-4.03110 3.01865 -0.16640
-4.03314 3.01997 -0.16620
-4.03518 3.02128 -0.16600
-4.02075 3.01377 -0.17020
-4.02308 3.01500 -0.17060
-4.02513 3.01632 -0.17040
-4.02718 3.01764 -0.17020
-4.02924 3.01896 -0.17000
-4.03126 2.98570 -0.16132
-4.03327 2.98703 -0.16113
-4.03645 2.98789 -0.16330
-4.04115 2.98817 -0.16851
-4.04319 2.98952 -0.16832
-4.04463 2.99110 -0.16691
-4.03601 2.99170 -0.16112
-4.03802 2.99303 -0.16092
-4.03974 2.99447 -0.16014
-4.04087 2.99612 -0.15819
-4.04228 2.99765 -0.15683
-4.03443 2.99382 -0.16091
-4.03644 2.99515 -0.16072
-4.03758 2.99680 -0.15876
-4.03929 2.99823 -0.15798
-4.04100 2.99965 -0.15721
-4.04271 3.00108 -0.15643
-4.04471 3.00240 -0.15624
-4.03544 2.99705 -0.16169
-4.03658 2.99870 -0.15973
-4.03830 3.00013 -0.15895
-4.04001 3.00155 -0.15817
-4.04172 3.00297 -0.15739
-4.04313 3.00449 -0.15604
-4.04189 3.00686 -0.14954
-4.04039 3.00927 -0.14264
-4.05982 3.05085 -0.08113
-4.05776 3.05258 -0.07492
-4.05681 3.05411 -0.07053
-4.03559 3.00060 -0.16069
-4.03701 3.00213 -0.15933
-4.03902 3.00345 -0.15913
-4.04073 3.00488 -0.15835
-4.04185 3.00649 -0.15641
-4.04062 3.00884 -0.14991
-4.03914 3.01122 -0.14301
-4.03995 3.01286 -0.14062
-4.04160 3.01422 -0.13988
-4.05870 3.05259 -0.08146
-4.05401 3.05469 -0.07102
-4.05466 3.05597 -0.06918
-4.03602 3.00404 -0.16029
-4.03773 3.00546 -0.15951
-4.03974 3.00678 -0.15932
-4.04057 3.00848 -0.15679
-4.03965 3.01072 -0.15085
-4.03789 3.01317 -0.14337
-4.03899 3.01471 -0.14153
-4.04065 3.01608 -0.14080
-4.04230 3.01744 -0.14006
-4.04424 3.01872 -0.13987
-4.04618 3.02000 -0.13969
-4.04812 3.02128 -0.13950
-4.05006 3.02256 -0.13931
-4.05200 3.02384 -0.13913
-4.05454 3.02497 -0.14003
-4.05679 3.02618 -0.14040
-4.05965 3.02725 -0.14186
-4.05596 3.05457 -0.07917
-4.05476 3.05613 -0.07429
-4.05515 3.05745 -0.07201
-4.03674 3.00737 -0.16048
-4.03845 3.00879 -0.15970
-4.03958 3.01039 -0.15775
-4.03867 3.01260 -0.15180
-4.03664 3.01512 -0.14374
-4.03802 3.01657 -0.14245
-4.03969 3.01794 -0.14171
-4.04106 3.01938 -0.14043
-4.04300 3.02066 -0.14024
-4.04494 3.02194 -0.14005
-4.04688 3.02322 -0.13987
-4.04882 3.02450 -0.13968
-4.05076 3.02578 -0.13949
-4.05359 3.02684 -0.14095
-4.05485 3.05630 -0.07950
-4.05419 3.05778 -0.07547
-4.05591 3.05891 -0.07530
-4.03717 3.01079 -0.16008
-4.03888 3.01220 -0.15930
-4.03740 3.01458 -0.15217
-4.03823 3.01623 -0.14971
-4.03706 3.01844 -0.14337
-4.03844 3.01988 -0.14208
-4.04010 3.02124 -0.14134
-4.04204 3.02252 -0.14116
-4.04370 3.02388 -0.14042
-4.04564 3.02516 -0.14023
-4.04758 3.02644 -0.14005
-4.04952 3.02772 -0.13986
-4.03646 3.04209 -0.09133
-4.05562 3.05778 -0.08288
-4.05361 3.05943 -0.07665
-4.05480 3.06063 -0.07563
-4.03760 3.01421 -0.15968
-4.03786 3.01605 -0.15599
-4.03811 3.01786 -0.15236
-4.03637 3.02022 -0.14485
-4.03776 3.02167 -0.14355
-4.03914 3.02311 -0.14226
-4.04108 3.02439 -0.14207
-4.04274 3.02574 -0.14134
-4.04468 3.02703 -0.14115
-4.04633 3.02838 -0.14041
-4.03305 3.04280 -0.09093
-4.03533 3.04386 -0.09166
-4.03684 3.04508 -0.09104
-4.05251 3.06115 -0.07697
-4.04979 3.06282 -0.06964
-4.05410 3.06364 -0.07366
-4.03660 3.01612 -0.16064
-4.03658 3.01804 -0.15637
-4.03742 3.01968 -0.15387
-4.03796 3.02139 -0.15083
-4.03736 3.02338 -0.14558
-4.03903 3.02475 -0.14484
-4.04012 3.02626 -0.14299
-4.04207 3.02754 -0.14280
-4.02914 3.04208 -0.09296
-4.03066 3.04329 -0.09234
-4.03242 3.04446 -0.09217
-4.03419 3.04563 -0.09200
-4.03596 3.04679 -0.09183
-4.03532 3.01813 -0.16102
-4.03617 3.01978 -0.15849
-4.03672 3.02150 -0.15540
-4.03813 3.02297 -0.15406
-4.03982 3.02435 -0.15329
-4.04180 3.02566 -0.15310
-4.02446 3.04151 -0.09364
-4.02623 3.04268 -0.09347
-4.02800 3.04384 -0.09330
-4.02977 3.04501 -0.09313
-4.03179 3.04613 -0.09341
-4.03357 3.04730 -0.09324
-4.03087 3.01723 -0.16356
-4.03260 3.01864 -0.16277
-4.03432 3.02005 -0.16199
-4.03489 3.02178 -0.15887
-4.03545 3.02349 -0.15578
-4.03686 3.02495 -0.15443
-4.03855 3.02633 -0.15367
-4.04053 3.02764 -0.15348
-4.02253 3.04190 -0.09598
-4.02333 3.04328 -0.09397
-4.02510 3.04444 -0.09380
-4.02712 3.04556 -0.09409
-4.02889 3.04673 -0.09392
-4.02870 3.01757 -0.16652
-4.02987 3.01916 -0.16453
-4.03160 3.02057 -0.16375
-4.03303 3.02205 -0.16237
-4.03389 3.02369 -0.15983
-4.03417 3.02547 -0.15615
-4.03530 3.02700 -0.15423
-4.03728 3.02831 -0.15404
-4.03811 3.02990 -0.15157
-4.04008 3.03120 -0.15138
-4.02708 3.01774 -0.17071
-4.02854 3.01925 -0.16930
-4.02943 3.02092 -0.16670
-4.03059 3.02250 -0.16472
-4.03232 3.02390 -0.16393
-4.03376 3.02539 -0.16256
-4.03290 3.02746 -0.15653
-4.03403 3.02898 -0.15461
-4.02487 3.01809 -0.17373
-4.02662 3.01952 -0.17292
-4.02781 3.02112 -0.17090
-4.02898 3.02270 -0.16889
-4.02987 3.02435 -0.16629
-4.03131 3.02584 -0.16491
-4.03038 2.98389 -0.16389
-4.03240 2.98522 -0.16369
-4.03414 2.98667 -0.16290
-4.03587 2.98812 -0.16211
-4.03789 2.98946 -0.16192
-4.03284 2.98869 -0.16328
-4.03457 2.99014 -0.16250
-4.03659 2.99147 -0.16230
-4.03861 2.99280 -0.16211
-4.04063 2.99414 -0.16191
-4.04385 2.99503 -0.16410
-4.03299 2.99227 -0.16229
-4.03443 2.99382 -0.16091
-4.03644 2.99515 -0.16072
-4.03904 2.99626 -0.16170
-4.04136 2.99749 -0.16210
-4.04308 2.99892 -0.16131
-4.04360 3.00077 -0.15818
-4.03429 2.99540 -0.16366
-4.03690 2.99651 -0.16466
-4.03893 2.99785 -0.16446
-4.04095 2.99919 -0.16427
-4.04178 3.00094 -0.16170
-4.04231 3.00277 -0.15856
-4.04283 3.00459 -0.15546
-4.05579 3.04864 -0.08059
-4.05753 3.04979 -0.08042
-4.06009 3.05080 -0.08156
-4.03619 2.99833 -0.16624
-4.03792 2.99977 -0.16544
-4.03995 3.00111 -0.16525
-4.04138 3.00265 -0.16386
-4.04132 3.00468 -0.15953
-4.04156 3.00658 -0.15583
-4.04296 3.00809 -0.15449
-4.04406 3.00968 -0.15257
-4.04428 3.01153 -0.14897
-4.05347 3.04914 -0.08196
-4.05494 3.05033 -0.08135
-4.05642 3.05152 -0.08075
-4.05897 3.05255 -0.08189
-4.03721 3.00159 -0.16703
-4.03895 3.00303 -0.16623
-4.04068 3.00447 -0.16544
-4.04003 3.00669 -0.15991
-4.03998 3.00867 -0.15563
-4.04139 3.01017 -0.15429
-4.04221 3.01184 -0.15180
-4.04302 3.01350 -0.14934
-4.04440 3.01498 -0.14802
-4.04549 3.01653 -0.14615
-4.04686 3.01799 -0.14484
-4.04794 3.01952 -0.14299
-4.04930 3.02097 -0.14170
-4.05095 3.02233 -0.14096
-4.05290 3.02362 -0.14077
-4.05182 3.05097 -0.08141
-4.05356 3.05212 -0.08125
-4.05503 3.05330 -0.08064
-4.05677 3.05445 -0.08048
-4.05960 3.05544 -0.08206
-4.03794 3.00496 -0.16722
-4.03938 3.00650 -0.16582
-4.03875 3.00869 -0.16028
-4.03842 3.01075 -0.15543
-4.03925 3.01243 -0.15294
-4.04065 3.01391 -0.15161
-4.04175 3.01547 -0.14971
-4.04314 3.01694 -0.14839
-4.04423 3.01849 -0.14652
-4.04561 3.01994 -0.14521
-4.04668 3.02147 -0.14336
-4.04805 3.02292 -0.14206
-4.05000 3.02420 -0.14188
-4.05314 3.02519 -0.14390
-4.03254 3.03833 -0.08863
-4.05165 3.05398 -0.08027
-4.05338 3.05512 -0.08010
-4.05512 3.05627 -0.07993
-4.05767 3.05730 -0.08107
-4.03867 3.00833 -0.16740
-4.03746 3.01070 -0.16066
-4.03685 3.01283 -0.15523
-4.03740 3.01458 -0.15217
-4.03880 3.01606 -0.15084
-4.04020 3.01753 -0.14952
-4.04188 3.01891 -0.14877
-4.04268 3.02053 -0.14633
-4.04435 3.02190 -0.14558
-4.04543 3.02342 -0.14373
-4.04739 3.02471 -0.14354
-4.04934 3.02600 -0.14335
-4.02794 3.03930 -0.08602
-4.02968 3.04046 -0.08585
-4.05227 3.05685 -0.08043
-4.05374 3.05804 -0.07983
-4.05628 3.05907 -0.08097
-4.03737 3.01036 -0.16779
-4.03705 3.01243 -0.16282
-4.03789 3.01412 -0.16026
-4.03728 3.01622 -0.15484
-4.03782 3.01795 -0.15179
-4.03951 3.01933 -0.15103
-4.04062 3.02088 -0.14914
-4.04172 3.02241 -0.14726
-4.04339 3.02378 -0.14651
-4.04418 3.02537 -0.14410
-4.04613 3.02666 -0.14391
-4.04809 3.02795 -0.14372
-4.02604 3.03968 -0.08829
-4.02682 3.04105 -0.08635
-4.02856 3.04220 -0.08618
-4.05063 3.05866 -0.07989
-4.05236 3.05980 -0.07972
-4.05517 3.06081 -0.08130
-4.03634 3.01427 -0.16438
-4.03748 3.01586 -0.16241
-4.03601 3.01820 -0.15522
-4.03684 3.01984 -0.15273
-4.03853 3.02123 -0.15197
-4.04022 3.02261 -0.15121
-4.04132 3.02414 -0.14932
-4.04300 3.02552 -0.14857
-4.04497 3.02681 -0.14838
-4.02687 3.04101 -0.09223
-4.02667 3.04259 -0.08846
-4.02867 3.04370 -0.08874
-4.03067 3.04481 -0.08901
-4.04380 3.06247 -0.06780
-4.04200 3.06400 -0.06195
-4.03562 3.01611 -0.16596
-4.03706 3.01762 -0.16457
-4.03820 3.01920 -0.16260
-4.03615 3.02166 -0.15425
-4.03813 3.02297 -0.15406
-4.03953 3.02443 -0.15272
-4.04093 3.02588 -0.15139
-4.04232 3.02733 -0.15007
-4.04488 3.02849 -0.15101
-4.02768 3.04082 -0.09964
-4.02722 3.04247 -0.09530
-4.02751 3.04394 -0.09239
-4.02927 3.04511 -0.09222
-4.03054 3.04637 -0.09115
-4.03259 3.01475 -0.17156
-4.03434 3.01619 -0.17076
-4.03462 3.01805 -0.16694
-4.03664 3.01938 -0.16675
-4.03662 3.02129 -0.16239
-4.03660 3.02317 -0.15809
-4.03686 3.02495 -0.15443
-4.03884 3.02626 -0.15424
-4.04024 3.02771 -0.15291
-4.04164 3.02916 -0.15158
-4.02905 3.04208 -0.10469
-4.02782 3.04389 -0.09887
-4.02953 3.01536 -0.17276
-4.03128 3.01679 -0.17195
-4.03332 3.01814 -0.17175
-4.03419 3.01982 -0.16913
-4.03564 3.02133 -0.16773
-4.03737 3.02274 -0.16693
-4.03734 3.02463 -0.16257
-4.03731 3.02648 -0.15828
-4.03815 3.02809 -0.15577
-4.04013 3.02940 -0.15558
-4.04212 3.03071 -0.15539
-4.02617 3.01605 -0.17334
-4.02822 3.01740 -0.17314
-4.02997 3.01883 -0.17234
-4.03201 3.02018 -0.17214
-4.03289 3.02185 -0.16951
-4.03463 3.02327 -0.16872
-4.03607 3.02477 -0.16732
-4.02487 3.01809 -0.17373
-4.02691 3.01944 -0.17353
-4.02866 3.02087 -0.17272
-4.03071 3.02222 -0.17253
-4.03130 3.02396 -0.16929
-4.02779 2.98280 -0.16289
-4.02953 2.98425 -0.16211
-4.03126 2.98570 -0.16132
-4.03327 2.98703 -0.16113
-4.03500 2.98847 -0.16034
-4.03643 2.99003 -0.15897
-4.03025 2.98759 -0.16229
-4.03255 2.98881 -0.16269
-4.03457 2.99014 -0.16250
-4.03659 2.99147 -0.16230
-4.03715 2.99336 -0.15916
-4.03916 2.99469 -0.15897
-4.04117 2.99601 -0.15877
-4.03212 2.99048 -0.16486
-4.03415 2.99182 -0.16466
-4.03588 2.99327 -0.16387
-4.03732 2.99482 -0.16249
-4.03934 2.99615 -0.16229
-4.04047 2.99780 -0.16033
-4.04278 2.99903 -0.16072
-4.04539 3.00015 -0.16171
-4.03343 2.99362 -0.16625
-4.03546 2.99496 -0.16605
-4.03749 2.99630 -0.16585
-4.03922 2.99774 -0.16506
-4.04006 2.99950 -0.16248
-4.04149 3.00104 -0.16110
-4.04380 3.00227 -0.16150
-4.04672 3.00330 -0.16309
-4.04783 3.00493 -0.16111
-4.04830 3.04414 -0.08039
-4.04873 3.04553 -0.07806
-4.04915 3.04690 -0.07575
-4.04983 3.04822 -0.07388
-4.05154 3.04935 -0.07371
-4.03648 2.99822 -0.16684
-4.03851 2.99956 -0.16664
-4.03995 3.00111 -0.16525
-4.04020 3.00305 -0.16149
-4.04221 3.00438 -0.16129
-4.04452 3.00561 -0.16169
-4.04504 3.00742 -0.15855
-4.04495 3.00940 -0.15430
-4.04575 3.01108 -0.15181
-4.04774 3.01239 -0.15162
-4.04867 3.04707 -0.08011
-4.04935 3.04840 -0.07822
-4.04977 3.04976 -0.07590
-4.05228 3.05077 -0.07702
-4.03721 3.00159 -0.16703
-4.03924 3.00293 -0.16683
-4.03890 3.00507 -0.16187
-4.04092 3.00639 -0.16167
-4.04293 3.00772 -0.16148
-4.04375 3.00943 -0.15893
-4.04368 3.01139 -0.15467
-4.04507 3.01288 -0.15333
-4.04676 3.01428 -0.15256
-4.04875 3.01559 -0.15237
-4.05073 3.01690 -0.15218
-4.05272 3.01821 -0.15199
-4.02966 3.03437 -0.08775
-4.04781 3.04876 -0.08088
-4.04850 3.05008 -0.07898
-4.04971 3.05131 -0.07795
-4.05144 3.05245 -0.07778
-4.03650 3.00342 -0.16862
-4.03794 3.00496 -0.16722
-4.03820 3.00689 -0.16343
-4.03992 3.00831 -0.16265
-4.04194 3.00964 -0.16245
-4.04306 3.01125 -0.16049
-4.04328 3.01311 -0.15679
-4.04439 3.01470 -0.15486
-4.04638 3.01601 -0.15466
-4.04837 3.01732 -0.15447
-4.05037 3.01864 -0.15428
-4.02952 3.03589 -0.08987
-4.04696 3.05045 -0.08164
-4.04818 3.05169 -0.08060
-4.04860 3.05303 -0.07827
-4.05033 3.05417 -0.07811
-4.03723 3.00679 -0.16881
-4.03867 3.00833 -0.16740
-4.03951 3.01005 -0.16481
-4.04154 3.01138 -0.16462
-4.04356 3.01272 -0.16442
-4.04378 3.01458 -0.16067
-4.04400 3.01643 -0.15697
-4.04600 3.01775 -0.15678
-4.04800 3.01906 -0.15659
-4.02737 3.03632 -0.09173
-4.02839 3.03765 -0.09020
-4.03016 3.03881 -0.09003
-4.04611 3.05215 -0.08241
-4.04759 3.05334 -0.08180
-4.04880 3.05456 -0.08076
-4.03651 3.00864 -0.17041
-4.03855 3.00998 -0.17021
-4.04059 3.01133 -0.17001
-4.04173 3.01295 -0.16800
-4.04377 3.01429 -0.16780
-4.04580 3.01563 -0.16761
-4.02447 3.03692 -0.09223
-4.02624 3.03808 -0.09206
-4.02800 3.03925 -0.09189
-4.02977 3.04041 -0.09172
-4.04647 3.05508 -0.08213
-4.04769 3.05630 -0.08109
-4.04812 3.05763 -0.07876
-4.04880 3.05891 -0.07688
-4.03724 3.01202 -0.17060
-4.03928 3.01337 -0.17040
-4.04133 3.01472 -0.17020
-4.04337 3.01606 -0.17001
-4.02279 3.03724 -0.09502
-4.02334 3.03868 -0.09257
-4.02535 3.03979 -0.09285
-4.02712 3.04096 -0.09268
-4.02864 3.04218 -0.09206
-4.03997 3.05896 -0.07036
-4.03821 3.06054 -0.06445
-4.03842 3.06184 -0.06187
-4.03623 3.01397 -0.17159
-4.03798 3.01541 -0.17079
-4.04002 3.01675 -0.17059
-4.04116 3.01836 -0.16857
-4.04319 3.01970 -0.16838
-4.02165 3.03901 -0.09535
-4.02342 3.04018 -0.09518
-4.02520 3.04135 -0.09501
-4.02648 3.04262 -0.09393
-4.03084 3.01332 -0.17237
-4.03288 3.01466 -0.17217
-4.03492 3.01601 -0.17198
-4.03667 3.01745 -0.17117
-4.03871 3.01879 -0.17097
-4.03956 3.02047 -0.16835
-4.04159 3.02181 -0.16816
-4.04094 3.02387 -0.16259
-4.03681 3.02858 -0.14614
-4.01874 3.03961 -0.09586
-4.02075 3.04073 -0.09615
-4.02777 3.01392 -0.17357
-4.02981 3.01527 -0.17337
-4.03157 3.01671 -0.17256
-4.03361 3.01805 -0.17236
-4.03536 3.01949 -0.17156
-4.03711 3.02091 -0.17075
-4.03796 3.02258 -0.16814
-4.03999 3.02392 -0.16794
-4.03818 3.02626 -0.16003
-4.03360 3.02924 -0.14669
-4.02674 3.01587 -0.17457
-4.02850 3.01731 -0.17376
-4.03055 3.01866 -0.17356
-4.03230 3.02009 -0.17275
-4.03405 3.02152 -0.17194
-4.03580 3.02295 -0.17114
-4.02367 3.01648 -0.17577
-4.02572 3.01783 -0.17557
-4.02748 3.01927 -0.17476
-4.02924 3.02070 -0.17395
-4.03128 3.02205 -0.17375
-4.03073 2.98679 -0.16681
-4.03275 2.98813 -0.16661
-4.03449 2.98960 -0.16582
-4.03650 2.99094 -0.16562
-4.03649 2.99308 -0.16127
-4.03849 2.99441 -0.16107
-4.03346 2.99150 -0.16679
-4.03549 2.99285 -0.16659
-4.03519 2.99508 -0.16164
-4.03604 2.99685 -0.15910
-4.03804 2.99818 -0.15890
-4.03887 2.99992 -0.15638
-4.03855 3.00206 -0.15160
-4.03475 2.99464 -0.16816
-4.03620 2.99621 -0.16676
-4.03763 2.99778 -0.16537
-4.03732 2.99996 -0.16044
-4.03787 3.00181 -0.15733
-4.03756 3.00393 -0.15253
-4.03839 3.00563 -0.15007
-4.03893 3.00742 -0.14707
-4.03547 2.99802 -0.16834
-4.03662 2.99969 -0.16634
-4.03689 3.00165 -0.16258
-4.03658 3.00380 -0.15770
-4.03714 3.00561 -0.15462
-4.03740 3.00750 -0.15100
-4.03794 3.00928 -0.14799
-4.03876 3.01095 -0.14556
-4.03873 3.01286 -0.14151
-4.04418 3.04501 -0.08133
-4.04489 3.04635 -0.07943
-4.04507 3.04777 -0.07669
-4.04475 3.04927 -0.07313
-4.04569 3.05054 -0.07171
-4.03704 3.00315 -0.16592
-4.03760 3.00500 -0.16275
-4.03671 3.00730 -0.15671
-4.03641 3.00938 -0.15193
-4.03696 3.01114 -0.14891
-4.03750 3.01289 -0.14592
-4.03748 3.01480 -0.14187
-4.03801 3.01651 -0.13895
-4.03798 3.01836 -0.13500
-4.03962 3.01971 -0.13427
-4.04097 3.02114 -0.13302
-4.04287 3.02241 -0.13284
-4.04478 3.02368 -0.13265
-4.04668 3.02495 -0.13246
-4.04403 3.04802 -0.08018
-4.04396 3.04949 -0.07700
-4.04517 3.05072 -0.07598
-4.04560 3.05207 -0.07370
-4.04782 3.05312 -0.07438
-4.03602 3.00507 -0.16689
-4.03687 3.00681 -0.16431
-4.03685 3.00882 -0.15998
-4.03627 3.01098 -0.15458
-4.03710 3.01266 -0.15210
-4.03736 3.01449 -0.14852
-4.03650 3.01665 -0.14277
-4.03704 3.01835 -0.13985
-4.03702 3.02019 -0.13588
-4.03866 3.02154 -0.13516
-4.04029 3.02289 -0.13444
-4.04220 3.02417 -0.13425
-4.04291 3.04975 -0.08050
-4.04438 3.05094 -0.07990
-4.04457 3.05234 -0.07715
-4.04577 3.05356 -0.07613
-4.04748 3.05470 -0.07596
-4.03673 3.00843 -0.16706
-4.03614 3.01063 -0.16153
-4.03527 3.01287 -0.15552
-4.03611 3.01454 -0.15303
-4.03610 3.01645 -0.14888
-4.03525 3.01858 -0.14313
-4.03663 3.02003 -0.14185
-4.03606 3.02203 -0.13677
-4.03769 3.02338 -0.13605
-4.02497 3.03834 -0.08662
-4.02670 3.03950 -0.08645
-4.04301 3.05270 -0.07978
-4.04346 3.05405 -0.07747
-4.04466 3.05527 -0.07645
-4.04663 3.05638 -0.07671
-4.04937 3.05737 -0.07825
-4.03715 3.01189 -0.16664
-4.03399 3.01484 -0.15588
-4.03483 3.01651 -0.15340
-4.03624 3.01799 -0.15207
-4.03482 3.02028 -0.14515
-4.03565 3.02189 -0.14275
-4.03731 3.02325 -0.14201
-4.02842 3.03746 -0.09889
-4.02384 3.04008 -0.08694
-4.02606 3.04113 -0.08766
-4.04189 3.05442 -0.08010
-4.04387 3.05553 -0.08036
-4.04559 3.05668 -0.08019
-4.03642 3.01373 -0.16821
-4.03242 3.01691 -0.15568
-4.03355 3.01848 -0.15376
-4.03496 3.01995 -0.15243
-4.03412 3.02206 -0.14662
-4.03495 3.02367 -0.14421
-4.03717 3.02488 -0.14457
-4.02726 3.03924 -0.09922
-4.02657 3.04097 -0.09445
-4.02809 3.04220 -0.09382
-4.04124 3.05748 -0.07810
-4.04020 3.05902 -0.07328
-4.04189 3.06015 -0.07311
-4.04434 3.06118 -0.07420
-4.03540 3.01566 -0.16919
-4.03114 3.01889 -0.15604
-4.03228 3.02045 -0.15413
-4.03369 3.02192 -0.15279
-4.03286 3.02401 -0.14698
-4.03397 3.02553 -0.14512
-4.03591 3.02682 -0.14493
-4.02660 3.04091 -0.10048
-4.02592 3.04263 -0.09569
-4.02695 3.04396 -0.09414
-4.03330 3.06151 -0.06374
-4.03497 3.06262 -0.06358
-4.03615 3.06378 -0.06262
-4.03351 3.01589 -0.17279
-4.03496 3.01742 -0.17138
-4.03352 3.01979 -0.16399
-4.03156 3.02226 -0.15564
-4.03241 3.02389 -0.15316
-4.03160 3.02595 -0.14734
-4.03271 3.02747 -0.14548
-4.03465 3.02876 -0.14529
-4.02569 3.04264 -0.10128
-4.02429 3.04450 -0.09510
-4.02581 3.04572 -0.09447
-4.03044 3.01648 -0.17398
-4.03219 3.01792 -0.17317
-4.03394 3.01936 -0.17236
-4.03279 3.02163 -0.16555
-4.03056 3.02416 -0.15658
-4.03169 3.02570 -0.15466
-4.03034 3.02790 -0.14770
-4.03201 3.02927 -0.14695
-4.02766 3.01698 -0.17578
-4.02941 3.01843 -0.17497
-4.03087 3.01996 -0.17354
-4.03262 3.02140 -0.17273
-4.03292 3.02324 -0.16891
-4.03293 3.02513 -0.16453
-4.03125 3.02745 -0.15675
-4.02908 3.02985 -0.14806
-4.02662 3.01894 -0.17678
-4.02837 3.02038 -0.17596
-4.03013 3.02183 -0.17515
-4.03159 3.02335 -0.17372
-4.02558 3.02090 -0.17777
-4.02762 3.02226 -0.17757
-4.02903 2.98750 -0.16324
-4.02991 2.98930 -0.16068
-4.03135 2.99086 -0.15932
-4.03363 2.99208 -0.15971
-4.03562 2.99341 -0.15951
-4.03791 2.99463 -0.15990
-4.03991 2.99596 -0.15970
-4.04191 2.99730 -0.15950
-4.03005 2.99286 -0.15969
-4.03233 2.99408 -0.16007
-4.03433 2.99541 -0.15988
-4.03662 2.99663 -0.16027
-4.03862 2.99796 -0.16007
-4.04062 2.99930 -0.15987
-4.04203 3.00084 -0.15851
-4.04373 3.00227 -0.15773
-4.03562 2.99643 -0.16557
-4.03734 2.99788 -0.16477
-4.03790 2.99975 -0.16162
-4.03990 3.00109 -0.16142
-4.04132 3.00263 -0.16005
-4.04302 3.00406 -0.15927
-4.04355 3.00588 -0.15616
-4.04377 3.00778 -0.15252
-4.04104 3.04264 -0.07688
-4.04001 3.04432 -0.07206
-4.04096 3.04559 -0.07065
-4.04265 3.04672 -0.07048
-4.03633 2.99979 -0.16574
-4.03776 3.00134 -0.16435
-4.03860 3.00309 -0.16179
-4.04002 3.00463 -0.16042
-4.04173 3.00606 -0.15963
-4.04284 3.00768 -0.15769
-4.04249 3.00975 -0.15289
-4.04447 3.01107 -0.15269
-4.04644 3.01239 -0.15250
-4.03869 3.04459 -0.07507
-4.03891 3.04602 -0.07238
-4.04011 3.04724 -0.07138
-4.04180 3.04837 -0.07121
-4.03646 3.00336 -0.16472
-4.03702 3.00520 -0.16157
-4.03873 3.00663 -0.16079
-4.03956 3.00834 -0.15825
-4.04010 3.01014 -0.15517
-4.04121 3.01173 -0.15325
-4.04231 3.01331 -0.15135
-4.04516 3.01436 -0.15286
-4.03159 3.02889 -0.10435
-4.03263 3.03028 -0.10276
-4.03340 3.03174 -0.10070
-4.03759 3.04630 -0.07538
-4.03781 3.04771 -0.07269
-4.03901 3.04893 -0.07169
-4.04071 3.05006 -0.07152
-4.04265 3.05114 -0.07177
-4.03515 3.00537 -0.16510
-4.03543 3.00729 -0.16135
-4.03657 3.00891 -0.15940
-4.03798 3.01043 -0.15804
-4.03882 3.01212 -0.15553
-4.03907 3.01397 -0.15191
-4.04075 3.01537 -0.15115
-4.02966 3.03088 -0.10327
-4.03070 3.03227 -0.10168
-4.03173 3.03365 -0.10009
-4.03696 3.04936 -0.07342
-4.03792 3.05062 -0.07200
-4.03936 3.05179 -0.07142
-4.04105 3.05292 -0.07125
-4.04375 3.05389 -0.07276
-4.03471 3.00910 -0.16290
-4.03528 3.01090 -0.15977
-4.03555 3.01278 -0.15609
-4.03725 3.01418 -0.15532
-4.03751 3.01602 -0.15170
-4.03890 3.01750 -0.15038
-4.02670 3.03148 -0.10377
-4.02775 3.03287 -0.10218
-4.02879 3.03425 -0.10060
-4.02982 3.03562 -0.09903
-4.03135 3.03686 -0.09839
-4.03586 3.05106 -0.07374
-4.03657 3.05236 -0.07190
-4.03827 3.05349 -0.07173
-4.03996 3.05461 -0.07157
-4.04265 3.05559 -0.07307
-4.03427 3.01083 -0.16505
-4.03427 3.01281 -0.16072
-4.03427 3.01476 -0.15646
-4.03455 3.01659 -0.15283
-4.03624 3.01799 -0.15207
-4.03820 3.01930 -0.15187
-4.02325 3.03221 -0.10334
-4.02479 3.03347 -0.10269
-4.02609 3.03478 -0.10158
-4.02713 3.03615 -0.10000
-4.02842 3.03746 -0.09889
-4.02970 3.03876 -0.09779
-4.03548 3.05405 -0.07221
-4.03693 3.05522 -0.07163
-4.03862 3.05634 -0.07146
-4.04130 3.05732 -0.07297
-4.03527 3.01210 -0.17022
-4.03440 3.01436 -0.16404
-4.03412 3.01639 -0.15914
-4.03327 3.01856 -0.15319
-4.03440 3.02012 -0.15130
-4.03636 3.02143 -0.15110
-4.02208 3.03400 -0.10367
-4.02314 3.03538 -0.10208
-4.02493 3.03657 -0.10191
-4.02573 3.03799 -0.09986
-4.02702 3.03929 -0.09876
-4.03414 3.05578 -0.07211
-4.03559 3.05694 -0.07153
-4.03728 3.05807 -0.07136
-4.03995 3.05905 -0.07286
-4.03541 3.01367 -0.17364
-4.03599 3.01548 -0.17039
-4.03568 3.01753 -0.16540
-4.03256 3.02037 -0.15470
-4.03369 3.02192 -0.15279
-4.02092 3.03580 -0.10400
-4.02198 3.03717 -0.10241
-4.02304 3.03853 -0.10083
-4.02408 3.03989 -0.09926
-4.02513 3.04123 -0.09770
-4.02929 3.05940 -0.06287
-4.03024 3.06060 -0.06151
-4.03119 3.06180 -0.06016
-4.03438 3.01362 -0.17916
-4.03526 3.01535 -0.17647
-4.03701 3.01680 -0.17566
-4.03787 3.01851 -0.17300
-4.03353 3.02170 -0.15968
-4.03130 3.02420 -0.15089
-4.03326 3.02550 -0.15070
-4.03187 3.01403 -0.18162
-4.03364 3.01549 -0.18079
-4.03481 3.01713 -0.17871
-4.03628 3.01868 -0.17727
-4.03626 3.02063 -0.17277
-4.03000 3.02431 -0.15543
-4.03197 3.02563 -0.15523
-4.02905 3.01453 -0.18346
-4.03082 3.01600 -0.18263
-4.03230 3.01755 -0.18117
-4.03290 3.01936 -0.17785
-4.03291 3.02131 -0.17334
-4.03494 3.02267 -0.17314
-4.03062 2.97803 -0.16609
-4.03264 2.97938 -0.16589
-4.03611 2.98009 -0.16870
-4.03815 2.98144 -0.16850
-4.03959 2.98305 -0.16709
-4.02903 2.98018 -0.16586
-4.03133 2.98140 -0.16626
-4.03451 2.98225 -0.16847
-4.03654 2.98360 -0.16827
-4.03798 2.98519 -0.16687
-4.03971 2.98666 -0.16607
-4.04144 2.98813 -0.16527
-4.03319 2.98428 -0.16884
-4.03522 2.98563 -0.16864
-4.03667 2.98722 -0.16724
-4.03811 2.98880 -0.16584
-4.04013 2.99015 -0.16564
-4.03979 2.99241 -0.16070
-4.04033 2.99430 -0.15758
-4.04000 2.99649 -0.15277
-4.03564 2.98913 -0.16822
-4.03738 2.99059 -0.16741
-4.03882 2.99217 -0.16602
-4.03878 2.99430 -0.16166
-4.03991 2.99596 -0.15970
-4.03987 2.99804 -0.15544
-4.04069 2.99978 -0.15295
-4.04122 3.00161 -0.14991
-4.04232 3.00321 -0.14802
-4.03780 2.99408 -0.16699
-4.03894 2.99576 -0.16500
-4.03949 2.99764 -0.16183
-4.03887 2.99992 -0.15638
-4.03970 3.00166 -0.15388
-4.04110 3.00317 -0.15255
-4.04191 3.00488 -0.15008
-4.04388 3.00619 -0.14989
-4.03793 2.99767 -0.16597
-4.03848 2.99954 -0.16280
-4.03758 3.00191 -0.15675
-4.03813 3.00373 -0.15368
-4.03867 3.00554 -0.15064
-4.04035 3.00694 -0.14988
-4.04232 3.00825 -0.14968
-4.03136 3.02429 -0.10244
-4.03747 3.00145 -0.16376
-4.03516 3.00429 -0.15481
-4.03600 3.00600 -0.15233
-4.03740 3.00750 -0.15100
-4.03908 3.00891 -0.15024
-4.03763 3.01131 -0.14335
-4.04301 3.01153 -0.14985
-4.02869 3.02650 -0.09996
-4.02997 3.02783 -0.09885
-4.03125 3.02915 -0.09775
-4.04322 3.04370 -0.08281
-4.03265 3.04722 -0.06175
-4.03821 3.00274 -0.16832
-4.03818 3.00480 -0.16393
-4.03416 3.00816 -0.15156
-4.03584 3.00956 -0.15080
-4.03444 3.01195 -0.14390
-4.03554 3.01351 -0.14206
-4.03664 3.01505 -0.14023
-4.02753 3.02829 -0.10029
-4.02882 3.02961 -0.09918
-4.03010 3.03093 -0.09808
-4.03323 3.04998 -0.06190
-4.03716 3.00671 -0.16490
-4.03288 3.01013 -0.15192
-4.03457 3.01153 -0.15116
-4.03235 3.01415 -0.14261
-4.03346 3.01570 -0.14078
-4.03157 3.01813 -0.13306
-4.03347 3.01940 -0.13288
-4.02662 3.03001 -0.10109
-4.02766 3.03140 -0.09951
-4.02895 3.03271 -0.09841
-4.03022 3.03402 -0.09731
-4.03819 3.00795 -0.17007
-4.03217 3.01191 -0.15342
-4.03302 3.01358 -0.15096
-4.03110 3.01609 -0.14296
-4.03194 3.01771 -0.14059
-4.02954 3.02027 -0.13183
-4.03144 3.02153 -0.13164
-4.02620 3.03161 -0.10283
-4.02675 3.03312 -0.10031
-4.02779 3.03449 -0.09874
-4.02858 3.03591 -0.09671
-4.03688 3.00998 -0.17045
-4.03089 3.01388 -0.15379
-4.03175 3.01554 -0.15132
-4.02985 3.01802 -0.14332
-4.03069 3.01963 -0.14094
-4.02938 3.02186 -0.13430
-4.03128 3.02312 -0.13411
-4.02648 3.03138 -0.10955
-4.02504 3.03341 -0.10316
-4.02559 3.03490 -0.10064
-4.02664 3.03627 -0.09907
-4.02718 3.03774 -0.09658
-4.03499 3.01018 -0.17407
-4.03732 3.01145 -0.17449
-4.03759 3.01336 -0.17063
-4.03103 3.01733 -0.15282
-4.02941 3.01971 -0.14533
-4.02998 3.02140 -0.14239
-4.03137 3.02284 -0.14111
-4.02531 3.03320 -0.10988
-4.02388 3.03520 -0.10349
-4.02419 3.03675 -0.10050
-4.03366 3.01222 -0.17445
-4.03483 3.01386 -0.17242
-4.03225 3.01662 -0.16264
-4.03031 3.01913 -0.15432
-4.02897 3.02141 -0.14736
-4.03009 3.02294 -0.14550
-4.03258 3.02408 -0.14642
-4.03117 3.01262 -0.17688
-4.03263 3.01417 -0.17544
-4.03293 3.01607 -0.17158
-4.03095 3.01862 -0.16301
-4.03070 3.02062 -0.15814
-4.03102 3.01630 -0.17521
-4.02913 2.98203 -0.15670
-4.03056 2.98360 -0.15535
-4.03198 2.98516 -0.15401
-4.03339 2.98672 -0.15267
-4.03536 2.98804 -0.15248
-4.03733 2.98936 -0.15228
-4.02724 2.98207 -0.16016
-4.02923 2.98341 -0.15996
-4.02983 2.98534 -0.15686
-4.03125 2.98690 -0.15551
-4.03267 2.98846 -0.15417
-4.03606 2.98920 -0.15685
-4.03891 2.99019 -0.15840
-4.04119 2.99141 -0.15878
-4.04260 2.99296 -0.15742
-4.02849 2.98516 -0.16150
-4.03021 2.98662 -0.16071
-4.03192 2.98807 -0.15993
-4.03278 2.98986 -0.15741
-4.03562 2.99085 -0.15896
-4.03848 2.99184 -0.16051
-4.03990 2.99340 -0.15914
-4.04131 2.99495 -0.15778
-4.04242 2.99661 -0.15585
-4.04294 2.99846 -0.15279
-4.03720 2.99170 -0.16521
-4.03776 2.99361 -0.16205
-4.03918 2.99517 -0.16068
-4.04001 2.99694 -0.15815
-4.03968 2.99912 -0.15334
-4.03993 3.00105 -0.14975
-4.03989 3.00306 -0.14564
-4.03790 2.99506 -0.16537
-4.03846 2.99695 -0.16221
-4.03900 2.99883 -0.15909
-4.03869 3.00099 -0.15427
-4.03866 3.00301 -0.15010
-4.03976 3.00462 -0.14822
-4.04171 3.00592 -0.14803
-4.03802 2.99864 -0.16435
-4.03771 3.00082 -0.15945
-4.03740 3.00296 -0.15463
-4.03766 3.00487 -0.15102
-4.03877 3.00648 -0.14914
-4.04073 3.00778 -0.14894
-4.03641 3.00281 -0.15981
-4.03583 3.00504 -0.15442
-4.03639 3.00684 -0.15138
-4.03750 3.00843 -0.14949
-4.03945 3.00974 -0.14930
-4.04198 3.01087 -0.15023
-4.03455 3.00701 -0.15478
-4.03511 3.00880 -0.15174
-4.03594 3.01048 -0.14929
-4.03790 3.01179 -0.14909
-4.04071 3.01283 -0.15059
-4.02878 3.04303 -0.07131
-4.02928 3.04440 -0.06908
-4.03049 3.04561 -0.06810
-4.03467 3.00851 -0.15801
-4.03411 3.01067 -0.15266
-4.03439 3.01253 -0.14908
-4.03634 3.01383 -0.14889
-4.04407 3.01336 -0.16014
-4.02721 3.04481 -0.07079
-4.02819 3.04607 -0.06939
-4.02987 3.04719 -0.06922
-4.03154 3.04831 -0.06906
-4.03595 3.00964 -0.16364
-4.03537 3.01182 -0.15818
-4.03735 3.01314 -0.15798
-4.04020 3.01420 -0.15953
-4.04277 3.01535 -0.16050
-4.04536 3.01651 -0.16147
-4.02780 3.04761 -0.07093
-4.02924 3.04878 -0.07035
-4.03493 3.00954 -0.16897
-4.03550 3.01136 -0.16578
-4.03664 3.01298 -0.16380
-4.04089 3.01752 -0.15969
-4.03003 3.02257 -0.13395
-4.04606 3.01984 -0.16164
-4.03332 3.00964 -0.17317
-4.03448 3.01128 -0.17115
-4.03651 3.01264 -0.17095
-4.02875 3.02266 -0.13822
-4.02880 3.02446 -0.13430
-4.01497 3.05831 -0.04075
-4.03257 3.01148 -0.17476
-4.03316 3.01331 -0.17151
-4.03519 3.01466 -0.17131
-4.03404 3.01699 -0.16453
-4.01258 3.05880 -0.04156
-4.01395 3.05988 -0.04104
-4.03122 3.01149 -0.17966
-4.03183 3.01333 -0.17636
-4.03156 3.01542 -0.17128
-4.03330 3.01686 -0.17047
-4.03217 3.01916 -0.16371
-4.01197 3.06031 -0.04257
-4.02989 3.01355 -0.18003
-4.03050 3.01537 -0.17673
-4.03024 3.01745 -0.17164
-4.03567 2.98138 -0.16590
-4.03739 2.98285 -0.16510
-4.03853 2.98456 -0.16312
-4.03908 2.98651 -0.15998
-4.04021 2.98820 -0.15804
-4.03291 2.98179 -0.16766
-4.03493 2.98315 -0.16746
-4.03608 2.98487 -0.16547
-4.03723 2.98657 -0.16349
-4.03721 2.98874 -0.15918
-4.03833 2.99042 -0.15724
-4.03974 2.99197 -0.15588
-4.03913 2.99429 -0.15055
-4.03741 2.99699 -0.14310
-4.03391 2.98504 -0.16843
-4.03564 2.98652 -0.16763
-4.03592 2.98858 -0.16385
-4.03562 2.99085 -0.15896
-4.03675 2.99252 -0.15702
-4.03816 2.99407 -0.15567
-4.03785 2.99626 -0.15091
-4.03953 2.99767 -0.15015
-4.03809 3.00022 -0.14326
-4.03558 3.00310 -0.13441
-4.03433 2.99284 -0.15932
-4.03546 2.99450 -0.15738
-4.03659 2.99616 -0.15545
-4.03657 2.99822 -0.15126
-4.03825 2.99964 -0.15050
-4.03851 3.00156 -0.14694
-4.03732 3.00783 -0.13278
-4.03840 3.00938 -0.13101
-4.03474 2.99627 -0.15890
-4.03530 2.99813 -0.15581
-4.03530 3.00018 -0.15162
-4.03726 3.00150 -0.15143
-4.03607 3.01349 -0.12544
-4.03030 3.01711 -0.11075
-4.02558 3.02031 -0.09824
-4.02612 3.02186 -0.09576
-4.03401 3.00011 -0.15617
-4.03430 3.00205 -0.15254
-4.03626 3.00336 -0.15235
-4.02264 3.02090 -0.09874
-4.02320 3.02245 -0.09626
-4.02449 3.02377 -0.09517
-4.02552 3.02516 -0.09363
-4.03283 3.03143 -0.09006
-4.03470 3.00342 -0.15634
-4.02149 3.02267 -0.09906
-4.02181 3.02429 -0.09612
-4.02286 3.02567 -0.09458
-4.02413 3.02699 -0.09350
-4.02994 3.03201 -0.09055
-4.03119 3.03330 -0.08948
-4.03946 3.00328 -0.16907
-4.02066 3.02605 -0.09644
-4.02171 3.02744 -0.09490
-4.02299 3.02875 -0.09382
-4.02831 3.03388 -0.08997
-4.02932 3.03523 -0.08846
-4.03008 3.03662 -0.08652
-4.02250 3.04290 -0.06334
-4.02370 3.04411 -0.06238
-4.02354 3.04559 -0.05905
-4.03932 3.00490 -0.17186
-4.02128 3.02900 -0.09659
-4.02184 3.03051 -0.09414
-4.02278 3.04427 -0.06605
-4.02285 3.04571 -0.06307
-4.02314 3.04709 -0.06053
-4.02277 3.04859 -0.05684
-4.03655 3.00537 -0.17365
-4.02200 3.04732 -0.06377
-4.02275 3.04860 -0.06202
-4.02327 3.04992 -0.05988
-4.03523 3.00741 -0.17402
-4.03726 3.00877 -0.17382
-4.02303 3.04999 -0.06471
-4.03273 3.00779 -0.17643
-4.03390 3.00944 -0.17439
-4.03535 3.01100 -0.17297
-4.02029 3.05054 -0.06518
-4.02060 3.05190 -0.06262
-4.02225 3.05300 -0.06245
-4.03140 3.00983 -0.17681
-4.03200 3.01167 -0.17354
-4.03003 3.01431 -0.16493
-4.03175 3.01574 -0.16414
-4.00766 3.05568 -0.04166
-4.00923 3.05673 -0.04150
-4.03007 3.01187 -0.17718
-4.00821 3.05830 -0.04179
-4.01933 2.97169 -0.15925
-4.02105 2.97316 -0.15847
-4.02304 2.97448 -0.15828
-4.02502 2.97581 -0.15808
-4.02729 2.97701 -0.15847
-4.02928 2.97834 -0.15827
-4.03126 2.97967 -0.15807
-4.03325 2.98100 -0.15788
-4.03467 2.98258 -0.15652
-4.03411 2.98499 -0.15118
-4.02002 2.97501 -0.15942
-4.02174 2.97647 -0.15864
-4.02373 2.97780 -0.15844
-4.02599 2.97900 -0.15883
-4.02798 2.98033 -0.15863
-4.02997 2.98166 -0.15844
-4.03168 2.98312 -0.15766
-4.03338 2.98456 -0.15688
-4.03255 2.98707 -0.15097
-4.03396 2.98862 -0.14964
-4.10431 2.96232 -0.28636
-4.02271 2.97966 -0.15939
-4.02470 2.98099 -0.15919
-4.02669 2.98232 -0.15899
-4.02868 2.98365 -0.15880
-4.03038 2.98510 -0.15802
-4.03209 2.98655 -0.15724
-4.03127 2.98904 -0.15132
-4.03240 2.99069 -0.14944
-4.03436 2.99200 -0.14924
-4.02567 2.98419 -0.15994
-4.02794 2.98540 -0.16032
-4.02937 2.98697 -0.15896
-4.03108 2.98842 -0.15818
-4.03222 2.99009 -0.15625
-4.03141 2.99254 -0.15036
-4.03337 2.99385 -0.15016
-4.03533 2.99516 -0.14997
-4.03519 2.98818 -0.16980
-4.03693 2.98966 -0.16900
-4.03837 2.99124 -0.16760
-4.03265 2.99559 -0.15165
-4.03405 2.99712 -0.15033
-4.04745 2.99417 -0.17306
-4.05547 2.99336 -0.18474
-4.03407 3.01080 -0.12273
-4.03590 2.99157 -0.16997
-4.03763 2.99304 -0.16917
-4.03907 2.99462 -0.16777
-4.04169 2.99575 -0.16877
-4.04920 2.99509 -0.17963
-4.05412 2.99545 -0.18512
-4.05652 2.99673 -0.18556
-4.03632 2.99506 -0.16954
-4.03834 2.99642 -0.16934
-4.04275 2.99689 -0.17401
-4.05099 2.99602 -0.18635
-4.05308 2.99742 -0.18614
-4.05484 2.99893 -0.18530
-4.05725 3.00021 -0.18573
-4.03732 2.99833 -0.17031
-4.04053 2.99926 -0.17254
-4.05267 2.99918 -0.18845
-4.05285 3.00123 -0.18440
-4.05493 3.00262 -0.18419
-4.03658 3.00015 -0.17189
-4.03920 3.00130 -0.17291
-4.05340 3.00267 -0.18863
-4.05454 3.00439 -0.18649
-4.03526 3.00218 -0.17226
-4.03758 3.00344 -0.17267
-4.03219 3.00275 -0.17344
-4.03393 3.00421 -0.17263
-4.03626 3.00547 -0.17304
-4.03144 3.00458 -0.17503
-4.03261 3.00625 -0.17300
-4.03493 3.00751 -0.17341
-4.02979 3.00464 -0.17932
-4.03069 3.00642 -0.17664
-4.03215 3.00798 -0.17520
-4.03419 3.00935 -0.17500
-4.02874 3.00660 -0.18031
-4.03051 3.00807 -0.17949
-4.03111 3.00993 -0.17619
-4.03315 3.01129 -0.17599
-4.02564 3.00718 -0.18151
-4.02769 3.00855 -0.18131
-4.02946 3.01002 -0.18048
-4.03059 2.97484 -0.16167
-4.03118 2.97683 -0.15854
-4.02182 2.97121 -0.16401
-4.02383 2.97255 -0.16382
-4.02611 2.97376 -0.16421
-4.02729 2.97550 -0.16224
-4.02901 2.97697 -0.16145
-4.02989 2.97883 -0.15891
-4.02528 2.98313 -0.14506
-4.02668 2.98467 -0.14376
-4.02835 2.98608 -0.14302
-4.03029 2.98738 -0.14283
-4.03223 2.98867 -0.14264
-4.02252 2.97456 -0.16418
-4.02564 2.97537 -0.16637
-4.02766 2.97672 -0.16617
-4.02799 2.97885 -0.16240
-4.02859 2.98082 -0.15927
-4.02402 2.98508 -0.14542
-4.02542 2.98661 -0.14412
-4.02709 2.98802 -0.14337
-4.02903 2.98932 -0.14318
-4.03043 2.99084 -0.14189
-4.03209 2.99224 -0.14115
-4.03402 2.99353 -0.14096
-4.03595 2.99482 -0.14077
-4.03733 2.99633 -0.13949
-4.02813 2.98244 -0.16139
-4.02222 2.98725 -0.14466
-4.02310 2.98901 -0.14227
-4.02503 2.99030 -0.14208
-4.02696 2.99159 -0.14188
-4.02890 2.99288 -0.14169
-4.03056 2.99428 -0.14096
-4.03249 2.99557 -0.14076
-4.03414 2.99697 -0.14003
-4.03580 2.99836 -0.13929
-4.03661 3.00005 -0.13694
-4.03798 3.00154 -0.13567
-4.03308 2.98168 -0.17501
-4.03454 2.98330 -0.17357
-4.02184 2.99094 -0.14262
-4.02378 2.99223 -0.14243
-4.02571 2.99352 -0.14224
-4.02764 2.99481 -0.14205
-4.02930 2.99621 -0.14131
-4.03123 2.99750 -0.14112
-4.03289 2.99889 -0.14038
-4.03482 3.00018 -0.14019
-4.03675 3.00147 -0.14000
-4.03673 3.00345 -0.13602
-4.03865 3.00473 -0.13583
-4.03409 2.98497 -0.17579
-4.02953 2.98912 -0.16172
-4.03040 2.99092 -0.15918
-4.02933 2.99349 -0.15265
-4.02719 2.99643 -0.14405
-4.02913 2.99772 -0.14386
-4.03079 2.99912 -0.14311
-4.03218 3.00062 -0.14182
-4.03411 3.00191 -0.14163
-4.03196 2.99601 -0.15683
-4.03445 2.99900 -0.17892
-4.03106 2.99968 -0.17950
-4.03312 3.00106 -0.17929
-4.03517 3.00243 -0.17909
-4.03001 3.00163 -0.18050
-4.03178 3.00312 -0.17967
-4.03413 3.00439 -0.18009
-4.03589 3.00586 -0.17926
-4.02719 3.00210 -0.18233
-4.02896 3.00359 -0.18150
-4.03073 3.00507 -0.18067
-4.03308 3.00634 -0.18109
-4.03426 3.00802 -0.17901
-4.02613 3.00406 -0.18334
-4.02791 3.00555 -0.18250
-4.02968 3.00703 -0.18167
-4.03204 3.00830 -0.18209
-4.03293 3.01008 -0.17939
-4.02479 3.00613 -0.18371
-4.02685 3.00751 -0.18351
-4.02863 3.00899 -0.18267
-4.03098 3.01027 -0.18310
-4.02376 2.97123 -0.16050
-4.02575 2.97257 -0.16030
-4.02747 2.97404 -0.15952
-4.02670 2.97668 -0.15354
-4.02840 2.97812 -0.15278
-4.02954 2.97982 -0.15087
-4.03096 2.98138 -0.14955
-4.01954 2.97001 -0.16362
-4.02073 2.97176 -0.16165
-4.02246 2.97323 -0.16087
-4.02445 2.97457 -0.16067
-4.02618 2.97603 -0.15989
-4.02514 2.97878 -0.15333
-4.02684 2.98022 -0.15256
-4.02799 2.98191 -0.15067
-4.02886 2.98371 -0.14822
-4.02917 2.98573 -0.14468
-4.03029 2.98738 -0.14283
-4.01796 2.97215 -0.16339
-4.01943 2.97376 -0.16202
-4.02116 2.97523 -0.16123
-4.02316 2.97656 -0.16103
-4.02488 2.97803 -0.16025
-4.02386 2.98075 -0.15369
-4.02529 2.98232 -0.15235
-4.02590 2.98424 -0.14933
-4.02704 2.98590 -0.14745
-4.02736 2.98790 -0.14392
-4.02903 2.98932 -0.14318
-4.03070 2.99072 -0.14244
-4.03236 2.99213 -0.14170
-4.03402 2.99353 -0.14096
-4.03595 2.99482 -0.14077
-4.03788 2.99611 -0.14058
-4.01867 2.97550 -0.16356
-4.02013 2.97710 -0.16218
-4.02186 2.97856 -0.16140
-4.02358 2.98002 -0.16061
-4.02475 2.98173 -0.15866
-4.02455 2.98404 -0.15385
-4.02436 2.98632 -0.14912
-4.02604 2.98774 -0.14837
-4.02610 2.98985 -0.14428
-4.02750 2.99137 -0.14298
-4.02944 2.99266 -0.14279
-4.03138 2.99395 -0.14260
-4.03304 2.99536 -0.14186
-4.03470 2.99675 -0.14112
-4.03663 2.99805 -0.14093
-4.03884 2.99923 -0.14129
-4.02338 2.98152 -0.16333
-4.02428 2.98335 -0.16078
-4.02600 2.98481 -0.16000
-4.02799 2.98614 -0.15980
-4.02504 2.98958 -0.14929
-4.02564 2.99145 -0.14630
-4.02678 2.99308 -0.14444
-4.02845 2.99449 -0.14370
-4.03012 2.99589 -0.14295
-4.03233 2.99708 -0.14331
-4.03510 2.99806 -0.14478
-4.03789 2.99905 -0.14625
-4.02974 2.98460 -0.17109
-4.03034 2.98657 -0.16787
-4.03179 2.98817 -0.16647
-4.02708 2.99228 -0.15228
-4.02741 2.99426 -0.14869
-4.02827 2.99600 -0.14626
-4.03077 2.99709 -0.14719
-4.03272 2.99839 -0.14699
-4.03692 2.99885 -0.15130
-4.03422 2.99083 -0.17025
-4.03254 2.99787 -0.15376
-4.03451 2.99919 -0.15357
-4.03435 2.99228 -0.17367
-4.03332 2.99421 -0.17466
-4.03374 2.99557 -0.17875
-4.03638 2.99672 -0.17979
-4.03298 2.99740 -0.18037
-4.03534 2.99867 -0.18079
-4.02987 2.99798 -0.18158
-4.03193 2.99935 -0.18137
-4.03400 3.00073 -0.18117
-4.02882 2.99993 -0.18258
-4.03088 3.00131 -0.18238
-4.03295 3.00269 -0.18218
-4.03501 3.00407 -0.18197
-4.02541 3.00062 -0.18316
-4.02747 3.00200 -0.18296
-4.02954 3.00338 -0.18276
-4.03161 3.00476 -0.18255
-4.03367 3.00614 -0.18235
-4.02642 3.00396 -0.18397
-4.02820 3.00544 -0.18313
-4.03026 3.00682 -0.18293
-4.03233 3.00820 -0.18272
-4.02451 2.96850 -0.16663
-4.02653 2.96985 -0.16643
-4.02826 2.97134 -0.16563
-4.02582 2.97483 -0.15604
-4.02534 2.97732 -0.15070
-4.02649 2.97901 -0.14881
-4.02763 2.98069 -0.14693
-4.02958 2.98200 -0.14674
-4.03126 2.98342 -0.14599
-4.03321 2.98473 -0.14580
-4.02090 2.96931 -0.16660
-4.02319 2.97052 -0.16700
-4.02521 2.97187 -0.16680
-4.02751 2.97308 -0.16720
-4.02535 2.97643 -0.15814
-4.02406 2.97929 -0.15105
-4.02440 2.98134 -0.14748
-4.02609 2.98277 -0.14673
-4.02804 2.98407 -0.14654
-4.02971 2.98549 -0.14579
-4.03166 2.98679 -0.14559
-4.03361 2.98810 -0.14540
-4.03445 2.98985 -0.14300
-4.01986 2.97119 -0.16756
-4.02216 2.97240 -0.16796
-4.02418 2.97376 -0.16776
-4.02648 2.97497 -0.16817
-4.02794 2.97659 -0.16676
-4.02252 2.98137 -0.15085
-4.02314 2.98329 -0.14784
-4.02482 2.98472 -0.14709
-4.02650 2.98614 -0.14634
-4.02845 2.98744 -0.14614
-4.03040 2.98874 -0.14595
-4.03124 2.99050 -0.14354
-4.03263 2.99202 -0.14225
-4.03347 2.99375 -0.13987
-4.03402 2.99557 -0.13697
-4.03567 2.99696 -0.13624
-4.01882 2.97308 -0.16853
-4.02112 2.97429 -0.16893
-4.02314 2.97564 -0.16873
-4.02742 2.97593 -0.17340
-4.02719 2.97835 -0.16833
-4.02231 2.98285 -0.15348
-4.02293 2.98477 -0.15044
-4.02355 2.98667 -0.14744
-4.02550 2.98797 -0.14725
-4.02718 2.98939 -0.14650
-4.02913 2.99069 -0.14630
-4.02998 2.99244 -0.14389
-4.03056 2.99428 -0.14096
-4.03086 2.99621 -0.13751
-4.03169 2.99791 -0.13517
-4.03387 2.99908 -0.13552
-4.03634 3.00016 -0.13640
-4.03770 3.00164 -0.13514
-4.02779 2.97717 -0.17747
-4.02985 2.97854 -0.17727
-4.03066 2.99568 -0.14406
-4.03042 2.99782 -0.13948
-4.03153 2.99941 -0.13767
-4.03345 3.00069 -0.13748
-4.03537 3.00197 -0.13729
-4.03057 2.98197 -0.17744
-4.03102 2.98775 -0.17248
-4.03248 2.98935 -0.17106
-4.03451 2.99071 -0.17086
-4.03655 2.99207 -0.17066
-4.02970 2.98979 -0.17285
-4.03116 2.99139 -0.17143
-4.03319 2.99274 -0.17123
-4.03523 2.99410 -0.17103
-4.04022 2.99432 -0.17697
-4.02980 2.99124 -0.17630
-4.03156 2.99272 -0.17548
-4.03390 2.99398 -0.17589
-4.03595 2.99534 -0.17569
-4.03949 2.99615 -0.17859
-4.02962 2.99282 -0.17915
-4.03168 2.99420 -0.17895
-4.03374 2.99557 -0.17875
-4.03609 2.99683 -0.17917
-4.03904 2.99787 -0.18084
-4.04202 2.99892 -0.18253
-4.02886 2.99465 -0.18078
-4.03092 2.99603 -0.18058
-4.03328 2.99729 -0.18100
-4.03563 2.99856 -0.18142
-4.03830 2.99972 -0.18248
-4.04067 3.00099 -0.18291
-4.02809 2.99648 -0.18241
-4.03016 2.99786 -0.18221
-4.03252 2.99913 -0.18263
-4.03459 3.00051 -0.18243
-4.03695 3.00179 -0.18286
-4.03932 3.00307 -0.18328
-4.02704 2.99844 -0.18342
-4.02911 2.99982 -0.18322
-4.03117 3.00120 -0.18301
-4.03354 3.00248 -0.18344
-4.03561 3.00386 -0.18323
-4.03858 3.00493 -0.18493
-4.02569 3.00051 -0.18380
-4.02776 3.00189 -0.18359
-4.03012 3.00316 -0.18402
-4.03219 3.00455 -0.18382
-4.03426 3.00593 -0.18361
-4.03633 3.00731 -0.18341
-4.02463 3.00247 -0.18481
-4.02670 3.00385 -0.18460
-4.02877 3.00523 -0.18440
-4.03084 3.00662 -0.18419
-4.03262 3.00810 -0.18336
-4.02765 2.97000 -0.16328
-4.02911 2.97161 -0.16190
-4.03168 2.97267 -0.16288
-4.03199 2.97482 -0.15915
-4.02677 2.97950 -0.14416
-4.02709 2.98154 -0.14066
-4.02876 2.98295 -0.13993
-4.03069 2.98423 -0.13974
-4.02232 2.96933 -0.16404
-4.02379 2.97095 -0.16266
-4.02552 2.97242 -0.16187
-4.02669 2.97416 -0.15991
-4.02869 2.97549 -0.15971
-4.02356 2.98016 -0.14470
-4.02390 2.98219 -0.14120
-4.02557 2.98360 -0.14047
-4.02697 2.98512 -0.13919
-4.02890 2.98640 -0.13900
-4.03083 2.98768 -0.13881
-4.03249 2.98908 -0.13808
-4.01889 2.96768 -0.16900
-4.01928 2.96987 -0.16520
-4.02102 2.97135 -0.16441
-4.02221 2.97310 -0.16243
-4.02367 2.97470 -0.16106
-4.02485 2.97643 -0.15910
-4.02383 2.97918 -0.15256
-4.02204 2.98223 -0.14450
-4.02239 2.98425 -0.14101
-4.02379 2.98577 -0.13973
-4.02572 2.98705 -0.13954
-4.02739 2.98845 -0.13881
-4.02904 2.98984 -0.13807
-4.03097 2.99112 -0.13789
-4.03290 2.99240 -0.13770
-4.03427 2.99390 -0.13643
-4.01758 2.96971 -0.16937
-4.01798 2.97189 -0.16557
-4.01918 2.97364 -0.16359
-4.02064 2.97524 -0.16221
-4.02210 2.97684 -0.16083
-4.02328 2.97856 -0.15888
-4.02255 2.98115 -0.15292
-4.02318 2.98308 -0.14989
-4.02114 2.98618 -0.14136
-4.02255 2.98770 -0.14008
-4.02421 2.98909 -0.13935
-4.02587 2.99049 -0.13861
-4.02780 2.99177 -0.13842
-4.02973 2.99305 -0.13824
-4.03084 2.99465 -0.13643
-4.03221 2.99614 -0.13516
-4.03359 2.99762 -0.13391
-4.03495 2.99910 -0.13266
-4.01802 2.97322 -0.16893
-4.01869 2.97524 -0.16573
-4.01989 2.97698 -0.16375
-4.02108 2.97871 -0.16179
-4.02226 2.98042 -0.15983
-4.02399 2.98188 -0.15905
-4.02991 2.98143 -0.16714
-4.02130 2.98963 -0.14043
-4.02244 2.99125 -0.13861
-4.02410 2.99263 -0.13788
-4.02576 2.99402 -0.13715
-4.02768 2.99530 -0.13696
-4.02906 2.99678 -0.13570
-4.02936 2.99868 -0.13232
-4.02993 3.00045 -0.12949
-4.03023 3.00231 -0.12618
-4.03372 3.00297 -0.12912
-4.01753 2.97484 -0.17112
-4.01956 2.97619 -0.17092
-4.02132 2.97768 -0.17011
-4.02308 2.97916 -0.16931
-4.02483 2.98063 -0.16850
-4.02770 2.98160 -0.17012
-4.02120 2.99317 -0.13896
-4.02286 2.99456 -0.13823
-4.02452 2.99594 -0.13750
-4.02644 2.99722 -0.13731
-4.02809 2.99860 -0.13659
-4.02813 3.00059 -0.13266
-4.02713 3.00294 -0.12671
-4.02692 3.00496 -0.12241
-4.02775 3.00658 -0.12020
-4.02287 2.98067 -0.17211
-4.02463 2.98215 -0.17130
-4.01800 2.99795 -0.13111
-4.01990 2.99921 -0.13093
-4.02461 3.00531 -0.12447
-4.02545 3.00693 -0.12224
-4.02373 3.00944 -0.11503
-4.02070 3.01006 -0.11554
-4.02129 3.01172 -0.11290
-4.02388 3.01268 -0.11419
-4.02011 3.01355 -0.11323
-4.02973 2.99037 -0.18611
-4.02838 2.99246 -0.18649
-4.03076 2.99372 -0.18693
-4.03344 2.99487 -0.18801
-4.03674 2.99580 -0.19039
-4.03915 2.99707 -0.19083
-4.04125 2.99847 -0.19062
-4.02645 2.99478 -0.18559
-4.02912 2.99593 -0.18667
-4.03120 2.99731 -0.18646
-4.03418 2.99836 -0.18818
-4.03688 2.99952 -0.18927
-4.03989 3.00058 -0.19100
-4.04200 3.00197 -0.19080
-4.04410 3.00337 -0.19059
-4.02482 2.99697 -0.18533
-4.02719 2.99824 -0.18577
-4.02927 2.99962 -0.18556
-4.03165 3.00089 -0.18600
-4.03492 3.00184 -0.18836
-4.03762 3.00301 -0.18944
-4.04003 3.00429 -0.18988
-4.04213 3.00569 -0.18968
-4.02348 2.99905 -0.18571
-4.02556 3.00043 -0.18551
-4.02735 3.00192 -0.18467
-4.03001 3.00309 -0.18574
-4.03239 3.00436 -0.18617
-4.03597 3.00521 -0.18918
-4.03485 2.97800 -0.15643
-4.03012 2.98234 -0.14267
-4.03883 2.98065 -0.15604
-4.02686 2.96941 -0.16924
-4.02832 2.97104 -0.16783
-4.02978 2.97266 -0.16643
-4.03181 2.97401 -0.16623
-4.02692 2.98299 -0.14321
-4.02859 2.98440 -0.14247
-4.02971 2.98605 -0.14063
-4.02867 2.98860 -0.13450
-4.02951 2.99032 -0.13218
-4.02203 2.96845 -0.17122
-4.02351 2.97009 -0.16981
-4.02470 2.97186 -0.16780
-4.02673 2.97320 -0.16760
-4.02847 2.97469 -0.16680
-4.03050 2.97603 -0.16660
-4.02372 2.98364 -0.14376
-4.02512 2.98517 -0.14246
-4.02653 2.98670 -0.14118
-4.02658 2.98879 -0.13718
-4.02717 2.99063 -0.13431
-4.02828 2.99223 -0.13253
-4.03019 2.99350 -0.13234
-4.03210 2.99476 -0.13215
-4.01867 2.96914 -0.17179
-4.02071 2.97049 -0.17159
-4.02219 2.97212 -0.17018
-4.02339 2.97389 -0.16817
-4.02542 2.97523 -0.16797
-4.02745 2.97658 -0.16777
-4.02919 2.97806 -0.16697
-4.03065 2.97966 -0.16557
-4.02167 2.98594 -0.14246
-4.02360 2.98723 -0.14227
-4.02474 2.98886 -0.14043
-4.02455 2.99105 -0.13592
-4.02567 2.99265 -0.13412
-4.02679 2.99425 -0.13234
-4.02869 2.99551 -0.13216
-4.03060 2.99678 -0.13197
-4.03277 2.99794 -0.13231
-4.01586 2.96954 -0.17359
-4.01790 2.97089 -0.17339
-4.02217 2.97113 -0.17813
-4.02423 2.97249 -0.17792
-4.02375 2.97510 -0.17217
-4.02579 2.97646 -0.17197
-4.02840 2.97754 -0.17300
-4.02041 2.98788 -0.14281
-4.02209 2.98928 -0.14207
-4.02323 2.99091 -0.14024
-4.02305 2.99308 -0.13573
-4.02365 2.99489 -0.13288
-4.02477 2.99647 -0.13110
-4.02667 2.99773 -0.13092
-4.02857 2.99899 -0.13073
-4.03100 3.00005 -0.13160
-4.03290 3.00131 -0.13141
-4.01878 2.97182 -0.17870
-4.02112 2.97305 -0.17913
-4.02318 2.97442 -0.17892
-4.02468 2.97606 -0.17748
-4.02617 2.97770 -0.17603
-4.02908 2.97866 -0.17769
-4.02084 2.99122 -0.14242
-4.02093 2.99328 -0.13842
-4.02000 2.99574 -0.13235
-4.02087 2.99742 -0.13006
-4.01869 3.00030 -0.12162
-4.02005 3.00173 -0.12042
-4.02140 3.00316 -0.11923
-4.02174 3.00496 -0.11605
-4.02359 3.00619 -0.11587
-4.02492 3.00760 -0.11469
-4.01979 2.97511 -0.17950
-4.02185 2.97648 -0.17930
-4.02335 2.97812 -0.17785
-4.02541 2.97949 -0.17765
-4.02746 2.98085 -0.17745
-4.01969 2.99520 -0.13877
-4.01775 2.99806 -0.13059
-4.01587 3.00082 -0.12265
-4.01699 3.00236 -0.12094
-4.01785 3.00398 -0.11875
-4.01870 3.00558 -0.11656
-4.02005 3.00699 -0.11539
-4.02139 3.00840 -0.11422
-4.02273 3.00979 -0.11306
-4.02258 2.97991 -0.17947
-4.02436 2.98141 -0.17864
-4.02642 2.98278 -0.17844
-4.01691 2.99776 -0.13589
-4.01653 2.99995 -0.13093
-4.01516 3.00250 -0.12401
-4.01628 3.00403 -0.12230
-4.01665 3.00583 -0.11908
-4.01776 3.00734 -0.11740
-4.01886 3.00883 -0.11573
-4.02020 3.01023 -0.11455
-4.02154 3.01163 -0.11339
-4.02480 2.98497 -0.17819
-4.02715 2.98621 -0.17861
-4.01798 2.99874 -0.14110
-4.01530 3.00184 -0.13128
-4.01519 3.00388 -0.12692
-4.01582 3.00561 -0.12417
-4.01719 3.00703 -0.12296
-4.01780 3.00873 -0.12024
-4.01841 3.01041 -0.11755
-4.01951 3.01190 -0.11588
-4.02061 3.01338 -0.11421
-4.02525 2.98852 -0.17774
-4.02617 2.99037 -0.17507
-4.01674 3.00066 -0.14145
-4.01559 3.00315 -0.13480
-4.01597 3.00499 -0.13144
-4.01585 3.00701 -0.12708
-4.01698 3.00853 -0.12535
-4.01810 3.01005 -0.12363
-4.01921 3.01155 -0.12192
-4.01932 3.01340 -0.11821
-4.02091 3.01471 -0.11753
-4.02392 2.99057 -0.17812
-4.02484 2.99241 -0.17544
-4.01703 3.00603 -0.13656
-4.02287 2.99251 -0.17912
-4.02493 2.99388 -0.17891
-4.02699 2.99525 -0.17871
-4.02239 2.99422 -0.18137
-4.02388 2.99582 -0.17991
-4.02652 2.99696 -0.18096
-4.02133 2.99617 -0.18237
-4.02283 2.99777 -0.18091
-4.02490 2.99914 -0.18071
-4.02753 3.00029 -0.18176
-4.03018 3.00144 -0.18282
-4.02000 2.99824 -0.18275
-4.02178 2.99972 -0.18192
-4.02356 3.00120 -0.18109
-4.02563 3.00257 -0.18088
-4.02827 3.00373 -0.18194
-4.03063 3.00500 -0.18236
-4.03447 3.00574 -0.18597
-4.02555 2.98438 -0.13346
-4.02720 2.98577 -0.13274
-4.02911 2.98704 -0.13255
-4.02469 2.97283 -0.16011
-4.02641 2.97430 -0.15932
-4.02841 2.97562 -0.15913
-4.02626 2.97890 -0.15030
-4.02050 2.98376 -0.13418
-4.02215 2.98514 -0.13346
-4.02406 2.98641 -0.13327
-4.02596 2.98768 -0.13309
-4.02787 2.98894 -0.13290
-4.02951 2.99032 -0.13218
-4.03115 2.99170 -0.13146
-4.01874 2.97015 -0.16401
-4.02075 2.97149 -0.16381
-4.02276 2.97282 -0.16361
-4.02477 2.97416 -0.16342
-4.02512 2.97630 -0.15969
-4.02712 2.97762 -0.15949
-4.02472 2.98099 -0.15010
-4.01900 2.98578 -0.13399
-4.02065 2.98717 -0.13328
-4.02230 2.98855 -0.13256
-4.02421 2.98981 -0.13237
-4.02611 2.99108 -0.13218
-4.02802 2.99234 -0.13200
-4.02992 2.99361 -0.13181
-4.03183 2.99487 -0.13162
-4.01704 2.96999 -0.16816
-4.01771 2.97203 -0.16497
-4.02027 2.97309 -0.16596
-4.02228 2.97443 -0.16577
-4.02458 2.97564 -0.16617
-4.02576 2.97738 -0.16418
-4.02345 2.98296 -0.15045
-4.01751 2.98781 -0.13381
-4.01916 2.98919 -0.13309
-4.02107 2.99045 -0.13290
-4.02271 2.99183 -0.13219
-4.02436 2.99320 -0.13147
-4.02599 2.99457 -0.13076
-4.02763 2.99594 -0.13005
-4.02953 2.99720 -0.12986
-4.03142 2.99846 -0.12967
-4.01274 2.96876 -0.17135
-4.01451 2.97025 -0.17054
-4.01600 2.97187 -0.16913
-4.01694 2.97377 -0.16653
-4.01978 2.97470 -0.16813
-4.02180 2.97605 -0.16793
-4.02439 2.97713 -0.16894
-4.01603 2.98983 -0.13362
-4.01641 2.99175 -0.13027
-4.01830 2.99301 -0.13009
-4.01994 2.99438 -0.12938
-4.02158 2.99574 -0.12867
-4.02243 2.99741 -0.12640
-4.02432 2.99866 -0.12622
-4.02620 2.99991 -0.12603
-4.02808 3.00116 -0.12585
-4.03023 3.00231 -0.12618
-4.03211 3.00356 -0.12600
-4.00966 2.96930 -0.17252
-4.01143 2.97079 -0.17172
-4.01319 2.97228 -0.17091
-4.01522 2.97363 -0.17071
-4.01671 2.97525 -0.16930
-4.01874 2.97660 -0.16910
-4.02077 2.97794 -0.16890
-4.02308 2.97916 -0.16931
-4.01519 2.99365 -0.13062
-4.01708 2.99491 -0.13043
-4.01847 2.99637 -0.12920
-4.01934 2.99804 -0.12693
-4.02020 2.99970 -0.12468
-4.02055 3.00154 -0.12144
-4.02191 3.00297 -0.12024
-4.02225 3.00477 -0.11704
-4.02359 3.00619 -0.11587
-4.02543 3.00741 -0.11569
-4.01038 2.97269 -0.17270
-4.01215 2.97417 -0.17189
-4.01391 2.97566 -0.17108
-4.01567 2.97714 -0.17027
-4.01770 2.97849 -0.17007
-4.01946 2.97997 -0.16927
-4.02260 2.98080 -0.17150
-4.01762 3.00013 -0.12624
-4.01748 3.00216 -0.12196
-4.01735 3.00417 -0.11774
-4.01796 3.00586 -0.11508
-4.01931 3.00727 -0.11391
-4.02064 3.00867 -0.11274
-4.02223 3.00997 -0.11207
-4.01190 2.97567 -0.17470
-4.01367 2.97716 -0.17389
-4.01544 2.97865 -0.17308
-4.01748 2.98000 -0.17288
-4.01924 2.98148 -0.17207
-4.02408 2.98154 -0.17802
-4.01628 3.00403 -0.12230
-4.01469 3.00657 -0.11510
-4.01555 3.00816 -0.11295
-4.01592 3.00990 -0.10984
-4.01725 3.01129 -0.10870
-4.01858 3.01266 -0.10755
-4.01506 2.97787 -0.18045
-4.01657 2.97950 -0.17900
-4.01863 2.98087 -0.17880
-4.02069 2.98224 -0.17860
-4.02303 2.98347 -0.17902
-4.01483 3.00598 -0.12213
-4.01350 3.00841 -0.11543
-4.01437 3.00999 -0.11328
-4.01450 3.01181 -0.10969
-4.01584 3.01319 -0.10854
-4.01717 3.01456 -0.10740
-4.01785 2.98267 -0.18042
-4.01991 2.98404 -0.18022
-4.02198 2.98541 -0.18002
-4.02404 2.98678 -0.17982
-4.01549 3.00908 -0.12228
-4.01439 3.01138 -0.11608
-4.01550 3.01286 -0.11442
-4.01491 3.01492 -0.10936
-4.02271 2.98884 -0.18019
-4.02505 2.99009 -0.18062
-4.02827 2.99098 -0.18293
-4.03035 2.99236 -0.18273
-4.03242 2.99373 -0.18252
-4.02194 2.99066 -0.18182
-4.02400 2.99204 -0.18162
-4.02664 2.99317 -0.18268
-4.02901 2.99443 -0.18311
-4.03108 2.99581 -0.18290
-4.03286 2.99730 -0.18207
-4.02295 2.99399 -0.18263
-4.02559 2.99513 -0.18369
-4.02825 2.99627 -0.18475
-4.02189 2.99594 -0.18363
-4.02482 2.99697 -0.18533
-4.01712 2.97464 -0.15408
-4.01883 2.97609 -0.15332
-4.01948 2.97805 -0.15029
-4.01932 2.98036 -0.14561
-4.01206 2.96915 -0.16455
-4.00990 2.97270 -0.15501
-4.01188 2.97401 -0.15482
-4.01386 2.97532 -0.15463
-4.01532 2.97689 -0.15330
-4.01729 2.97820 -0.15311
-4.01795 2.98014 -0.15008
-4.01781 2.98244 -0.14541
-4.01923 2.98397 -0.14411
-4.02013 2.98574 -0.14172
-4.02101 2.98749 -0.13936
-4.02268 2.98889 -0.13863
-4.02329 2.99073 -0.13575
-4.02495 2.99211 -0.13503
-4.02713 2.99327 -0.13538
-4.02905 2.99454 -0.13520
-4.01201 2.96559 -0.17747
-4.01245 2.96783 -0.17357
-4.01640 2.96817 -0.17769
-4.01847 2.96953 -0.17750
-4.01086 2.97585 -0.15576
-4.01258 2.97730 -0.15499
-4.01404 2.97887 -0.15366
-4.01602 2.98017 -0.15347
-4.01668 2.98211 -0.15044
-4.01629 2.98451 -0.14521
-4.01772 2.98604 -0.14391
-4.01888 2.98768 -0.14208
-4.01977 2.98942 -0.13971
-4.02118 2.99093 -0.13844
-4.02180 2.99276 -0.13556
-4.02319 2.99425 -0.13431
-4.02510 2.99551 -0.13412
-4.02728 2.99667 -0.13447
-4.02974 2.99772 -0.13536
-4.00863 2.96629 -0.17804
-4.00909 2.96852 -0.17413
-4.01113 2.96988 -0.17394
-4.01318 2.97123 -0.17374
-4.01714 2.97159 -0.17787
-4.01673 2.97421 -0.17213
-4.01877 2.97556 -0.17193
-4.01971 2.97745 -0.16931
-4.01793 2.98062 -0.16078
-4.01673 2.98346 -0.15364
-4.01738 2.98538 -0.15061
-4.01699 2.98775 -0.14538
-4.01815 2.98939 -0.14353
-4.01931 2.99101 -0.14170
-4.01994 2.99285 -0.13879
-4.02056 2.99468 -0.13591
-4.02118 2.99648 -0.13306
-4.02205 2.99816 -0.13076
-4.02395 2.99942 -0.13058
-4.02585 3.00067 -0.13040
-4.02775 3.00193 -0.13022
-4.03045 3.00289 -0.13162
-4.03263 3.00405 -0.13196
-4.00550 2.96684 -0.17923
-4.00730 2.96835 -0.17841
-4.00830 2.97028 -0.17574
-4.00982 2.97192 -0.17431
-4.01186 2.97327 -0.17412
-4.01418 2.97449 -0.17453
-4.01623 2.97584 -0.17434
-4.01855 2.97706 -0.17476
-4.01950 2.97895 -0.17211
-4.02154 2.98030 -0.17192
-4.02275 2.98204 -0.16990
-4.01690 2.99133 -0.14389
-4.01806 2.99295 -0.14205
-4.01870 2.99478 -0.13914
-4.01804 2.99713 -0.13359
-4.01293 3.00124 -0.11894
-4.01479 3.00247 -0.11876
-4.01615 3.00389 -0.11758
-4.01776 3.00521 -0.11690
-4.01936 3.00653 -0.11623
-4.02096 3.00784 -0.11556
-4.02230 3.00924 -0.11439
-4.02364 3.01064 -0.11322
-4.00392 2.96904 -0.17898
-4.00598 2.97041 -0.17879
-4.00672 2.97247 -0.17549
-4.00850 2.97397 -0.17468
-4.01055 2.97532 -0.17449
-4.01259 2.97667 -0.17429
-4.01410 2.97829 -0.17287
-4.01614 2.97964 -0.17268
-4.01818 2.98099 -0.17248
-4.02023 2.98234 -0.17229
-4.00988 3.00187 -0.11945
-4.01150 3.00320 -0.11877
-4.01335 3.00442 -0.11860
-4.01472 3.00584 -0.11742
-4.01632 3.00715 -0.11674
-4.01718 3.00874 -0.11458
-4.01853 3.01014 -0.11342
-4.01937 3.01170 -0.11128
-4.01997 3.01334 -0.10868
-4.00285 2.97096 -0.17998
-4.00491 2.97232 -0.17979
-4.00592 2.97424 -0.17710
-4.00798 2.97560 -0.17691
-4.01003 2.97696 -0.17671
-4.01208 2.97831 -0.17651
-4.01413 2.97967 -0.17632
-4.01619 2.98103 -0.17612
-4.01797 2.98251 -0.17531
-4.01891 2.98438 -0.17266
-4.02096 2.98573 -0.17246
-4.00924 3.00151 -0.12505
-4.01062 3.00295 -0.12385
-4.01031 3.00505 -0.11911
-4.01216 3.00627 -0.11893
-4.01328 3.00778 -0.11726
-4.01464 3.00918 -0.11608
-4.01575 3.01067 -0.11442
-4.01710 3.01206 -0.11326
-4.01722 3.01387 -0.10967
-4.00385 2.97424 -0.18079
-4.00565 2.97575 -0.17996
-4.00692 2.97752 -0.17790
-4.00897 2.97888 -0.17770
-4.01103 2.98023 -0.17751
-4.01281 2.98172 -0.17669
-4.01487 2.98308 -0.17650
-4.01692 2.98444 -0.17630
-4.01842 2.98605 -0.17487
-4.00900 3.00299 -0.12746
-4.00991 3.00462 -0.12521
-4.01129 3.00605 -0.12401
-4.01267 3.00748 -0.12281
-4.01306 3.00926 -0.11960
-4.01394 3.01085 -0.11742
-4.01481 3.01242 -0.11525
-4.01592 3.01389 -0.11360
-4.01132 2.98150 -0.18163
-4.01338 2.98287 -0.18143
-4.01518 2.98436 -0.18061
-4.01725 2.98573 -0.18041
-4.01959 2.98697 -0.18084
-4.00858 3.00254 -0.13375
-4.00803 3.00477 -0.12832
-4.00967 3.00611 -0.12762
-4.01106 3.00755 -0.12641
-4.01245 3.00897 -0.12520
-4.01334 3.01058 -0.12297
-4.01373 3.01234 -0.11976
-4.01460 3.01392 -0.11758
-4.01547 3.01548 -0.11541
-4.01494 2.98592 -0.18350
-4.01674 2.98742 -0.18267
-4.01882 2.98879 -0.18247
-4.01116 3.00083 -0.14676
-4.00858 3.00394 -0.13676
-4.00926 3.00569 -0.13391
-4.01091 3.00705 -0.13320
-4.01207 3.00859 -0.13144
-4.01247 3.01039 -0.12812
-4.01386 3.01182 -0.12691
-4.01574 3.01306 -0.12673
-4.01748 2.99086 -0.18285
-4.01984 2.99211 -0.18329
-4.01194 3.00195 -0.15161
-4.01008 3.00477 -0.14307
-4.01026 3.00673 -0.13907
-4.01143 3.00829 -0.13728
-4.01284 3.00974 -0.13602
-4.01475 3.01100 -0.13584
-4.02002 2.99579 -0.18220
-4.01820 2.99875 -0.17332
-4.01352 3.00278 -0.15826
-4.01264 3.00521 -0.15178
-4.01435 3.00661 -0.15102
-4.01748 3.00949 -0.14896
-4.02138 2.97803 -0.14693
-4.02147 2.98021 -0.14285
-4.02289 2.98174 -0.14157
-4.02483 2.98302 -0.14138
-4.02006 2.97316 -0.16046
-4.02017 2.97542 -0.15619
-4.01974 2.97792 -0.15085
-4.02012 2.97998 -0.14728
-4.02022 2.98215 -0.14321
-4.02164 2.98368 -0.14192
-4.02358 2.98496 -0.14173
-4.01461 2.97020 -0.16555
-4.01610 2.97182 -0.16417
-4.01677 2.97384 -0.16102
-4.01850 2.97530 -0.16024
-4.01862 2.97754 -0.15598
-4.01847 2.97989 -0.15121
-4.01833 2.98219 -0.14652
-4.01871 2.98422 -0.14301
-4.01986 2.98586 -0.14118
-4.02180 2.98714 -0.14099
-4.02401 2.98830 -0.14135
-4.02595 2.98959 -0.14117
-4.02815 2.99075 -0.14153
-4.02982 2.99215 -0.14080
-4.03122 2.99365 -0.13952
-4.01112 2.96855 -0.17052
-4.01235 2.97032 -0.16851
-4.01305 2.97236 -0.16532
-4.01453 2.97397 -0.16394
-4.01548 2.97584 -0.16138
-4.01721 2.97730 -0.16061
-4.01681 2.97979 -0.15519
-4.01694 2.98198 -0.15100
-4.01603 2.98463 -0.14465
-4.01642 2.98663 -0.14117
-4.01758 2.98826 -0.13935
-4.01951 2.98954 -0.13916
-4.02092 2.99104 -0.13790
-4.02258 2.99243 -0.13717
-4.02450 2.99370 -0.13699
-4.02643 2.99497 -0.13680
-4.02675 2.99688 -0.13341
-4.02840 2.99825 -0.13269
-4.00777 2.96924 -0.17108
-4.00928 2.97087 -0.16968
-4.01105 2.97235 -0.16888
-4.01149 2.97452 -0.16509
-4.01271 2.97625 -0.16312
-4.01392 2.97798 -0.16116
-4.01593 2.97930 -0.16097
-4.01554 2.98177 -0.15555
-4.01568 2.98395 -0.15136
-4.01375 2.98705 -0.14280
-4.01416 2.98903 -0.13934
-4.01557 2.99053 -0.13807
-4.01750 2.99181 -0.13789
-4.01839 2.99352 -0.13555
-4.01927 2.99522 -0.13324
-4.02066 2.99669 -0.13200
-4.02231 2.99806 -0.13129
-4.02369 2.99952 -0.13005
-4.02559 3.00078 -0.12987
-4.02749 3.00203 -0.12969
-4.02938 3.00329 -0.12951
-4.03075 3.00474 -0.12828
-4.00494 2.96965 -0.17286
-4.00646 2.97128 -0.17145
-4.00824 2.97276 -0.17065
-4.00974 2.97438 -0.16925
-4.01124 2.97599 -0.16785
-4.01168 2.97813 -0.16408
-4.01316 2.97972 -0.16270
-4.01464 2.98130 -0.16134
-4.01611 2.98288 -0.15997
-4.01415 2.98604 -0.15115
-4.01174 2.98934 -0.14151
-4.01241 2.99119 -0.13861
-4.01332 2.99290 -0.13627
-4.01473 2.99439 -0.13502
-4.01614 2.99587 -0.13377
-4.01728 2.99744 -0.13200
-4.01841 2.99901 -0.13024
-4.02006 3.00037 -0.12953
-4.02067 3.00212 -0.12674
-4.02153 3.00376 -0.12450
-4.02341 3.00500 -0.12432
-4.02528 3.00624 -0.12414
-4.02716 3.00749 -0.12396
-4.02904 3.00873 -0.12378
-4.03065 3.01006 -0.12309
-4.00363 2.97169 -0.17324
-4.00541 2.97317 -0.17243
-4.00719 2.97466 -0.17163
-4.00870 2.97627 -0.17022
-4.00994 2.97802 -0.16822
-4.01117 2.97975 -0.16623
-4.01319 2.98108 -0.16604
-4.01388 2.98305 -0.16288
-4.01562 2.98450 -0.16210
-4.01629 2.98644 -0.15898
-4.01485 2.98931 -0.15132
-4.01243 2.99255 -0.14168
-4.01209 2.99482 -0.13662
-4.01350 2.99630 -0.13536
-4.01440 2.99798 -0.13305
-4.01530 2.99966 -0.13076
-4.01694 3.00101 -0.13006
-4.01732 3.00286 -0.12675
-4.01844 3.00440 -0.12502
-4.02007 3.00574 -0.12433
-4.02220 3.00688 -0.12466
-4.02408 3.00812 -0.12448
-4.02187 3.01082 -0.11621
-4.02245 3.01248 -0.11356
-4.02429 3.01369 -0.11338
-4.02613 3.01491 -0.11321
-4.00258 2.97359 -0.17422
-4.00436 2.97507 -0.17341
-4.00614 2.97656 -0.17261
-4.00792 2.97804 -0.17180
-4.00890 2.97991 -0.16919
-4.01066 2.98138 -0.16839
-4.01269 2.98272 -0.16820
-4.01391 2.98443 -0.16621
-4.01433 2.98651 -0.16246
-4.01554 2.98819 -0.16051
-4.01541 2.99046 -0.15568
-4.01119 2.99448 -0.14203
-4.01111 2.99663 -0.13750
-4.01227 2.99821 -0.13571
-4.01318 2.99989 -0.13340
-4.01408 3.00155 -0.13111
-4.01547 3.00300 -0.12988
-4.01586 3.00484 -0.12658
-4.01698 3.00637 -0.12485
-4.01760 3.00808 -0.12211
-4.01897 3.00949 -0.12092
-4.01883 3.01144 -0.11673
-4.01918 3.01319 -0.11358
-4.01782 3.01550 -0.10708
-4.00203 2.97521 -0.17644
-4.00382 2.97670 -0.17562
-4.00587 2.97806 -0.17543
-4.00687 2.97994 -0.17278
-4.00812 2.98168 -0.17077
-4.00936 2.98340 -0.16876
-4.01112 2.98486 -0.16797
-4.01261 2.98645 -0.16658
-4.01304 2.98851 -0.16283
-4.01504 2.98984 -0.16264
-4.01572 2.99175 -0.15951
-4.01112 2.99801 -0.14056
-4.01204 2.99971 -0.13821
-4.01270 3.00149 -0.13534
-4.01386 3.00305 -0.13357
-4.01475 3.00470 -0.13127
-4.01464 3.00672 -0.12692
-4.01603 3.00815 -0.12571
-4.01690 3.00976 -0.12347
-4.01777 3.01136 -0.12126
-4.01665 3.01364 -0.11508
-4.01556 3.01586 -0.10903
-4.00200 2.97658 -0.17991
-4.00406 2.97794 -0.17971
-4.00481 2.97997 -0.17642
-4.00660 2.98146 -0.17561
-4.00681 2.98371 -0.17114
-4.00832 2.98530 -0.16973
-4.00982 2.98689 -0.16834
-4.01105 2.98859 -0.16635
-4.01175 2.99052 -0.16319
-4.01349 2.99196 -0.16241
-4.01260 2.99454 -0.15582
-4.00946 2.99803 -0.14438
-4.01014 2.99984 -0.14145
-4.01181 3.00121 -0.14073
-4.01223 3.00309 -0.13730
-4.01338 3.00466 -0.13551
-4.01454 3.00621 -0.13373
-4.01518 3.00794 -0.13091
-4.01507 3.00994 -0.12656
-4.01570 3.01163 -0.12382
-4.01534 3.01366 -0.11908
-4.01547 3.01548 -0.11541
-4.00480 2.98136 -0.17989
-4.00554 2.98337 -0.17659
-4.00628 2.98536 -0.17333
-4.00754 2.98708 -0.17131
-4.00800 2.98915 -0.16751
-4.00975 2.99060 -0.16672
-4.01046 2.99252 -0.16356
-4.00961 2.99509 -0.15695
-4.01030 2.99696 -0.15389
-4.00921 2.99955 -0.14695
-4.01015 3.00125 -0.14455
-4.01209 3.00253 -0.14436
-4.01250 3.00441 -0.14089
-4.01291 3.00628 -0.13746
-4.01432 3.00773 -0.13621
-4.01572 3.00919 -0.13496
-4.01510 3.01136 -0.12950
-4.01574 3.01306 -0.12673
-4.01463 3.01534 -0.12042
-4.00553 2.98478 -0.18007
-4.00601 2.98690 -0.17616
-4.00623 2.98911 -0.17168
-4.00696 2.99105 -0.16847
-4.00846 2.99262 -0.16708
-4.00917 2.99452 -0.16392
-4.00833 2.99708 -0.15731
-4.00903 2.99893 -0.15425
-4.00947 3.00087 -0.15066
-4.00991 3.00278 -0.14712
-4.01135 3.00427 -0.14582
-4.01278 3.00575 -0.14453
-4.01421 3.00723 -0.14325
-4.01563 3.00870 -0.14197
-4.01602 3.01054 -0.13852
-4.01742 3.01199 -0.13726
-4.01934 3.01326 -0.13708
-4.00904 3.00037 -0.15748
-4.00974 3.00220 -0.15442
-4.00966 3.00432 -0.14971
-4.01703 2.97370 -0.16161
-4.01877 2.97516 -0.16083
-4.02051 2.97662 -0.16005
-4.02224 2.97807 -0.15927
-4.02369 2.97966 -0.15792
-4.02541 2.98110 -0.15715
-4.01831 2.98657 -0.13791
-4.01945 2.98819 -0.13611
-4.02137 2.98946 -0.13593
-4.02277 2.99096 -0.13467
-4.02468 2.99222 -0.13449
-4.02660 2.99349 -0.13431
-4.02772 2.99508 -0.13253
-4.01024 2.97145 -0.16373
-4.01173 2.97305 -0.16236
-4.01347 2.97451 -0.16158
-4.01548 2.97584 -0.16138
-4.01721 2.97730 -0.16061
-4.01895 2.97875 -0.15983
-4.02095 2.98007 -0.15964
-4.02186 2.98191 -0.15712
-4.01489 2.98734 -0.13791
-4.01630 2.98884 -0.13664
-4.01770 2.99034 -0.13539
-4.01936 2.99172 -0.13467
-4.02050 2.99331 -0.13289
-4.02241 2.99457 -0.13271
-4.02431 2.99583 -0.13253
-4.02570 2.99731 -0.13129
-4.00694 2.97213 -0.16429
-4.00843 2.97373 -0.16291
-4.01018 2.97519 -0.16213
-4.01192 2.97665 -0.16135
-4.01392 2.97798 -0.16116
-4.01566 2.97943 -0.16038
-4.01766 2.98075 -0.16019
-4.01859 2.98258 -0.15767
-4.01375 2.98705 -0.14280
-4.01289 2.98961 -0.13664
-4.01481 2.99087 -0.13646
-4.01596 2.99248 -0.13467
-4.01736 2.99396 -0.13342
-4.01927 2.99522 -0.13324
-4.02040 2.99680 -0.13147
-4.02205 2.99816 -0.13076
-4.02343 2.99962 -0.12953
-4.02454 3.00118 -0.12778
-4.02670 3.00233 -0.12812
-4.00414 2.97253 -0.16604
-4.00513 2.97441 -0.16347
-4.00688 2.97587 -0.16269
-4.00837 2.97746 -0.16132
-4.01011 2.97892 -0.16055
-4.01211 2.98024 -0.16035
-4.01411 2.98156 -0.16016
-4.01415 2.98604 -0.15115
-4.01251 2.98899 -0.14315
-4.01166 2.99152 -0.13699
-4.01358 2.99279 -0.13681
-4.01448 2.99450 -0.13448
-4.01614 2.99587 -0.13377
-4.01702 2.99755 -0.13147
-4.01892 2.99881 -0.13129
-4.01954 3.00057 -0.12848
-4.02118 3.00192 -0.12778
-4.02178 3.00366 -0.12502
-4.02366 3.00491 -0.12484
-4.02580 3.00605 -0.12517
-4.02768 3.00730 -0.12499
-4.02957 3.00854 -0.12481
-4.03118 3.00988 -0.12412
-4.00184 2.97266 -0.16899
-4.00285 2.97455 -0.16640
-4.00359 2.97655 -0.16325
-4.00534 2.97801 -0.16247
-4.00708 2.97946 -0.16169
-4.00857 2.98104 -0.16032
-4.01056 2.98236 -0.16013
-4.01288 2.98801 -0.15151
-4.01126 2.99093 -0.14351
-4.01143 2.99300 -0.13950
-4.01259 2.99460 -0.13769
-4.01350 2.99630 -0.13536
-4.01491 2.99777 -0.13412
-4.01631 2.99924 -0.13287
-4.01770 3.00071 -0.13163
-4.01807 3.00256 -0.12831
-4.01869 3.00430 -0.12554
-4.01981 3.00583 -0.12382
-4.01916 3.00800 -0.11857
-4.02077 3.00932 -0.11789
-4.02111 3.01108 -0.11472
-4.02220 3.01256 -0.11307
-4.02404 3.01378 -0.11289
-4.00105 2.97441 -0.17057
-4.00155 2.97656 -0.16677
-4.00230 2.97856 -0.16361
-4.00430 2.97988 -0.16342
-4.00580 2.98146 -0.16205
-4.00754 2.98291 -0.16127
-4.00928 2.98436 -0.16050
-4.01180 2.98543 -0.16148
-4.01327 2.98700 -0.16012
-4.01369 2.98903 -0.15644
-4.01001 2.99287 -0.14386
-4.01144 2.99437 -0.14258
-4.01211 2.99619 -0.13967
-4.01378 2.99757 -0.13894
-4.01418 2.99947 -0.13553
-4.01559 3.00094 -0.13428
-4.01724 3.00230 -0.13357
-4.01889 3.00366 -0.13285
-4.01749 3.00618 -0.12588
-4.01686 3.00836 -0.12059
-4.01772 3.00995 -0.11840
-4.01883 3.01144 -0.11673
-4.01820 3.01353 -0.11162
-4.01953 3.01491 -0.11047
-4.00025 2.97617 -0.17215
-4.00050 2.97845 -0.16773
-4.00176 2.98017 -0.16575
-4.00301 2.98188 -0.16378
-4.00502 2.98321 -0.16359
-4.00677 2.98466 -0.16281
-4.00877 2.98598 -0.16262
-4.01077 2.98731 -0.16243
-4.01225 2.98887 -0.16106
-4.01425 2.99019 -0.16087
-4.01440 2.99233 -0.15662
-4.01070 2.99609 -0.14403
-4.01213 2.99759 -0.14274
-4.01305 2.99929 -0.14038
-4.01346 3.00118 -0.13695
-4.01487 3.00265 -0.13570
-4.01602 3.00421 -0.13391
-4.01767 3.00557 -0.13320
-4.01628 3.00806 -0.12622
-4.01640 3.00994 -0.12245
-4.01752 3.01145 -0.12075
-4.01764 3.01329 -0.11706
-4.01702 3.01536 -0.11195
-4.00072 2.97968 -0.17172
-4.00097 2.98193 -0.16731
-4.00248 2.98351 -0.16593
-4.00449 2.98484 -0.16574
-4.00625 2.98629 -0.16495
-4.00826 2.98762 -0.16476
-4.01026 2.98895 -0.16457
-4.01175 2.99052 -0.16319
-4.01375 2.99184 -0.16300
-4.01576 2.99317 -0.16281
-4.01139 2.99931 -0.14420
-4.01257 3.00090 -0.14236
-4.01248 3.00299 -0.13784
-4.01414 3.00436 -0.13712
-4.01530 3.00592 -0.13533
-4.01670 3.00737 -0.13408
-4.01507 3.00994 -0.12656
-4.01595 3.01154 -0.12433
-4.01682 3.01313 -0.12211
-4.01694 3.01497 -0.11840
-4.01657 3.01694 -0.11375
-4.00169 2.98527 -0.16749
-4.00371 2.98661 -0.16729
-4.00547 2.98806 -0.16650
-4.00748 2.98939 -0.16631
-4.00949 2.99072 -0.16612
-4.01124 2.99217 -0.16533
-4.01246 2.99384 -0.16337
-4.01447 2.99517 -0.16317
-4.01133 3.00284 -0.14272
-4.01275 3.00431 -0.14144
-4.01341 3.00608 -0.13854
-4.01482 3.00754 -0.13728
-4.01572 3.00919 -0.13496
-4.01510 3.01136 -0.12950
-4.01574 3.01306 -0.12673
-4.01637 3.01474 -0.12398
-4.01575 3.01682 -0.11874
-4.00644 2.99128 -0.16728
-4.01029 2.99179 -0.17129
-4.01047 2.99395 -0.16689
-4.01196 2.99551 -0.16551
-4.01397 2.99684 -0.16532
-4.01169 3.00206 -0.15104
-4.01059 3.00457 -0.14417
-4.01202 3.00605 -0.14288
-4.01370 3.00742 -0.14215
-4.01435 3.00917 -0.13925
-4.01551 3.01072 -0.13745
-4.01640 3.01235 -0.13512
-4.00997 2.97597 -0.16532
-4.01094 2.97784 -0.16276
-4.01216 2.97955 -0.16081
-4.01416 2.98087 -0.16063
-4.01643 2.98206 -0.16103
-4.01843 2.98338 -0.16084
-4.01385 2.98776 -0.14639
-4.01452 2.98964 -0.14344
-4.01416 2.99195 -0.13835
-4.01456 2.99388 -0.13496
-4.01571 2.99547 -0.13318
-4.01685 2.99705 -0.13142
-4.01723 2.99893 -0.12810
-4.00645 2.97437 -0.17025
-4.00822 2.97584 -0.16946
-4.00765 2.97852 -0.16331
-4.00914 2.98010 -0.16195
-4.00984 2.98207 -0.15884
-4.01210 2.98325 -0.15924
-4.01409 2.98457 -0.15905
-4.01529 2.98625 -0.15713
-4.01260 2.98971 -0.14674
-4.01327 2.99158 -0.14379
-4.01317 2.99376 -0.13924
-4.01383 2.99557 -0.13637
-4.01499 2.99716 -0.13459
-4.01614 2.99874 -0.13282
-4.01627 3.00071 -0.12896
-4.01816 3.00196 -0.12879
-4.02133 3.00270 -0.13123
-4.00337 2.97492 -0.17141
-4.00515 2.97640 -0.17062
-4.00692 2.97787 -0.16983
-4.00636 2.98052 -0.16367
-4.00811 2.98198 -0.16289
-4.00856 2.98406 -0.15920
-4.01159 2.98487 -0.16135
-4.01281 2.98656 -0.15941
-4.01168 2.98932 -0.15233
-4.01134 2.99166 -0.14709
-4.01202 2.99352 -0.14414
-4.01345 2.99502 -0.14286
-4.01361 2.99706 -0.13886
-4.01452 2.99875 -0.13653
-4.01567 3.00033 -0.13475
-4.01682 3.00189 -0.13298
-4.01821 3.00335 -0.13175
-4.02088 3.00430 -0.13316
-4.02279 3.00556 -0.13298
-4.02211 3.00778 -0.12756
-4.02296 3.00940 -0.12532
-4.02484 3.01064 -0.12514
-4.02698 3.01179 -0.12548
-4.02887 3.01303 -0.12531
-4.03075 3.01427 -0.12513
-4.00207 2.97695 -0.17178
-4.00384 2.97842 -0.17098
-4.00561 2.97990 -0.17019
-4.00507 2.98253 -0.16403
-4.00708 2.98385 -0.16384
-4.00986 2.98480 -0.16543
-4.01188 2.98613 -0.16525
-4.01231 2.98819 -0.16152
-4.01352 2.98987 -0.15958
-4.01111 2.99316 -0.14967
-4.01153 2.99512 -0.14614
-4.01272 2.99674 -0.14430
-4.01364 2.99845 -0.14193
-4.01506 2.99993 -0.14066
-4.01673 3.00131 -0.13993
-4.01814 3.00278 -0.13867
-4.01903 3.00445 -0.13634
-4.02017 3.00601 -0.13456
-4.02157 3.00747 -0.13332
-4.02115 3.00957 -0.12842
-4.02176 3.01128 -0.12565
-4.02312 3.01270 -0.12445
-4.02270 3.01473 -0.11970
-4.00101 2.97885 -0.17275
-4.00305 2.98019 -0.17256
-4.00457 2.98179 -0.17116
-4.00634 2.98326 -0.17036
-4.00863 2.98447 -0.17078
-4.01119 2.98556 -0.17180
-4.01137 2.98777 -0.16740
-4.01129 2.99007 -0.16247
-4.01250 2.99174 -0.16052
-4.01087 2.99467 -0.15228
-4.01054 2.99696 -0.14705
-4.01147 2.99868 -0.14465
-4.01290 3.00017 -0.14337
-4.01407 3.00176 -0.14155
-4.01601 3.00303 -0.14137
-4.01742 3.00451 -0.14010
-4.01883 3.00597 -0.13884
-4.01972 3.00763 -0.13651
-4.02086 3.00918 -0.13473
-4.02019 3.01137 -0.12928
-4.02055 3.01316 -0.12599
-4.02243 3.01440 -0.12582
-4.02277 3.01616 -0.12257
-4.00251 2.98183 -0.17476
-4.00403 2.98344 -0.17335
-4.00581 2.98491 -0.17255
-4.01183 2.98433 -0.18162
-4.01390 2.98569 -0.18143
-4.01192 2.98893 -0.17198
-4.01130 2.99148 -0.16578
-4.01200 2.99339 -0.16264
-4.01037 2.99630 -0.15434
-4.00979 2.99869 -0.14851
-4.01022 3.00062 -0.14500
-4.01090 3.00241 -0.14208
-4.01283 3.00369 -0.14190
-4.01477 3.00496 -0.14172
-4.01618 3.00643 -0.14045
-4.01708 3.00809 -0.13810
-4.01798 3.00974 -0.13578
-4.01938 3.01118 -0.13454
-4.01898 3.01326 -0.12962
-4.01960 3.01495 -0.12684
-4.02122 3.01628 -0.12615
-4.00580 2.98631 -0.17597
-4.01050 2.98639 -0.18199
-4.01257 2.98776 -0.18180
-4.01061 2.99097 -0.17234
-4.01079 2.99314 -0.16793
-4.01072 2.99539 -0.16300
-4.00910 2.99827 -0.15470
-4.00853 3.00064 -0.14886
-4.00898 3.00256 -0.14535
-4.01041 3.00404 -0.14407
-4.01159 3.00562 -0.14224
-4.01353 3.00689 -0.14206
-4.01546 3.00816 -0.14188
-4.01636 3.00982 -0.13953
-4.01726 3.01146 -0.13719
-4.01866 3.01291 -0.13594
-4.01776 3.01515 -0.12996
-4.00783 3.00024 -0.15505
-4.00753 3.00249 -0.14977
-4.01381 2.97701 -0.15036
-4.01294 2.97972 -0.14404
-4.01412 2.98138 -0.14221
-4.01332 2.98828 -0.12779
-4.01496 2.98964 -0.12710
-4.01326 2.97396 -0.16146
-4.01394 2.97596 -0.15835
-4.01358 2.97846 -0.15299
-4.01425 2.98040 -0.14997
-4.01364 2.98295 -0.14421
-4.01455 2.98472 -0.14183
-4.01369 2.98730 -0.13569
-4.01063 2.99085 -0.12503
-4.01008 2.99318 -0.11977
-4.01194 2.99440 -0.11959
-4.00848 2.97305 -0.16337
-4.01022 2.97451 -0.16259
-4.01223 2.97583 -0.16240
-4.01371 2.97742 -0.16104
-4.01466 2.97927 -0.15852
-4.01455 2.98161 -0.15373
-4.01121 2.98979 -0.13337
-4.00703 2.99381 -0.12027
-4.00865 2.99514 -0.11960
-4.01002 2.99658 -0.11842
-4.01188 2.99780 -0.11825
-4.01373 2.99902 -0.11807
-4.01607 3.00004 -0.11890
-4.01843 3.00107 -0.11974
-4.02934 3.00852 -0.11819
-4.03067 3.00993 -0.11702
-4.00518 2.97373 -0.16392
-4.00693 2.97519 -0.16314
-4.00894 2.97651 -0.16295
-4.01094 2.97784 -0.16276
-4.01242 2.97942 -0.16140
-4.01364 2.98113 -0.15946
-4.01328 2.98358 -0.15408
-4.01257 2.98836 -0.14362
-4.01148 2.99102 -0.13692
-4.00560 2.99577 -0.12010
-4.00698 2.99721 -0.11893
-4.00883 2.99843 -0.11875
-4.01068 2.99965 -0.11858
-4.01254 3.00087 -0.11841
-4.01488 3.00190 -0.11924
-4.01748 3.00283 -0.12058
-4.01935 3.00405 -0.12040
-4.02121 3.00528 -0.12023
-4.02333 3.00642 -0.12056
-4.02654 3.00906 -0.11920
-4.02814 3.01038 -0.11853
-4.02948 3.01178 -0.11735
-4.03056 3.01327 -0.11568
-4.00389 2.97574 -0.16428
-4.00564 2.97719 -0.16350
-4.00765 2.97852 -0.16331
-4.00914 2.98010 -0.16195
-4.01114 2.98142 -0.16176
-4.01003 2.98426 -0.15462
-4.01123 2.98593 -0.15273
-4.01065 2.98843 -0.14692
-4.01158 2.99018 -0.14452
-4.01327 2.99158 -0.14379
-4.01217 2.99420 -0.13708
-4.00626 2.99886 -0.12026
-4.00788 3.00018 -0.11959
-4.02103 2.99670 -0.14306
-4.02297 2.99798 -0.14288
-4.02438 2.99947 -0.14161
-4.02185 3.00250 -0.13229
-4.02375 3.00376 -0.13211
-4.02992 3.00340 -0.14052
-4.03186 3.00468 -0.14034
-4.03379 3.00595 -0.14016
-4.03656 3.00693 -0.14162
-4.03794 3.00841 -0.14034
-4.02855 3.01355 -0.11819
-4.03015 3.01486 -0.11751
-4.00084 2.97628 -0.16542
-4.00260 2.97774 -0.16464
-4.00435 2.97920 -0.16386
-4.00636 2.98052 -0.16367
-4.00811 2.98198 -0.16289
-4.00985 2.98342 -0.16212
-4.00825 2.98648 -0.15383
-4.00895 2.98838 -0.15081
-4.00939 2.99038 -0.14727
-4.01084 2.99189 -0.14598
-4.01253 2.99329 -0.14524
-4.01422 2.99468 -0.14451
-4.01590 2.99608 -0.14377
-4.01785 2.99736 -0.14359
-4.02031 2.99842 -0.14451
-4.02226 2.99970 -0.14433
-4.02367 3.00119 -0.14305
-4.02481 3.00278 -0.14123
-4.02648 3.00416 -0.14050
-4.02868 3.00534 -0.14086
-4.03062 3.00661 -0.14068
-4.03337 3.00759 -0.14215
-4.03671 3.00839 -0.14472
-4.03726 3.01015 -0.14178
-4.03864 3.01162 -0.14051
-4.02844 3.01689 -0.11685
-3.99980 2.97816 -0.16637
-4.00131 2.97975 -0.16500
-4.00332 2.98108 -0.16481
-4.00532 2.98240 -0.16462
-4.00708 2.98385 -0.16384
-4.00882 2.98530 -0.16307
-4.00724 2.98833 -0.15476
-4.00845 2.98999 -0.15286
-4.00864 2.99210 -0.14874
-4.01009 2.99361 -0.14744
-4.01153 2.99512 -0.14614
-4.01297 2.99663 -0.14486
-4.01466 2.99802 -0.14412
-4.01660 2.99930 -0.14394
-4.01880 3.00047 -0.14431
-4.02048 3.00185 -0.14358
-4.02242 3.00313 -0.14340
-4.02357 3.00472 -0.14157
-4.02524 3.00609 -0.14085
-4.02664 3.00756 -0.13958
-4.02937 3.00855 -0.14103
-4.03213 3.00953 -0.14249
-4.03741 3.01162 -0.14489
-4.00052 2.98150 -0.16655
-4.00202 2.98308 -0.16517
-4.00403 2.98441 -0.16498
-4.00604 2.98573 -0.16480
-4.00754 2.98730 -0.16343
-4.00622 2.99019 -0.15569
-4.00769 2.99172 -0.15436
-4.00739 2.99405 -0.14909
-4.00884 2.99556 -0.14779
-4.01028 2.99707 -0.14649
-4.01198 2.99846 -0.14576
-4.01341 2.99996 -0.14447
-4.01535 3.00124 -0.14429
-4.01755 3.00241 -0.14466
-4.01923 3.00379 -0.14393
-4.02091 3.00518 -0.14320
-4.02206 3.00675 -0.14137
-4.02347 3.00822 -0.14010
-4.02540 3.00949 -0.13993
-4.02759 3.01067 -0.14029
-4.00651 2.98919 -0.16438
-4.00520 2.99205 -0.15661
-4.00642 2.99370 -0.15471
-4.00588 2.99612 -0.14888
-4.00759 2.99751 -0.14814
-4.00903 2.99901 -0.14684
-4.01022 3.00062 -0.14500
-4.01216 3.00190 -0.14482
-4.01385 3.00328 -0.14409
-4.01579 3.00456 -0.14391
-4.01773 3.00583 -0.14373
-4.01941 3.00721 -0.14300
-4.02056 3.00878 -0.14118
-4.02197 3.01024 -0.13991
-4.01907 2.97853 -0.14243
-4.01687 2.98181 -0.13360
-4.01450 2.98510 -0.12453
-4.01440 2.98726 -0.12028
-4.01329 2.97727 -0.14923
-4.01500 2.97870 -0.14849
-4.01463 2.98113 -0.14331
-4.00977 2.97104 -0.16301
-4.00816 2.97428 -0.15468
-4.00912 2.97612 -0.15222
-4.01032 2.97781 -0.15033
-4.01178 2.97936 -0.14903
-4.01271 2.98116 -0.14661
-4.01287 2.98332 -0.14256
-4.01128 2.98628 -0.13480
-4.00973 2.98916 -0.12727
-4.01112 2.99062 -0.12606
-4.01251 2.99208 -0.12485
-4.01316 2.99387 -0.12212
-4.01429 2.99542 -0.12043
-4.01590 2.99675 -0.11975
-4.01752 2.99808 -0.11907
-4.01962 2.99921 -0.11940
-4.02815 3.00563 -0.11703
-4.02975 3.00695 -0.11636
-4.03108 3.00836 -0.11519
-4.00776 2.97102 -0.16652
-4.00848 2.97305 -0.16337
-4.00689 2.97626 -0.15504
-4.00785 2.97809 -0.15257
-4.00881 2.97990 -0.15012
-4.01052 2.98132 -0.14938
-4.01146 2.98312 -0.14696
-4.01163 2.98526 -0.14290
-4.00980 2.98831 -0.13461
-4.00900 2.99081 -0.12865
-4.01016 2.99239 -0.12691
-4.01106 2.99407 -0.12468
-4.01171 2.99584 -0.12195
-4.01260 2.99749 -0.11975
-4.01446 2.99871 -0.11958
-4.01632 2.99994 -0.11941
-4.01843 3.00107 -0.11974
-4.02029 3.00229 -0.11956
-4.02215 3.00352 -0.11939
-4.02376 3.00484 -0.11871
-4.02619 3.00776 -0.11587
-4.02804 3.00898 -0.11570
-4.02989 3.01020 -0.11552
-4.03148 3.01151 -0.11485
-4.00646 2.97304 -0.16689
-4.00770 2.97478 -0.16491
-4.00663 2.97771 -0.15770
-4.00734 2.97967 -0.15463
-4.00830 2.98149 -0.15217
-4.00976 2.98304 -0.15086
-4.01122 2.98458 -0.14955
-4.01318 2.98587 -0.14936
-4.01207 2.98859 -0.14252
-4.01049 2.99147 -0.13478
-4.00919 2.99417 -0.12777
-4.01034 2.99573 -0.12604
-4.01149 2.99729 -0.12433
-4.01189 2.99914 -0.12110
-4.01327 3.00057 -0.11991
-4.01513 3.00180 -0.11974
-4.01723 3.00292 -0.12007
-4.01910 3.00415 -0.11990
-4.02096 3.00538 -0.11972
-4.02282 3.00661 -0.11955
-4.02442 3.00793 -0.11887
-4.02501 3.00961 -0.11620
-4.02686 3.01083 -0.11603
-4.02871 3.01205 -0.11586
-4.03030 3.01336 -0.11519
-4.00314 2.97372 -0.16744
-4.00491 2.97519 -0.16665
-4.00641 2.97679 -0.16527
-4.00688 2.97891 -0.16155
-4.00709 2.98114 -0.15729
-4.00882 2.98257 -0.15653
-4.01080 2.98388 -0.15634
-4.01252 2.98531 -0.15558
-4.01424 2.98674 -0.15482
-4.01622 2.98805 -0.15464
-4.01820 2.98935 -0.15445
-4.01992 2.99078 -0.15370
-4.02189 2.99208 -0.15351
-4.02387 2.99338 -0.15333
-4.02916 2.99331 -0.16008
-4.03145 2.99451 -0.16048
-4.03604 2.99480 -0.16562
-4.03375 2.99783 -0.15661
-4.03376 2.99990 -0.15241
-4.03546 3.00131 -0.15165
-4.03686 3.00283 -0.15034
-4.03883 3.00413 -0.15015
-4.00184 2.97574 -0.16780
-4.00361 2.97721 -0.16701
-4.00512 2.97880 -0.16563
-4.00559 2.98091 -0.16191
-4.00632 2.98287 -0.15880
-4.00780 2.98443 -0.15746
-4.00978 2.98574 -0.15728
-4.01177 2.98705 -0.15709
-4.01349 2.98848 -0.15633
-4.01521 2.98991 -0.15557
-4.01720 2.99121 -0.15538
-4.01891 2.99264 -0.15463
-4.02116 2.99383 -0.15501
-4.02505 2.99433 -0.15887
-4.02816 2.99519 -0.16103
-4.03044 2.99640 -0.16143
-4.03474 2.99682 -0.16598
-4.03275 2.99971 -0.15755
-4.03361 3.00145 -0.15505
-4.03419 3.00329 -0.15201
-4.03560 3.00480 -0.15069
-4.03757 3.00610 -0.15051
-4.00231 2.97922 -0.16738
-4.00382 2.98082 -0.16600
-4.00431 2.98291 -0.16226
-4.00504 2.98486 -0.15916
-4.00652 2.98642 -0.15782
-4.00851 2.98773 -0.15763
-4.01024 2.98916 -0.15687
-4.01222 2.99046 -0.15668
-4.01368 2.99200 -0.15535
-4.01566 2.99331 -0.15517
-4.01764 2.99462 -0.15498
-4.01989 2.99581 -0.15537
-4.02295 2.99667 -0.15749
-4.02576 2.99765 -0.15905
-4.02776 2.99896 -0.15886
-4.02948 3.00039 -0.15809
-4.03035 3.00213 -0.15560
-4.03094 3.00396 -0.15255
-4.03236 3.00547 -0.15123
-4.03433 3.00677 -0.15104
-4.03630 3.00807 -0.15086
-4.00426 2.98660 -0.16068
-4.00525 2.98840 -0.15817
-4.00723 2.98971 -0.15799
-4.00896 2.99114 -0.15723
-4.01095 2.99245 -0.15704
-4.01293 2.99375 -0.15686
-4.01465 2.99518 -0.15610
-4.01637 2.99659 -0.15534
-4.01835 2.99790 -0.15515
-4.02167 2.99866 -0.15785
-4.02448 2.99964 -0.15940
-4.02620 3.00106 -0.15864
-4.02820 3.00238 -0.15845
-4.02908 3.00411 -0.15595
-4.03081 2.98097 -0.14554
-4.03112 2.98301 -0.14204
-4.03125 2.99138 -0.12637
-4.01619 2.97140 -0.15239
-4.01765 2.97297 -0.15107
-4.01962 2.97427 -0.15089
-4.02133 2.97570 -0.15015
-4.02277 2.97726 -0.14884
-4.02474 2.97855 -0.14867
-4.02617 2.98010 -0.14737
-4.02759 2.98165 -0.14607
-4.02955 2.98293 -0.14590
-4.02987 2.98496 -0.14239
-4.03239 2.98812 -0.13930
-4.02946 2.99147 -0.12950
-4.02741 2.99437 -0.12156
-4.02695 2.99656 -0.11685
-4.01330 2.96951 -0.15828
-4.01530 2.97082 -0.15811
-4.01703 2.97227 -0.15735
-4.01823 2.97399 -0.15543
-4.01915 2.97584 -0.15296
-4.02034 2.97754 -0.15107
-4.02204 2.97897 -0.15033
-4.02402 2.98026 -0.15015
-4.02545 2.98181 -0.14885
-4.02580 2.98386 -0.14531
-4.02721 2.98539 -0.14402
-4.02781 2.98727 -0.14109
-4.02503 2.99268 -0.12739
-4.02179 2.99608 -0.11702
-4.02845 3.00127 -0.11486
-4.03031 3.00248 -0.11469
-4.03216 3.00370 -0.11452
-4.01080 2.96977 -0.16058
-4.01228 2.97137 -0.15923
-4.01428 2.97268 -0.15905
-4.01629 2.97399 -0.15887
-4.01829 2.97531 -0.15869
-4.01948 2.97702 -0.15677
-4.02040 2.97886 -0.15428
-4.02212 2.98029 -0.15353
-4.02411 2.98160 -0.15335
-4.02609 2.98290 -0.15318
-4.02698 2.98470 -0.15072
-4.02596 2.98734 -0.14438
-4.01308 2.99514 -0.11387
-4.01228 2.99749 -0.10834
-4.01410 2.99869 -0.10817
-4.02491 3.00210 -0.11436
-4.02701 3.00322 -0.11469
-4.02886 3.00443 -0.11453
-4.03097 3.00555 -0.11486
-4.03204 3.00705 -0.11321
-4.00803 2.97017 -0.16229
-4.01030 2.97135 -0.16270
-4.01231 2.97267 -0.16252
-4.01459 2.97385 -0.16293
-4.01660 2.97518 -0.16275
-4.01861 2.97650 -0.16257
-4.02009 2.97809 -0.16121
-4.02210 2.97941 -0.16103
-4.02466 2.98046 -0.16203
-4.02653 2.98631 -0.15278
-4.02338 2.98988 -0.14197
-4.00882 2.99832 -0.10786
-4.00947 3.00001 -0.10530
-4.01128 3.00120 -0.10514
-4.01452 3.00180 -0.10786
-4.01732 3.00261 -0.10963
-4.02063 3.00323 -0.11239
-4.02247 3.00443 -0.11223
-4.02456 3.00555 -0.11255
-4.02640 3.00675 -0.11239
-4.02825 3.00796 -0.11223
-4.03009 3.00917 -0.11206
-4.03167 3.01047 -0.11140
-4.00498 2.97072 -0.16342
-4.00674 2.97218 -0.16265
-4.00901 2.97336 -0.16306
-4.01128 2.97454 -0.16347
-4.01383 2.97559 -0.16448
-4.01585 2.97692 -0.16430
-4.01786 2.97824 -0.16412
-4.01934 2.97983 -0.16275
-4.02136 2.98115 -0.16257
-4.02282 2.98273 -0.16121
-4.02211 2.98531 -0.15522
-4.02410 2.98662 -0.15504
-4.00766 3.00014 -0.10819
-4.00924 3.00143 -0.10755
-4.01106 3.00262 -0.10738
-4.01384 3.00343 -0.10915
-4.01615 3.00444 -0.10996
-4.01945 3.00506 -0.11272
-4.02129 3.00627 -0.11256
-4.02338 3.00739 -0.11289
-4.02523 3.00860 -0.11272
-4.02707 3.00980 -0.11256
-4.02891 3.01101 -0.11239
-4.03049 3.01231 -0.11174
-4.03234 3.01352 -0.11157
-4.00395 2.97259 -0.16438
-4.00571 2.97405 -0.16361
-4.00824 2.97510 -0.16461
-4.01026 2.97642 -0.16443
-4.01359 2.97707 -0.16723
-4.01589 2.97826 -0.16765
-4.01765 2.97973 -0.16687
-4.01913 2.98132 -0.16549
-4.02088 2.98278 -0.16471
-4.02208 2.98449 -0.16276
-4.02355 2.98606 -0.16140
-4.02583 2.98726 -0.16180
-4.03210 2.98671 -0.17060
-4.03619 2.98939 -0.17024
-4.03794 2.99085 -0.16945
-4.03998 2.99219 -0.16927
-4.03116 3.01536 -0.11190
-4.00292 2.97447 -0.16533
-4.00493 2.97579 -0.16515
-4.00695 2.97711 -0.16497
-4.01027 2.97776 -0.16778
-4.01283 2.97883 -0.16880
-4.01486 2.98016 -0.16862
-4.01662 2.98162 -0.16783
-4.01865 2.98295 -0.16765
-4.01986 2.98467 -0.16567
-4.02161 2.98612 -0.16490
-4.02254 2.98794 -0.16235
-4.03133 2.98626 -0.17669
-4.03398 2.98736 -0.17775
-4.03635 2.98859 -0.17819
-4.03605 2.99094 -0.17305
-4.03722 2.99265 -0.17103
-4.03868 2.99423 -0.16963
-4.04379 3.01267 -0.13857
-4.01923 3.02245 -0.08822
-4.00751 2.97575 -0.17458
-4.01009 2.97682 -0.17562
-4.01215 2.97817 -0.17544
-4.01420 2.97952 -0.17526
-4.01626 2.98087 -0.17507
-4.01831 2.98221 -0.17489
-4.02064 2.98343 -0.17532
-4.02270 2.98478 -0.17514
-4.02503 2.98600 -0.17557
-4.02795 2.98697 -0.17724
-4.03030 2.98820 -0.17768
-4.03237 2.98956 -0.17750
-4.03414 2.99103 -0.17669
-4.03387 2.99335 -0.17158
-4.03533 2.99493 -0.17018
-4.03562 2.99697 -0.16638
-4.03649 2.99875 -0.16381
-4.03648 3.00085 -0.15951
-4.04146 3.01305 -0.14073
-4.01636 3.02305 -0.08869
-4.01788 3.02428 -0.08809
-4.02663 2.98903 -0.17762
-4.03402 2.99697 -0.17055
-4.02714 2.98213 -0.12846
-4.02642 2.98458 -0.12310
-4.02674 2.98652 -0.11987
-4.02706 2.98843 -0.11668
-4.02892 2.98965 -0.11651
-4.02297 2.97673 -0.13910
-4.02464 2.97813 -0.13839
-4.02631 2.97953 -0.13767
-4.02744 2.98118 -0.13588
-4.02937 2.98244 -0.13570
-4.02756 2.98540 -0.12811
-4.02503 2.98862 -0.11919
-4.02587 2.99029 -0.11701
-4.02773 2.99151 -0.11685
-4.03011 2.99252 -0.11768
-4.03277 2.99341 -0.11903
-4.03544 2.99432 -0.12039
-4.02393 2.97981 -0.13982
-4.02534 2.98134 -0.13856
-4.02621 2.98310 -0.13622
-4.02760 2.98461 -0.13498
-4.02661 2.98718 -0.12897
-4.02563 2.98969 -0.12310
-4.02545 2.99182 -0.11886
-4.02731 2.99305 -0.11869
-4.02918 2.99427 -0.11852
-4.03237 2.99496 -0.12089
-4.03424 2.99619 -0.12072
-4.03558 2.99763 -0.11954
-4.03692 2.99907 -0.11836
-4.01120 2.96936 -0.15047
-4.01317 2.97065 -0.15029
-4.01489 2.97209 -0.14955
-4.01633 2.97365 -0.14825
-4.01830 2.97494 -0.14807
-4.01843 2.97715 -0.14399
-4.02012 2.97856 -0.14327
-4.02207 2.97984 -0.14309
-4.02490 2.98290 -0.14055
-4.02631 2.98442 -0.13928
-4.02691 2.98630 -0.13640
-4.02451 2.99358 -0.11970
-4.02612 2.99491 -0.11903
-4.02799 2.99614 -0.11886
-4.03090 2.99694 -0.12072
-4.03251 2.99828 -0.12004
-4.03386 2.99971 -0.11886
-4.03334 3.00185 -0.11419
-4.03441 3.00336 -0.11254
-4.00975 2.96905 -0.15499
-4.01122 2.97064 -0.15367
-4.01320 2.97194 -0.15349
-4.01493 2.97337 -0.15274
-4.01691 2.97467 -0.15256
-4.01889 2.97597 -0.15239
-4.02114 2.97714 -0.15278
-4.03009 2.97736 -0.16290
-4.03211 2.97868 -0.16272
-4.02514 2.98846 -0.13567
-4.02417 2.99098 -0.12966
-4.02323 2.99345 -0.12377
-4.01856 2.99744 -0.11059
-4.02040 2.99865 -0.11043
-4.02373 2.99924 -0.11321
-4.02686 2.99995 -0.11552
-4.02871 3.00116 -0.11535
-4.03057 3.00238 -0.11519
-4.03112 3.00409 -0.11255
-4.03244 3.00549 -0.11140
-4.03402 3.00680 -0.11074
-4.00931 2.96817 -0.16193
-4.00951 2.97048 -0.15766
-4.01072 2.97220 -0.15575
-4.01220 2.97378 -0.15442
-4.01392 2.97522 -0.15367
-4.01590 2.97652 -0.15349
-4.01868 2.97742 -0.15504
-4.02671 2.97577 -0.16781
-4.03079 2.97844 -0.16745
-4.03253 2.97991 -0.16666
-4.01739 2.99928 -0.11092
-4.01922 3.00048 -0.11076
-4.02180 3.00139 -0.11206
-4.02440 3.00230 -0.11337
-4.02625 3.00351 -0.11321
-4.02809 3.00472 -0.11304
-4.02840 3.00650 -0.10994
-4.02921 3.00808 -0.10783
-4.03078 3.00937 -0.10719
-4.03184 3.01084 -0.10558
-4.00906 2.96960 -0.16466
-4.01004 2.97149 -0.16211
-4.01023 2.97378 -0.15784
-4.01170 2.97536 -0.15650
-4.01369 2.97667 -0.15633
-4.01568 2.97797 -0.15615
-4.02255 2.97687 -0.16656
-4.02541 2.97780 -0.16818
-4.02830 2.97873 -0.16981
-4.03062 2.97994 -0.17023
-4.03238 2.98141 -0.16944
-4.03471 2.98262 -0.16987
-4.02448 3.00365 -0.11619
-4.02507 3.00535 -0.11354
-4.02464 3.00741 -0.10897
-4.02446 3.00935 -0.10496
-4.02578 3.01072 -0.10385
-4.02709 3.01208 -0.10273
-4.02865 3.01336 -0.10210
-4.03046 3.01454 -0.10194
-4.00704 2.96958 -0.16819
-4.00907 2.97091 -0.16801
-4.01110 2.97224 -0.16783
-4.01286 2.97371 -0.16705
-4.01489 2.97504 -0.16687
-4.01719 2.97624 -0.16728
-4.01922 2.97757 -0.16710
-4.02152 2.97877 -0.16752
-4.02411 2.97983 -0.16854
-4.02699 2.98077 -0.17018
-4.02932 2.98198 -0.17060
-4.03108 2.98345 -0.16981
-4.03341 2.98466 -0.17024
-4.03692 2.98536 -0.17311
-4.02347 3.00924 -0.10930
-4.02281 3.01134 -0.10433
-4.02388 3.01279 -0.10275
-4.02494 3.01423 -0.10117
-4.02625 3.01558 -0.10007
-4.02780 3.01685 -0.09944
-4.02959 3.01802 -0.09928
-4.00652 2.97118 -0.17037
-4.00777 2.97294 -0.16838
-4.00980 2.97427 -0.16819
-4.01183 2.97560 -0.16801
-4.01413 2.97680 -0.16843
-4.01616 2.97813 -0.16825
-4.01819 2.97946 -0.16807
-4.02132 2.98026 -0.17030
-4.02392 2.98134 -0.17134
-4.02681 2.98229 -0.17299
-4.02915 2.98350 -0.17342
-4.03149 2.98472 -0.17385
-4.03355 2.98607 -0.17366
-4.03619 2.98716 -0.17471
-4.04005 2.98776 -0.17825
-4.04303 2.98874 -0.17995
-4.04511 2.99010 -0.17976
-4.02140 3.01323 -0.10418
-4.02150 3.01502 -0.10072
-4.02305 3.01628 -0.10009
-4.02461 3.01754 -0.09946
-4.02640 3.01872 -0.09930
-4.02140 3.02208 -0.08642
-4.00777 2.97427 -0.17177
-4.00981 2.97561 -0.17158
-4.01186 2.97695 -0.17140
-4.01390 2.97829 -0.17122
-4.01594 2.97962 -0.17104
-4.01825 2.98083 -0.17146
-4.02084 2.98191 -0.17250
-4.02345 2.98299 -0.17354
-4.02635 2.98395 -0.17520
-4.02927 2.98491 -0.17687
-4.03162 2.98613 -0.17731
-4.03369 2.98749 -0.17712
-4.03605 2.98872 -0.17756
-4.03962 2.98945 -0.18051
-4.04170 2.99082 -0.18032
-4.04378 2.99218 -0.18014
-4.01923 3.02245 -0.08822
-4.01981 3.02397 -0.08585
-4.01886 2.98195 -0.17612
-4.02203 2.98277 -0.17842
-4.02609 2.98321 -0.18263
-4.02905 2.98418 -0.18435
-4.03114 2.98555 -0.18416
-4.03323 2.98692 -0.18398
-4.03502 2.98842 -0.18315
-4.03711 2.98979 -0.18297
-4.03920 2.99116 -0.18278
-4.04068 2.99277 -0.18133
-4.04276 2.99414 -0.18114
-4.09189 2.97724 -0.27750
-4.11069 2.98782 -0.27943
-4.11314 2.98943 -0.27921
-4.11513 2.99118 -0.27813
-4.02480 2.97847 -0.12225
-4.02616 2.97995 -0.12106
-4.02572 2.98227 -0.11634
-4.02629 2.98408 -0.11369
-4.02636 2.98610 -0.11007
-4.03421 2.98464 -0.12141
-4.03583 2.98600 -0.12073
-4.03771 2.98723 -0.12056
-4.03689 2.98960 -0.11534
-4.02012 2.97333 -0.13160
-4.02177 2.97471 -0.13090
-4.02264 2.97648 -0.12863
-4.02299 2.97849 -0.12533
-4.02334 2.98047 -0.12207
-4.02445 2.98207 -0.12038
-4.02427 2.98425 -0.11618
-4.02511 2.98593 -0.11402
-4.02518 2.98794 -0.11041
-4.02882 2.98836 -0.11369
-4.03384 2.99024 -0.11584
-4.03543 2.99157 -0.11518
-4.03729 2.99279 -0.11501
-4.03889 2.99412 -0.11435
-4.01594 2.96998 -0.13836
-4.01788 2.97125 -0.13819
-4.01929 2.97279 -0.13693
-4.02044 2.97445 -0.13515
-4.02081 2.97649 -0.13177
-4.02246 2.97788 -0.13107
-4.02230 2.98013 -0.12671
-4.02265 2.98211 -0.12344
-4.02350 2.98382 -0.12122
-4.02359 2.98587 -0.11751
-4.02494 2.98732 -0.11635
-4.02680 2.98855 -0.11618
-4.03557 2.99288 -0.11802
-4.03584 2.99476 -0.11485
-4.03663 2.99640 -0.11270
-4.03768 2.99792 -0.11105
-4.03715 3.00005 -0.10651
-4.01328 2.97037 -0.13997
-4.01547 2.97151 -0.14034
-4.01741 2.97278 -0.14017
-4.01883 2.97432 -0.13891
-4.02051 2.97572 -0.13819
-4.02114 2.97764 -0.13532
-4.02150 2.97966 -0.13195
-4.02237 2.98141 -0.12966
-4.02195 2.98375 -0.12481
-4.02307 2.98534 -0.12310
-4.02418 2.98693 -0.12139
-4.02528 2.98850 -0.11970
-4.03625 2.99598 -0.11819
-4.03492 2.99845 -0.11204
-4.03571 3.00007 -0.10991
-4.03519 3.00217 -0.10539
-4.03650 3.00356 -0.10427
-4.01111 2.97049 -0.14269
-4.01305 2.97177 -0.14251
-4.01526 2.97291 -0.14289
-4.01720 2.97419 -0.14271
-4.01863 2.97573 -0.14144
-4.02031 2.97714 -0.14072
-4.02121 2.97893 -0.13836
-4.02183 2.98082 -0.13549
-4.02219 2.98283 -0.13212
-4.02306 2.98456 -0.12984
-4.02289 2.98676 -0.12549
-4.03454 3.00191 -0.11025
-4.03351 3.00419 -0.10476
-4.03455 3.00567 -0.10317
-4.03611 3.00695 -0.10253
-4.03766 3.00823 -0.10189
-4.00867 2.97075 -0.14487
-4.01011 2.97230 -0.14359
-4.01206 2.97358 -0.14341
-4.01427 2.97472 -0.14379
-4.01622 2.97600 -0.14362
-4.01791 2.97741 -0.14289
-4.01933 2.97895 -0.14162
-4.02101 2.98035 -0.14089
-4.02217 2.98200 -0.13908
-4.02410 2.98327 -0.13891
-4.03572 2.98011 -0.15846
-4.03152 3.00254 -0.11074
-4.03027 3.00491 -0.10477
-4.03031 3.00675 -0.10129
-4.03211 3.00794 -0.10112
-4.03367 3.00922 -0.10049
-4.03521 3.01049 -0.09986
-4.00873 2.96962 -0.15270
-4.00969 2.97147 -0.15026
-4.01166 2.97276 -0.15008
-4.01337 2.97419 -0.14934
-4.01534 2.97548 -0.14916
-4.01704 2.97690 -0.14842
-4.02007 2.97767 -0.15051
-4.02640 2.97684 -0.15954
-4.01541 2.99877 -0.10433
-4.01578 3.00055 -0.10133
-4.01758 3.00174 -0.10117
-4.01963 3.00282 -0.10148
-4.02143 3.00401 -0.10131
-4.02324 3.00519 -0.10115
-4.02504 3.00637 -0.10099
-4.02685 3.00756 -0.10083
-4.02865 3.00874 -0.10067
-4.03020 3.01001 -0.10004
-4.03175 3.01129 -0.09941
-4.03330 3.01255 -0.09878
-4.03509 3.01373 -0.09862
-4.00983 2.96788 -0.16311
-4.01106 2.96963 -0.16116
-4.01254 2.97123 -0.15981
-4.01376 2.97296 -0.15788
-4.01444 2.97495 -0.15482
-4.01617 2.97639 -0.15407
-4.01789 2.97782 -0.15332
-4.02014 2.97899 -0.15371
-4.02512 2.97885 -0.15990
-4.03832 2.98626 -0.16118
-4.03831 2.98844 -0.15690
-4.01283 3.00117 -0.10181
-4.01439 3.00245 -0.10118
-4.01619 3.00363 -0.10102
-4.01824 3.00472 -0.10133
-4.02028 3.00581 -0.10164
-4.02208 3.00699 -0.10148
-4.02389 3.00818 -0.10132
-4.02569 3.00936 -0.10116
-4.02725 3.01063 -0.10052
-4.02855 3.01199 -0.09943
-4.03009 3.01326 -0.09880
-4.03189 3.01444 -0.09864
-4.03369 3.01561 -0.09848
-4.03549 3.01679 -0.09831
-4.01089 2.96859 -0.16885
-4.01134 2.97079 -0.16507
-4.01231 2.97267 -0.16252
-4.01379 2.97427 -0.16116
-4.01527 2.97586 -0.15981
-4.01727 2.97717 -0.15963
-4.01955 2.97835 -0.16004
-4.02183 2.97954 -0.16045
-4.02411 2.98073 -0.16085
-4.02640 2.98191 -0.16126
-4.04179 2.98401 -0.17564
-4.03937 2.98728 -0.16630
-4.03876 2.98972 -0.16077
-4.01309 3.00239 -0.10498
-4.01324 3.00425 -0.10151
-4.01504 3.00543 -0.10135
-4.01732 3.00643 -0.10213
-4.01913 3.00761 -0.10196
-4.02093 3.00879 -0.10180
-4.02273 3.00998 -0.10164
-4.02454 3.01116 -0.10148
-4.02634 3.01234 -0.10132
-4.02765 3.01370 -0.10022
-4.02895 3.01505 -0.09912
-4.03074 3.01623 -0.09896
-4.03254 3.01741 -0.09880
-4.03408 3.01867 -0.09817
-4.01242 2.97153 -0.17085
-4.01420 2.97301 -0.17006
-4.01462 2.97518 -0.16627
-4.01531 2.97719 -0.16311
-4.01706 2.97864 -0.16234
-4.01907 2.97996 -0.16216
-4.02108 2.98128 -0.16198
-4.02337 2.98248 -0.16239
-4.02932 2.98198 -0.17060
-4.03545 2.98147 -0.17906
-4.03752 2.98283 -0.17888
-4.03900 2.98446 -0.17744
-4.03779 2.98722 -0.17048
-4.03836 2.98918 -0.16727
-4.04040 2.99052 -0.16709
-4.03243 3.00001 -0.13855
-4.03603 3.00064 -0.14165
-4.03658 3.00244 -0.13874
-4.03657 3.00443 -0.13479
-4.03794 3.00589 -0.13355
-4.04014 3.00705 -0.13391
-4.01547 2.97611 -0.17146
-4.01724 2.97759 -0.17067
-4.01928 2.97893 -0.17049
-4.02132 2.98026 -0.17030
-4.02336 2.98160 -0.17012
-4.02597 2.98268 -0.17115
-4.02972 2.98324 -0.17465
-4.03412 2.98354 -0.17944
-4.03590 2.98504 -0.17862
-4.03767 2.98653 -0.17781
-4.03796 2.98864 -0.17391
-4.03824 2.99073 -0.17005
-4.04058 2.99195 -0.17048
-4.03868 3.00514 -0.14165
-4.03921 3.00692 -0.13874
-4.02111 3.02553 -0.07913
-4.02812 2.98542 -0.17440
-4.03192 2.98601 -0.17793
-4.03428 2.98724 -0.17837
-4.03605 2.98872 -0.17756
-4.03664 2.99070 -0.17428
-4.03752 2.99253 -0.17164
-4.03957 2.99388 -0.17146
-4.02518 2.97035 -0.12135
-4.02526 2.97247 -0.11763
-4.02559 2.97444 -0.11447
-4.02695 2.97589 -0.11332
-4.02830 2.97733 -0.11217
-4.02861 2.97925 -0.10906
-4.02714 2.98197 -0.10264
-4.02694 2.98406 -0.09871
-4.02801 2.98556 -0.09716
-4.02957 2.98683 -0.09654
-4.01984 2.96779 -0.12527
-4.02175 2.96901 -0.12510
-4.02340 2.97037 -0.12442
-4.02400 2.97224 -0.12169
-4.02409 2.97435 -0.11797
-4.02442 2.97631 -0.11481
-4.02553 2.97788 -0.11316
-4.02688 2.97932 -0.11201
-4.02745 2.98110 -0.10940
-4.02700 2.98334 -0.10489
-4.02606 2.98576 -0.09951
-4.02688 2.98736 -0.09748
-4.02844 2.98863 -0.09686
-4.03025 2.98979 -0.09671
-4.03206 2.99095 -0.09656
-4.03412 2.99201 -0.09687
-4.01443 2.96520 -0.12923
-4.01559 2.96684 -0.12750
-4.01725 2.96820 -0.12681
-4.01865 2.96970 -0.12561
-4.02056 2.97092 -0.12545
-4.02221 2.97227 -0.12477
-4.02308 2.97401 -0.12255
-4.02291 2.97623 -0.11831
-4.02275 2.97842 -0.11415
-4.02411 2.97986 -0.11300
-4.02470 2.98165 -0.11038
-4.02630 2.98295 -0.10973
-4.02586 2.98517 -0.10522
-4.02518 2.98746 -0.10031
-4.02575 2.98917 -0.09781
-4.02706 2.99055 -0.09673
-4.02861 2.99181 -0.09611
-4.03093 2.99276 -0.09688
-4.03274 2.99392 -0.09673
-4.03481 2.99498 -0.09704
-4.03636 2.99624 -0.09642
-4.01039 2.96410 -0.13202
-4.01181 2.96561 -0.13080
-4.01323 2.96712 -0.12958
-4.01490 2.96848 -0.12889
-4.01631 2.96998 -0.12768
-4.01822 2.97121 -0.12752
-4.02014 2.97243 -0.12735
-4.02128 2.97404 -0.12563
-4.02215 2.97578 -0.12340
-4.02199 2.97799 -0.11916
-4.02108 2.98053 -0.11350
-4.02244 2.98196 -0.11235
-4.02329 2.98362 -0.11023
-4.02413 2.98526 -0.10812
-4.02471 2.98701 -0.10555
-4.02404 2.98928 -0.10064
-4.02412 2.99119 -0.09721
-4.02543 2.99256 -0.09613
-4.02550 2.99444 -0.09276
-4.02754 2.99548 -0.09306
-4.03009 2.99633 -0.09428
-4.03265 2.99719 -0.09551
-4.03446 2.99834 -0.09536
-4.03601 2.99960 -0.09474
-4.00726 2.96479 -0.13253
-4.00869 2.96630 -0.13131
-4.01037 2.96767 -0.13062
-4.01204 2.96903 -0.12992
-4.01370 2.97040 -0.12924
-4.01562 2.97163 -0.12907
-4.01728 2.97298 -0.12839
-4.01920 2.97421 -0.12822
-4.02086 2.97557 -0.12754
-4.02122 2.97755 -0.12426
-4.02081 2.97987 -0.11950
-4.01966 2.98251 -0.11334
-4.02052 2.98416 -0.11121
-4.02138 2.98581 -0.10910
-4.02272 2.98722 -0.10797
-4.02356 2.98884 -0.10588
-4.02290 2.99110 -0.10097
-4.02275 2.99310 -0.09707
-4.02259 2.99508 -0.09323
-4.02414 2.99633 -0.09262
-4.02593 2.99747 -0.09247
-4.02772 2.99862 -0.09232
-4.03052 2.99938 -0.09399
-4.03232 3.00053 -0.09384
-4.03310 3.00206 -0.09186
-4.03438 3.00340 -0.09080
-4.00606 2.96671 -0.13288
-4.00774 2.96808 -0.13218
-4.00917 2.96959 -0.13096
-4.01109 2.97082 -0.13080
-4.01276 2.97218 -0.13011
-4.01443 2.97354 -0.12942
-4.01634 2.97477 -0.12926
-4.01826 2.97600 -0.12909
-4.01992 2.97735 -0.12841
-4.02132 2.97883 -0.12720
-4.02194 2.98066 -0.12444
-4.02152 2.98296 -0.11968
-4.02011 2.98567 -0.11302
-4.02047 2.98754 -0.10992
-4.02207 2.98884 -0.10927
-4.02342 2.99024 -0.10814
-4.02177 2.99291 -0.10129
-4.02137 2.99501 -0.09693
-4.02051 2.99726 -0.09173
-4.02205 2.99851 -0.09113
-4.02359 2.99975 -0.09052
-4.02562 3.00079 -0.09082
-4.02765 3.00184 -0.09112
-4.02944 3.00299 -0.09097
-4.03048 3.00441 -0.08946
-4.03151 3.00582 -0.08797
-4.03278 3.00714 -0.08692
-4.00341 2.96713 -0.13446
-4.00485 2.96864 -0.13323
-4.00654 2.97000 -0.13253
-4.00846 2.97124 -0.13237
-4.01039 2.97247 -0.13220
-4.01231 2.97370 -0.13204
-4.01424 2.97494 -0.13188
-4.01616 2.97617 -0.13171
-4.01783 2.97753 -0.13102
-4.01950 2.97889 -0.13033
-4.02116 2.98024 -0.12964
-4.02308 2.98147 -0.12947
-4.02500 2.98270 -0.12931
-4.02692 2.98393 -0.12915
-4.02830 2.98540 -0.12794
-4.03022 2.98662 -0.12777
-4.03213 2.98785 -0.12761
-4.03405 2.98908 -0.12745
-4.02245 2.99590 -0.10147
-4.01939 2.99905 -0.09206
-4.02070 3.00038 -0.09100
-4.02224 3.00162 -0.09039
-4.02402 3.00276 -0.09024
-4.02556 3.00399 -0.08964
-4.02734 3.00514 -0.08949
-4.02862 3.00646 -0.08844
-4.02990 3.00777 -0.08739
-4.02970 3.00960 -0.08370
-4.03097 3.01090 -0.08267
-4.00196 2.96685 -0.13874
-4.00293 2.96865 -0.13641
-4.00414 2.97029 -0.13464
-4.00582 2.97166 -0.13394
-4.00775 2.97290 -0.13378
-4.00968 2.97413 -0.13361
-4.01186 2.97524 -0.13398
-4.01379 2.97648 -0.13382
-4.01572 2.97771 -0.13365
-4.01740 2.97908 -0.13296
-4.01907 2.98043 -0.13226
-4.02048 2.98191 -0.13104
-4.02188 2.98339 -0.12982
-4.02380 2.98462 -0.12966
-4.02572 2.98585 -0.12949
-4.02711 2.98731 -0.12828
-4.02902 2.98854 -0.12812
-4.03094 2.98976 -0.12796
-4.03285 2.99099 -0.12779
-4.02113 3.00340 -0.09072
-4.02291 3.00454 -0.09056
-4.02445 3.00577 -0.08996
-4.02598 3.00700 -0.08936
-4.02702 3.00840 -0.08786
-4.02757 3.00997 -0.08549
-4.02811 3.01153 -0.08314
-4.02938 3.01282 -0.08211
-4.02846 3.01483 -0.07721
-4.01758 2.95928 -0.17683
-4.01994 2.96046 -0.17728
-4.02202 2.96179 -0.17710
-4.02468 2.96282 -0.17817
-4.02677 2.96416 -0.17799
-4.02886 2.96550 -0.17781
-4.03095 2.96684 -0.17763
-4.03304 2.96817 -0.17746
-4.03513 2.96951 -0.17728
-4.03721 2.97085 -0.17710
-4.03870 2.97247 -0.17568
-4.04018 2.97409 -0.17426
-4.02120 2.98507 -0.13122
-4.02260 2.98653 -0.13000
-4.02452 2.98776 -0.12984
-4.02618 2.98911 -0.12915
-4.02783 2.99045 -0.12846
-4.02974 2.99167 -0.12830
-4.03166 2.99290 -0.12814
-4.03357 2.99413 -0.12798
-4.02512 3.00869 -0.09013
-4.02616 3.01009 -0.08863
-4.02720 3.01148 -0.08714
-4.02653 3.01345 -0.08258
-4.02445 3.01585 -0.07554
-4.02429 3.01758 -0.07202
-4.01683 2.96105 -0.17845
-4.01920 2.96223 -0.17890
-4.02129 2.96357 -0.17872
-4.02338 2.96491 -0.17855
-4.02546 2.96624 -0.17837
-4.02755 2.96758 -0.17819
-4.02964 2.96892 -0.17801
-4.03203 2.97011 -0.17846
-4.03412 2.97145 -0.17828
-4.03621 2.97279 -0.17810
-4.03800 2.97427 -0.17730
-4.03949 2.97589 -0.17588
-4.04127 2.97736 -0.17508
-4.04366 2.97856 -0.17552
-4.02855 2.99359 -0.12865
-4.03046 2.99481 -0.12848
-4.03238 2.99604 -0.12832
-4.02544 3.01520 -0.08289
-4.02150 3.01819 -0.07247
-4.02229 3.01959 -0.07066
-4.01580 2.96297 -0.17946
-4.01789 2.96431 -0.17928
-4.01998 2.96565 -0.17910
-4.02207 2.96699 -0.17892
-4.02416 2.96833 -0.17875
-4.02625 2.96967 -0.17857
-4.02834 2.97101 -0.17839
-4.03072 2.97220 -0.17884
-4.03281 2.97354 -0.17866
-4.03490 2.97488 -0.17848
-4.03670 2.97636 -0.17768
-4.03849 2.97783 -0.17688
-4.04027 2.97931 -0.17608
-4.04296 2.98037 -0.17714
-4.03007 2.99640 -0.13041
-4.03199 2.99763 -0.13024
-4.01997 3.02005 -0.07195
-4.02523 2.97161 -0.17957
-4.02761 2.97281 -0.18002
-4.02971 2.97415 -0.17984
-4.03210 2.97535 -0.18029
-4.03419 2.97669 -0.18012
-4.03569 2.97831 -0.17868
-4.03748 2.97978 -0.17788
-4.03957 2.98112 -0.17770
-4.04105 2.98272 -0.17628
-4.04375 2.98380 -0.17734
-4.03857 2.98307 -0.17870
-4.03145 2.97478 -0.10085
-4.03328 2.97596 -0.10069
-4.03563 2.97689 -0.10148
-4.03772 2.97794 -0.10180
-4.01985 2.96499 -0.11063
-4.02071 2.96671 -0.10852
-4.02131 2.96855 -0.10594
-4.02240 2.97011 -0.10434
-4.02374 2.97154 -0.10323
-4.02532 2.97284 -0.10259
-4.02665 2.97427 -0.10149
-4.02797 2.97568 -0.10039
-4.02752 2.97793 -0.09602
-4.02634 2.98048 -0.09036
-4.02739 2.98197 -0.08885
-4.02818 2.98356 -0.08690
-4.02996 2.98470 -0.08675
-4.03099 2.98616 -0.08526
-4.03177 2.98773 -0.08334
-4.03304 2.98907 -0.08231
-4.03430 2.99041 -0.08128
-4.01819 2.96268 -0.11776
-4.01982 2.96403 -0.11709
-4.02120 2.96550 -0.11593
-4.02231 2.96711 -0.11427
-4.02165 2.96961 -0.10918
-4.02200 2.97157 -0.10611
-4.02309 2.97312 -0.10452
-4.02393 2.97480 -0.10245
-4.02551 2.97609 -0.10182
-4.02483 2.97846 -0.09697
-4.02344 2.98112 -0.09084
-4.02425 2.98272 -0.08888
-4.02457 2.98453 -0.08604
-4.02561 2.98599 -0.08455
-4.02713 2.98723 -0.08396
-4.02841 2.98857 -0.08293
-4.02968 2.98991 -0.08190
-4.03144 2.99104 -0.08175
-4.03271 2.99237 -0.08073
-4.03421 2.99360 -0.08014
-4.03597 2.99472 -0.07999
-4.01588 2.96294 -0.11978
-4.01752 2.96429 -0.11911
-4.01941 2.96550 -0.11895
-4.02129 2.96671 -0.11879
-4.02293 2.96805 -0.11812
-4.02327 2.97004 -0.11495
-4.02438 2.97163 -0.11330
-4.02420 2.97384 -0.10920
-4.02403 2.97601 -0.10517
-4.02562 2.97731 -0.10453
-4.02370 2.98026 -0.09729
-4.02232 2.98291 -0.09116
-4.02314 2.98450 -0.08920
-4.02250 2.98673 -0.08458
-4.02283 2.98850 -0.08179
-4.02434 2.98973 -0.08121
-4.02562 2.99106 -0.08019
-4.02592 2.99279 -0.07745
-4.02742 2.99400 -0.07687
-4.02892 2.99522 -0.07629
-4.03018 2.99652 -0.07529
-4.03191 2.99764 -0.07514
-4.03513 2.99818 -0.07756
-4.01331 2.96334 -0.12130
-4.01495 2.96469 -0.12062
-4.01684 2.96590 -0.12046
-4.01873 2.96711 -0.12030
-4.02012 2.96859 -0.11913
-4.02175 2.96993 -0.11846
-4.02312 2.97140 -0.11729
-4.02398 2.97311 -0.11513
-4.02508 2.97469 -0.11347
-4.02695 2.97589 -0.11332
-4.02202 2.98628 -0.08952
-4.01974 2.98923 -0.08182
-4.02102 2.99056 -0.08080
-4.02088 2.99249 -0.07720
-4.02262 2.99361 -0.07705
-4.02412 2.99482 -0.07647
-4.02538 2.99613 -0.07547
-4.02688 2.99734 -0.07490
-4.02837 2.99854 -0.07433
-4.03010 2.99965 -0.07418
-4.03208 3.00067 -0.07446
-4.03430 3.00159 -0.07516
-4.01073 2.96374 -0.12282
-4.01238 2.96509 -0.12215
-4.01427 2.96630 -0.12199
-4.01591 2.96765 -0.12132
-4.01756 2.96900 -0.12064
-4.01945 2.97021 -0.12048
-4.02083 2.97168 -0.11931
-4.02246 2.97302 -0.11864
-4.02255 2.97511 -0.11497
-4.02391 2.97656 -0.11381
-4.02578 2.97775 -0.11365
-4.01841 2.99108 -0.08170
-4.01806 2.99312 -0.07766
-4.01956 2.99433 -0.07708
-4.02107 2.99554 -0.07651
-4.02257 2.99675 -0.07593
-4.02383 2.99805 -0.07493
-4.02532 2.99925 -0.07436
-4.02681 3.00046 -0.07379
-4.02854 3.00156 -0.07364
-4.03075 3.00249 -0.07434
-4.03249 3.00360 -0.07420
-4.03422 3.00471 -0.07405
-4.03570 3.00590 -0.07348
-4.00765 2.96442 -0.12333
-4.00954 2.96563 -0.12316
-4.01119 2.96698 -0.12249
-4.01309 2.96820 -0.12233
-4.01498 2.96941 -0.12217
-4.01638 2.97088 -0.12099
-4.01827 2.97210 -0.12082
-4.01965 2.97356 -0.11965
-4.02103 2.97503 -0.11848
-4.02138 2.97698 -0.11530
-4.02275 2.97842 -0.11415
-4.02436 2.97974 -0.11349
-4.02649 2.98082 -0.11383
-4.01907 2.99396 -0.08187
-4.01848 2.99606 -0.07740
-4.01975 2.99737 -0.07639
-4.02102 2.99867 -0.07539
-4.02251 2.99987 -0.07482
-4.02401 3.00107 -0.07425
-4.02573 3.00218 -0.07410
-4.02746 3.00329 -0.07396
-4.02967 3.00422 -0.07466
-4.03141 3.00533 -0.07451
-4.03289 3.00652 -0.07394
-4.03438 3.00772 -0.07337
-4.03561 3.00899 -0.07238
-4.00646 2.96631 -0.12367
-4.00812 2.96766 -0.12299
-4.01001 2.96887 -0.12283
-4.01191 2.97009 -0.12267
-4.01380 2.97130 -0.12251
-4.01520 2.97277 -0.12133
-4.01684 2.97411 -0.12066
-4.01822 2.97557 -0.11948
-4.01859 2.97752 -0.11630
-4.01996 2.97897 -0.11514
-4.02133 2.98041 -0.11399
-4.02320 2.98160 -0.11383
-4.02506 2.98280 -0.11367
-4.02719 2.98388 -0.11401
-4.02869 2.99119 -0.10222
-4.02649 2.99403 -0.09459
-4.01890 2.99900 -0.07713
-4.01994 3.00040 -0.07571
-4.02143 3.00160 -0.07513
-4.02293 3.00280 -0.07456
-4.02466 3.00391 -0.07442
-4.02638 3.00501 -0.07427
-4.02883 3.00586 -0.07539
-4.03032 3.00705 -0.07482
-4.03181 3.00825 -0.07425
-4.03281 3.00961 -0.07284
-4.03429 3.01080 -0.07227
-4.03528 3.01215 -0.07086
-4.00504 2.96834 -0.12350
-4.00693 2.96955 -0.12334
-4.00859 2.97089 -0.12266
-4.01023 2.97224 -0.12199
-4.01188 2.97358 -0.12132
-4.01377 2.97479 -0.12116
-4.01541 2.97612 -0.12049
-4.01605 2.97795 -0.11780
-4.01742 2.97939 -0.11664
-4.01855 2.98095 -0.11498
-4.01966 2.98251 -0.11334
-4.02128 2.98382 -0.11268
-4.02314 2.98501 -0.11253
-4.02398 2.98665 -0.11040
-4.02457 2.98840 -0.10781
-4.02540 2.99002 -0.10573
-4.02598 2.99173 -0.10318
-4.02705 2.99322 -0.10160
-4.02786 2.99480 -0.09956
-4.03146 2.99525 -0.10271
-4.02452 3.00528 -0.07643
-4.02626 3.00639 -0.07628
-4.02823 3.00741 -0.07656
-4.02997 3.00852 -0.07641
-4.03122 3.00981 -0.07541
-4.03246 3.01108 -0.07442
-4.03346 3.01244 -0.07300
-4.03469 3.01370 -0.07201
-4.00362 2.97036 -0.12333
-4.00551 2.97157 -0.12317
-4.00716 2.97291 -0.12249
-4.00905 2.97412 -0.12233
-4.01070 2.97546 -0.12166
-4.01234 2.97680 -0.12099
-4.01374 2.97825 -0.11982
-4.01487 2.97982 -0.11814
-4.01626 2.98126 -0.11698
-4.01713 2.98294 -0.11482
-4.01850 2.98437 -0.11367
-4.02011 2.98567 -0.11302
-4.02198 2.98687 -0.11286
-4.02283 2.98850 -0.11074
-4.02342 2.99024 -0.10814
-4.02425 2.99185 -0.10606
-4.02458 2.99366 -0.10303
-4.02591 2.99504 -0.10193
-4.02799 2.99611 -0.10225
-4.03634 2.99468 -0.11423
-4.03276 3.00537 -0.09022
-4.03278 3.00714 -0.08692
-4.03083 3.00958 -0.08017
-4.03233 3.01078 -0.07959
-4.03260 3.01240 -0.07686
-4.03434 3.01351 -0.07671
-4.03388 3.01699 -0.06967
-4.00481 2.97320 -0.12453
-4.00647 2.97454 -0.12386
-4.00812 2.97588 -0.12319
-4.00977 2.97722 -0.12251
-4.01141 2.97856 -0.12184
-4.01330 2.97977 -0.12168
-4.01444 2.98134 -0.12000
-4.01558 2.98290 -0.11832
-4.01597 2.98480 -0.11516
-4.01784 2.98600 -0.11500
-4.01970 2.98719 -0.11484
-4.02157 2.98839 -0.11468
-4.02344 2.98958 -0.11453
-4.02479 2.99100 -0.11338
-4.02538 2.99273 -0.11076
-4.02723 2.99392 -0.11060
-4.02909 2.99511 -0.11044
-4.03383 2.99514 -0.11572
-4.03570 2.99634 -0.11556
-4.03758 2.99754 -0.11540
-4.04027 2.99844 -0.11674
-4.03343 3.00829 -0.09039
-4.03171 3.01064 -0.08399
-4.03272 3.01202 -0.08252
-4.03299 3.01364 -0.07976
-4.03225 2.96475 -0.17726
-4.03375 2.96639 -0.17583
-4.03583 2.96772 -0.17566
-4.03822 2.96891 -0.17610
-4.02542 2.99210 -0.11720
-4.02652 2.99362 -0.11554
-4.02839 2.99482 -0.11538
-4.03078 2.99581 -0.11622
-4.03266 2.99701 -0.11606
-4.03480 2.99811 -0.11640
-4.03641 2.99941 -0.11574
-4.03801 3.00071 -0.11508
-4.03988 3.00191 -0.11492
-4.03061 3.01240 -0.08430
-4.03163 3.01378 -0.08284
-4.03190 3.01539 -0.08007
-4.03572 2.96922 -0.17853
-4.03902 2.96998 -0.18087
-4.03416 2.99978 -0.11774
-4.03577 3.00108 -0.11708
-4.03765 3.00229 -0.11692
-4.03872 3.00378 -0.11526
-4.02951 3.01416 -0.08462
-4.03053 3.01553 -0.08315
-4.03229 3.01666 -0.08300
-4.12199 2.91056 -0.27858
-4.12448 2.91216 -0.27837
-4.12697 2.91375 -0.27816
-4.13138 2.91436 -0.28146
-4.02040 2.97327 -0.07457
-4.02143 2.97473 -0.07315
-4.02316 2.97584 -0.07300
-4.02489 2.97695 -0.07286
-4.02662 2.97806 -0.07271
-4.02836 2.97917 -0.07256
-4.03009 2.98028 -0.07241
-4.03158 2.98150 -0.07184
-4.03306 2.98272 -0.07128
-4.02007 2.96646 -0.08998
-4.02186 2.96760 -0.08983
-4.02052 2.97037 -0.08386
-4.01897 2.97318 -0.07760
-4.01931 2.97500 -0.07489
-4.02035 2.97646 -0.07346
-4.02208 2.97757 -0.07332
-4.02381 2.97868 -0.07317
-4.02578 2.97968 -0.07345
-4.02728 2.98090 -0.07287
-4.02901 2.98201 -0.07273
-4.03074 2.98312 -0.07258
-4.03223 2.98433 -0.07201
-4.03347 2.98566 -0.07102
-4.03495 2.98687 -0.07045
-4.03667 2.98797 -0.07031
-4.01849 2.95990 -0.10397
-4.01959 2.96149 -0.10238
-4.02092 2.96293 -0.10128
-4.02005 2.96555 -0.09596
-4.01895 2.96824 -0.09031
-4.02074 2.96939 -0.09015
-4.02013 2.97177 -0.08551
-4.01952 2.97410 -0.08095
-4.01823 2.97674 -0.07520
-4.01950 2.97808 -0.07420
-4.02123 2.97919 -0.07405
-4.02297 2.98030 -0.07391
-4.02470 2.98141 -0.07376
-4.02643 2.98252 -0.07361
-4.02793 2.98374 -0.07304
-4.02966 2.98485 -0.07289
-4.03139 2.98596 -0.07274
-4.03263 2.98727 -0.07175
-4.03412 2.98849 -0.07119
-4.03560 2.98969 -0.07062
-4.03708 2.99090 -0.07005
-4.03905 2.99190 -0.07033
-4.01463 2.95882 -0.10654
-4.01575 2.96042 -0.10494
-4.01710 2.96187 -0.10382
-4.01820 2.96345 -0.10224
-4.01856 2.96541 -0.09925
-4.01892 2.96736 -0.09629
-4.01807 2.96990 -0.09108
-4.01867 2.97167 -0.08867
-4.01950 2.97330 -0.08672
-4.02079 2.97467 -0.08568
-4.01738 2.97836 -0.07594
-4.01842 2.97981 -0.07451
-4.02015 2.98092 -0.07437
-4.02165 2.98214 -0.07379
-4.02362 2.98314 -0.07407
-4.02511 2.98436 -0.07350
-4.02685 2.98546 -0.07335
-4.02858 2.98657 -0.07320
-4.03031 2.98768 -0.07306
-4.03180 2.98890 -0.07249
-4.03304 2.99021 -0.07150
-4.03428 2.99152 -0.07051
-4.03600 2.99262 -0.07036
-4.03748 2.99382 -0.06980
-4.03945 2.99483 -0.07007
-4.04142 2.99584 -0.07034
-4.01308 2.95865 -0.10995
-4.01397 2.96039 -0.10784
-4.01508 2.96198 -0.10623
-4.01619 2.96357 -0.10463
-4.01754 2.96501 -0.10352
-4.01743 2.96723 -0.09958
-4.01779 2.96916 -0.09662
-4.01720 2.97157 -0.09186
-4.01756 2.97345 -0.08899
-4.01862 2.97495 -0.08749
-4.01969 2.97644 -0.08600
-4.01791 2.97930 -0.07927
-4.01734 2.98154 -0.07483
-4.01884 2.98276 -0.07425
-4.02057 2.98386 -0.07411
-4.02230 2.98497 -0.07396
-4.02403 2.98608 -0.07381
-4.02577 2.98719 -0.07367
-4.02750 2.98830 -0.07352
-4.02923 2.98941 -0.07337
-4.03072 2.99062 -0.07280
-4.03220 2.99183 -0.07223
-4.03344 2.99314 -0.07124
-4.03492 2.99434 -0.07068
-4.03616 2.99564 -0.06969
-4.03788 2.99674 -0.06955
-4.03960 2.99784 -0.06940
-4.04132 2.99895 -0.06925
-4.01176 2.95832 -0.11389
-4.01265 2.96008 -0.11176
-4.01330 2.96196 -0.10915
-4.01442 2.96355 -0.10753
-4.01578 2.96500 -0.10641
-4.01689 2.96658 -0.10481
-4.01653 2.96892 -0.10038
-4.01690 2.97084 -0.09741
-4.01608 2.97336 -0.09219
-4.01668 2.97511 -0.08976
-4.01823 2.97637 -0.08916
-4.01929 2.97786 -0.08766
-4.01869 2.98015 -0.08307
-4.01626 2.98327 -0.07514
-4.01799 2.98438 -0.07499
-4.01949 2.98559 -0.07442
-4.02122 2.98670 -0.07427
-4.02272 2.98792 -0.07370
-4.02445 2.98902 -0.07355
-4.02642 2.99003 -0.07383
-4.02815 2.99114 -0.07368
-4.02988 2.99225 -0.07354
-4.03137 2.99346 -0.07297
-4.03237 2.99486 -0.07155
-4.03336 2.99625 -0.07015
-4.03484 2.99745 -0.06959
-4.03607 2.99874 -0.06861
-4.03754 2.99993 -0.06805
-4.03851 3.00131 -0.06666
-4.03948 3.00267 -0.06528
-4.01108 2.95991 -0.11523
-4.01222 2.96152 -0.11358
-4.01262 2.96354 -0.11046
-4.01351 2.96526 -0.10835
-4.01511 2.96658 -0.10771
-4.01574 2.96841 -0.10514
-4.01612 2.97036 -0.10212
-4.01649 2.97228 -0.09914
-4.01638 2.97442 -0.09526
-4.01651 2.97642 -0.09190
-4.01735 2.97803 -0.08993
-4.01818 2.97964 -0.08798
-4.01760 2.98191 -0.08339
-4.01748 2.98391 -0.07975
-4.01714 2.98600 -0.07573
-4.01864 2.98722 -0.07516
-4.02014 2.98843 -0.07459
-4.02164 2.98964 -0.07401
-4.02337 2.99075 -0.07387
-4.02534 2.99176 -0.07414
-4.02707 2.99287 -0.07400
-4.02880 2.99398 -0.07385
-4.03053 2.99509 -0.07370
-4.03202 2.99629 -0.07313
-4.03302 2.99769 -0.07172
-4.03401 2.99907 -0.07031
-4.03500 3.00045 -0.06892
-4.03573 3.00192 -0.06712
-4.03622 3.00346 -0.06492
-4.03768 3.00464 -0.06437
-4.03840 3.00607 -0.06260
-4.01064 2.96136 -0.11707
-4.01154 2.96311 -0.11491
-4.01219 2.96499 -0.11227
-4.01308 2.96671 -0.11015
-4.01420 2.96829 -0.10853
-4.01508 2.96999 -0.10644
-4.01619 2.97155 -0.10484
-4.01656 2.97348 -0.10182
-4.01621 2.97574 -0.09744
-4.01682 2.97750 -0.09497
-4.01719 2.97935 -0.09207
-4.01802 2.98096 -0.09011
-4.01885 2.98255 -0.08815
-4.01826 2.98479 -0.08356
-4.01931 2.98624 -0.08209
-4.02083 2.98748 -0.08151
-4.02046 2.98954 -0.07746
-4.02220 2.99066 -0.07731
-4.02371 2.99187 -0.07674
-4.02544 2.99299 -0.07659
-4.02718 2.99410 -0.07644
-4.02917 2.99512 -0.07672
-4.03091 2.99623 -0.07657
-4.03191 2.99764 -0.07514
-4.03291 2.99903 -0.07372
-4.03391 3.00042 -0.07230
-4.03490 3.00180 -0.07090
-4.03564 3.00326 -0.06908
-4.03638 3.00472 -0.06728
-4.03686 3.00625 -0.06508
-4.01044 2.96268 -0.11942
-4.01086 2.96471 -0.11624
-4.01176 2.96645 -0.11409
-4.01289 2.96804 -0.11245
-4.01378 2.96975 -0.11033
-4.01417 2.97170 -0.10725
-4.01528 2.97326 -0.10565
-4.01615 2.97493 -0.10358
-4.01580 2.97719 -0.09917
-4.01689 2.97871 -0.09762
-4.01750 2.98045 -0.09515
-4.01810 2.98217 -0.09270
-4.01941 2.98355 -0.09164
-4.02120 2.98469 -0.09148
-4.02299 2.98584 -0.09133
-4.02454 2.98710 -0.09072
-4.02583 2.98846 -0.08967
-4.02737 2.98971 -0.08906
-4.02916 2.99085 -0.08891
-4.03094 2.99199 -0.08876
-4.03247 2.99324 -0.08816
-4.03325 2.99478 -0.08622
-4.03452 2.99612 -0.08518
-4.03629 2.99725 -0.08503
-4.03755 2.99858 -0.08399
-4.03983 2.99952 -0.08472
-4.04633 2.99892 -0.09269
-4.00975 2.96429 -0.12078
-4.00993 2.96645 -0.11708
-4.01083 2.96818 -0.11493
-4.01197 2.96977 -0.11328
-4.01310 2.97135 -0.11164
-4.01326 2.97342 -0.10807
-4.01414 2.97509 -0.10598
-4.01549 2.97652 -0.10487
-4.01539 2.97865 -0.10091
-4.01648 2.98017 -0.09935
-4.01757 2.98167 -0.09779
-4.01866 2.98318 -0.09624
-4.02046 2.98433 -0.09609
-4.02227 2.98549 -0.09594
-4.02432 2.98653 -0.09624
-4.02613 2.98769 -0.09609
-4.02793 2.98885 -0.09594
-4.02974 2.99001 -0.09578
-4.03155 2.99116 -0.09563
-4.03310 2.99243 -0.09501
-4.03465 2.99369 -0.09440
-4.03645 2.99484 -0.09424
-4.03800 2.99610 -0.09363
-4.03980 2.99725 -0.09348
-4.04160 2.99841 -0.09332
-4.04340 2.99956 -0.09317
-4.04520 3.00071 -0.09302
-4.00967 2.97004 -0.11526
-4.01081 2.97163 -0.11362
-4.01219 2.97307 -0.11247
-4.01235 2.97514 -0.10889
-4.01323 2.97681 -0.10679
-4.01483 2.97811 -0.10616
-4.01521 2.98000 -0.10313
-4.01583 2.98175 -0.10061
-4.01717 2.98314 -0.09952
-4.01826 2.98464 -0.09796
-4.01958 2.98602 -0.09688
-4.02139 2.98718 -0.09672
-4.02319 2.98834 -0.09657
-4.02500 2.98949 -0.09642
-4.02681 2.99065 -0.09626
-4.02887 2.99170 -0.09657
-4.03067 2.99286 -0.09642
-4.03248 2.99402 -0.09626
-4.03404 2.99528 -0.09565
-4.03584 2.99644 -0.09549
-4.03739 2.99770 -0.09488
-4.03867 2.99905 -0.09380
-4.04048 3.00020 -0.09365
-4.04228 3.00136 -0.09350
-4.04408 3.00251 -0.09334
-4.00941 2.97361 -0.11346
-4.01055 2.97518 -0.11182
-4.01120 2.97698 -0.10922
-4.01208 2.97864 -0.10713
-4.01368 2.97994 -0.10649
-4.01431 2.98170 -0.10394
-4.01470 2.98356 -0.10094
-4.01603 2.98495 -0.09985
-4.01713 2.98645 -0.09829
-4.01869 2.98772 -0.09767
-4.02026 2.98898 -0.09705
-4.02207 2.99014 -0.09690
-4.02387 2.99130 -0.09674
-4.02568 2.99246 -0.09659
-4.02774 2.99351 -0.09690
-4.02980 2.99457 -0.09721
-4.03161 2.99572 -0.09706
-4.03342 2.99688 -0.09690
-4.03523 2.99804 -0.09675
-4.03678 2.99930 -0.09613
-4.03807 3.00065 -0.09505
-4.03961 3.00191 -0.09444
-4.04115 3.00316 -0.09382
-4.04296 3.00431 -0.09367
-4.01070 2.98060 -0.10698
-4.01253 2.98178 -0.10682
-4.01341 2.98341 -0.10475
-4.01452 2.98493 -0.10316
-4.01538 2.98654 -0.10111
-4.01648 2.98804 -0.09955
-4.01781 2.98941 -0.09846
-4.01937 2.99068 -0.09784
-4.02118 2.99184 -0.09769
-4.02299 2.99300 -0.09753
-4.02505 2.99405 -0.09785
-4.02711 2.99511 -0.09816
-4.02917 2.99617 -0.09847
-4.03124 2.99723 -0.09878
-4.03306 2.99839 -0.09863
-4.03487 2.99956 -0.09847
-4.03643 3.00082 -0.09785
-4.03772 3.00217 -0.09677
-4.03927 3.00342 -0.09615
-4.04108 3.00458 -0.09599
-4.01534 2.98985 -0.09988
-4.01644 2.99133 -0.09832
-4.01801 2.99259 -0.09770
-4.01981 2.99375 -0.09755
-4.02162 2.99490 -0.09740
-4.02392 2.99586 -0.09817
-4.02598 2.99692 -0.09848
-4.02804 2.99798 -0.09880
-4.03011 2.99904 -0.09911
-4.03192 3.00020 -0.09896
-4.03374 3.00137 -0.09880
-4.03530 3.00263 -0.09818
-4.03659 3.00398 -0.09709
-4.03814 3.00523 -0.09647
-4.03995 3.00639 -0.09632
-4.02182 2.94345 -0.10237
-4.01063 2.95859 -0.06756
-4.01237 2.95965 -0.06742
-4.01388 2.96083 -0.06687
-4.01562 2.96188 -0.06673
-4.01736 2.96293 -0.06659
-4.02060 2.96516 -0.06589
-4.01585 2.94145 -0.10459
-4.01673 2.94320 -0.10252
-4.01860 2.94433 -0.10237
-4.02072 2.94531 -0.10270
-4.02515 2.94494 -0.10737
-4.13459 2.89287 -0.29303
-4.13667 2.89471 -0.29191
-4.13926 2.89628 -0.29170
-4.01807 2.96572 -0.06676
-4.01911 2.96714 -0.06538
-4.01968 2.96878 -0.06320
-4.02164 2.96971 -0.06347
-4.02479 2.97005 -0.06578
-4.02677 2.97099 -0.06605
-4.01100 2.94105 -0.10523
-4.01287 2.94219 -0.10507
-4.01499 2.94317 -0.10541
-4.01737 2.94400 -0.10622
-4.02001 2.94468 -0.10753
-4.02189 2.94583 -0.10737
-4.02404 2.94682 -0.10771
-4.12726 2.88961 -0.29781
-4.01521 2.96841 -0.06379
-4.01671 2.96957 -0.06324
-4.01843 2.97062 -0.06310
-4.02039 2.97155 -0.06337
-4.02235 2.97248 -0.06364
-4.02408 2.97352 -0.06350
-4.00638 2.94049 -0.10634
-4.00777 2.94194 -0.10523
-4.00989 2.94292 -0.10556
-4.01176 2.94406 -0.10541
-4.01389 2.94504 -0.10574
-4.01626 2.94588 -0.10656
-4.01889 2.94656 -0.10786
-4.02078 2.94771 -0.10771
-4.02292 2.94870 -0.10804
-4.13621 2.90144 -0.29262
-4.01315 2.96873 -0.06546
-4.01419 2.97013 -0.06409
-4.01592 2.97118 -0.06395
-4.01765 2.97222 -0.06381
-4.01961 2.97315 -0.06408
-4.02133 2.97420 -0.06394
-4.02306 2.97525 -0.06380
-4.02455 2.97641 -0.06326
-4.02604 2.97756 -0.06271
-4.02658 2.97915 -0.06056
-4.02734 2.98062 -0.05882
-4.00480 2.94267 -0.10571
-4.00643 2.94396 -0.10508
-4.00854 2.94494 -0.10541
-4.01042 2.94608 -0.10526
-4.01229 2.94721 -0.10511
-4.01466 2.94805 -0.10592
-4.01678 2.94904 -0.10625
-4.01866 2.95018 -0.10610
-4.02130 2.95088 -0.10741
-4.01624 2.96432 -0.07998
-4.01427 2.96737 -0.07298
-4.01213 2.97046 -0.06577
-4.01363 2.97162 -0.06522
-4.01559 2.97255 -0.06549
-4.01732 2.97360 -0.06535
-4.01905 2.97465 -0.06521
-4.02055 2.97581 -0.06466
-4.02181 2.97708 -0.06370
-4.02330 2.97824 -0.06316
-4.02385 2.97982 -0.06100
-4.02462 2.98129 -0.05926
-4.02586 2.98254 -0.05832
-4.02710 2.98378 -0.05739
-4.02857 2.98491 -0.05686
-4.00182 2.94340 -0.10620
-4.00322 2.94484 -0.10508
-4.00485 2.94612 -0.10445
-4.00625 2.94755 -0.10335
-4.00811 2.94868 -0.10320
-4.00949 2.95010 -0.10209
-4.01087 2.95152 -0.10100
-4.01273 2.95264 -0.10085
-4.01458 2.95377 -0.10070
-4.01619 2.95503 -0.10007
-4.01805 2.95616 -0.09992
-4.01719 2.95878 -0.09464
-4.01587 2.96162 -0.08856
-4.01387 2.96476 -0.08132
-4.01331 2.96708 -0.07684
-4.01369 2.96888 -0.07414
-4.01475 2.97031 -0.07273
-4.01443 2.97242 -0.06882
-4.01502 2.97405 -0.06662
-4.01676 2.97510 -0.06648
-4.01849 2.97615 -0.06634
-4.01976 2.97743 -0.06538
-4.02126 2.97858 -0.06483
-4.02228 2.97996 -0.06347
-4.02283 2.98154 -0.06131
-4.02315 2.98321 -0.05877
-4.02439 2.98445 -0.05783
-4.02563 2.98568 -0.05690
-4.02709 2.98682 -0.05637
-4.02809 2.98814 -0.05506
-4.02907 2.98947 -0.05375
-4.00072 2.94527 -0.10653
-4.00189 2.94685 -0.10494
-4.00352 2.94813 -0.10431
-4.00515 2.94941 -0.10368
-4.00653 2.95083 -0.10257
-4.00768 2.95239 -0.10100
-4.00953 2.95351 -0.10085
-4.01139 2.95463 -0.10070
-4.01324 2.95576 -0.10055
-4.01340 2.95784 -0.09712
-4.01427 2.95950 -0.09512
-4.01298 2.96233 -0.08903
-4.01384 2.96394 -0.08709
-4.01375 2.96604 -0.08339
-4.01413 2.96787 -0.08062
-4.01358 2.97016 -0.07616
-4.01464 2.97159 -0.07474
-4.01571 2.97301 -0.07332
-4.01515 2.97522 -0.06899
-4.01666 2.97638 -0.06844
-4.01770 2.97777 -0.06706
-4.01920 2.97893 -0.06650
-4.02047 2.98020 -0.06554
-4.02197 2.98136 -0.06500
-4.02276 2.98283 -0.06323
-4.02261 2.98470 -0.05987
-4.02315 2.98625 -0.05774
-4.02439 2.98748 -0.05681
-4.02493 2.98900 -0.05471
-4.02615 2.99022 -0.05379
-4.02714 2.99154 -0.05249
-4.02883 2.99256 -0.05236
-4.03028 2.99367 -0.05183
-3.99938 2.94729 -0.10638
-4.00078 2.94872 -0.10527
-4.00242 2.94999 -0.10464
-4.00405 2.95127 -0.10401
-4.00520 2.95283 -0.10243
-4.00659 2.95424 -0.10133
-4.00844 2.95536 -0.10118
-4.00982 2.95676 -0.10009
-4.01119 2.95816 -0.09900
-4.01231 2.95968 -0.09745
-4.01223 2.96186 -0.09360
-4.01191 2.96413 -0.08936
-4.01325 2.96549 -0.08831
-4.01459 2.96683 -0.08727
-4.01449 2.96892 -0.08357
-4.01510 2.97061 -0.08123
-4.01430 2.97299 -0.07633
-4.01607 2.97406 -0.07619
-4.01713 2.97548 -0.07477
-4.01586 2.97801 -0.06916
-4.01737 2.97917 -0.06861
-4.01888 2.98034 -0.06805
-4.01991 2.98171 -0.06667
-4.02118 2.98297 -0.06571
-4.02238 2.98785 -0.05844
-4.02223 2.98967 -0.05515
-4.02209 2.99146 -0.05190
-4.02377 2.99248 -0.05177
-4.02499 2.99369 -0.05086
-4.02667 2.99470 -0.05072
-4.02812 2.99581 -0.05021
-4.02956 2.99692 -0.04969
-3.99968 2.95058 -0.10560
-4.00155 2.95171 -0.10545
-4.00295 2.95313 -0.10434
-4.00411 2.95468 -0.10276
-4.00549 2.95608 -0.10166
-4.00735 2.95721 -0.10151
-4.00872 2.95861 -0.10042
-4.01010 2.96000 -0.09933
-4.01122 2.96152 -0.09778
-4.01115 2.96368 -0.09392
-4.01203 2.96530 -0.09195
-4.01266 2.96704 -0.08953
-4.01399 2.96839 -0.08849
-4.01533 2.96973 -0.08744
-4.01641 2.97119 -0.08596
-4.01822 2.97228 -0.08581
-4.02050 2.97313 -0.08656
-4.02231 2.97423 -0.08641
-4.02110 2.99314 -0.05220
-4.02278 2.99416 -0.05207
-4.02400 2.99536 -0.05116
-4.02545 2.99647 -0.05064
-4.02690 2.99757 -0.05012
-4.02718 2.99912 -0.04770
-4.02816 3.00039 -0.04643
-3.99881 2.95230 -0.10641
-4.00045 2.95357 -0.10578
-4.00208 2.95484 -0.10515
-4.00348 2.95625 -0.10404
-4.00487 2.95766 -0.10294
-4.00625 2.95906 -0.10184
-4.00787 2.96032 -0.10122
-4.00925 2.96171 -0.10013
-4.01038 2.96322 -0.09857
-4.01126 2.96486 -0.09656
-4.01190 2.96661 -0.09410
-4.01277 2.96822 -0.09212
-4.01436 2.96945 -0.09152
-4.01569 2.97080 -0.09047
-4.01679 2.97226 -0.08897
-4.01860 2.97336 -0.08882
-4.02615 2.97167 -0.09926
-4.02826 2.97267 -0.09958
-4.03011 2.97379 -0.09943
-4.02620 3.00078 -0.04800
-4.02718 3.00205 -0.04673
-4.02838 3.00323 -0.04584
-3.99935 2.95543 -0.10611
-4.00098 2.95670 -0.10548
-4.00261 2.95797 -0.10485
-4.00401 2.95938 -0.10375
-4.00539 2.96077 -0.10265
-4.00678 2.96216 -0.10155
-4.00815 2.96355 -0.10046
-4.00905 2.96519 -0.09843
-4.01018 2.96669 -0.09689
-4.01130 2.96819 -0.09535
-4.01170 2.97004 -0.09245
-4.01328 2.97127 -0.09185
-4.01462 2.97261 -0.09079
-4.01572 2.97407 -0.08929
-4.02422 2.97190 -0.10162
-4.03168 2.97835 -0.09758
-4.03353 2.97947 -0.09743
-4.03723 2.97978 -0.10058
-4.03908 2.98091 -0.10043
-4.04040 2.98226 -0.09933
-4.04226 2.98338 -0.09918
-4.06068 2.99287 -0.10067
-3.99988 2.95856 -0.10582
-4.00128 2.95997 -0.10471
-4.00268 2.96136 -0.10360
-4.00430 2.96262 -0.10298
-4.00545 2.96414 -0.10141
-4.00612 2.96591 -0.09891
-4.00749 2.96728 -0.09783
-4.00862 2.96878 -0.09629
-4.01022 2.97001 -0.09568
-4.01039 2.97198 -0.09232
-4.01221 2.97308 -0.09217
-4.01403 2.97418 -0.09202
-4.01706 2.97469 -0.09416
-4.02767 2.97760 -0.09962
-4.02875 2.97908 -0.09806
-4.02652 2.98202 -0.09054
-4.02708 2.98367 -0.08814
-4.02689 2.98563 -0.08443
-4.02475 2.98840 -0.07731
-4.02507 2.99008 -0.07460
-4.02659 2.99125 -0.07403
-4.02834 2.99232 -0.07389
-4.03035 2.99328 -0.07417
-4.05958 2.99473 -0.10100
-4.00158 2.96322 -0.10393
-4.00274 2.96474 -0.10236
-4.00342 2.96651 -0.09985
-4.00457 2.96800 -0.09830
-4.00617 2.96924 -0.09769
-4.00731 2.97073 -0.09615
-4.00726 2.97281 -0.09233
-4.00885 2.97403 -0.09173
-4.00996 2.97549 -0.09023
-4.01083 2.97705 -0.08828
-4.01076 2.97906 -0.08458
-4.01255 2.98014 -0.08443
-4.01915 2.97896 -0.09328
-4.02305 2.98106 -0.09344
-4.02363 2.98273 -0.09101
-4.02445 2.98427 -0.08906
-4.02502 2.98591 -0.08667
-4.02339 2.98847 -0.08036
-4.02251 2.99067 -0.07548
-4.02379 2.99194 -0.07449
-4.02555 2.99300 -0.07435
-4.02731 2.99407 -0.07421
-4.02907 2.99514 -0.07406
-4.03132 2.99601 -0.07477
-4.03458 2.99650 -0.07719
-4.03636 2.99758 -0.07705
-4.03787 2.99875 -0.07648
-4.03862 3.00019 -0.07463
-4.04039 3.00126 -0.07449
-4.04215 3.00233 -0.07434
-4.04391 3.00339 -0.07420
-4.00095 2.96697 -0.10127
-4.00211 2.96847 -0.09971
-4.00325 2.96996 -0.09816
-4.00439 2.97145 -0.09662
-4.00460 2.97340 -0.09326
-4.00527 2.97510 -0.09084
-4.00685 2.97631 -0.09024
-4.00796 2.97776 -0.08875
-4.00700 2.98021 -0.08328
-4.00810 2.98162 -0.08182
-4.00850 2.98335 -0.07908
-4.00936 2.98485 -0.07722
-4.01990 2.98189 -0.09345
-4.02172 2.98299 -0.09331
-4.02256 2.98454 -0.09134
-4.02338 2.98608 -0.08938
-4.02421 2.98760 -0.08744
-4.02282 2.99004 -0.08155
-4.02387 2.99143 -0.08010
-4.02323 2.99350 -0.07565
-4.02451 2.99476 -0.07466
-4.02627 2.99582 -0.07452
-4.02803 2.99689 -0.07438
-4.03177 2.99720 -0.07765
-4.03354 2.99827 -0.07751
-4.03531 2.99934 -0.07737
-4.03683 3.00051 -0.07679
-4.03758 3.00195 -0.07494
-4.03935 3.00302 -0.07480
-4.04111 3.00408 -0.07466
-4.04287 3.00515 -0.07452
-4.00239 2.97581 -0.09131
-4.00397 2.97702 -0.09071
-4.00509 2.97846 -0.08921
-4.00416 2.98091 -0.08374
-4.00527 2.98232 -0.08228
-4.00569 2.98404 -0.07954
-4.00655 2.98554 -0.07767
-4.00832 2.98661 -0.07753
-4.01688 2.98459 -0.09014
-4.01967 2.98525 -0.09181
-4.02050 2.98678 -0.08985
-4.02232 2.98788 -0.08970
-4.02314 2.98940 -0.08776
-4.02225 2.99162 -0.08274
-4.02282 2.99320 -0.08041
-4.02460 2.99428 -0.08027
-4.02638 2.99536 -0.08013
-4.03527 3.00074 -0.07941
-4.03705 3.00182 -0.07927
-4.03781 3.00326 -0.07740
-4.03958 3.00433 -0.07725
-4.04135 3.00541 -0.07711
-4.04313 3.00648 -0.07697
-4.04386 3.00790 -0.07511
-4.01557 2.98650 -0.09001
-4.01762 2.98749 -0.09032
-4.01944 2.98859 -0.09017
-4.03854 3.00610 -0.07757
-4.04031 3.00717 -0.07743
-4.04208 3.00825 -0.07728
-4.04282 3.00966 -0.07543
-4.04052 3.01018 -0.07674
-4.04229 3.01125 -0.07660
-4.03997 3.01342 -0.07478
-4.01113 2.94207 -0.07426
-4.01290 2.94314 -0.07412
-4.01397 2.94464 -0.07270
-4.01504 2.94613 -0.07129
-4.01610 2.94762 -0.06989
-4.01738 2.94896 -0.06891
-4.01843 2.95043 -0.06753
-4.01971 2.95176 -0.06656
-4.02122 2.95295 -0.06600
-4.02367 2.95360 -0.06710
-4.00435 2.93865 -0.07773
-4.00900 2.94233 -0.07601
-4.00986 2.94398 -0.07415
-4.01140 2.94519 -0.07359
-4.01224 2.94682 -0.07175
-4.01400 2.94789 -0.07161
-4.01483 2.94951 -0.06979
-4.01635 2.95070 -0.06923
-4.01694 2.95244 -0.06701
-4.01798 2.95389 -0.06563
-4.01972 2.95495 -0.06549
-4.02241 2.95548 -0.06700
-4.02439 2.95640 -0.06727
-4.02638 2.95733 -0.06755
-4.02885 2.95800 -0.06866
-4.00242 2.93875 -0.07992
-4.00331 2.94043 -0.07804
-4.00882 2.94574 -0.07447
-4.01036 2.94695 -0.07390
-4.01189 2.94816 -0.07333
-4.01273 2.94978 -0.07150
-4.01380 2.95125 -0.07010
-4.01463 2.95285 -0.06829
-4.01499 2.95470 -0.06567
-4.01650 2.95589 -0.06512
-4.01823 2.95694 -0.06498
-4.02020 2.95786 -0.06525
-4.02218 2.95879 -0.06552
-4.02487 2.95933 -0.06703
-4.02661 2.96039 -0.06689
-4.02836 2.96144 -0.06675
-4.03256 2.96124 -0.07078
-4.03786 2.96051 -0.07661
-4.00091 2.93624 -0.08671
-4.00249 2.93749 -0.08612
-4.00249 2.93979 -0.08243
-4.00428 2.94088 -0.08229
-4.01192 2.93819 -0.09339
-4.01718 2.94167 -0.09249
-4.01852 2.94308 -0.09142
-4.02011 2.94434 -0.09082
-4.01285 2.95085 -0.07393
-4.01345 2.95260 -0.07167
-4.01452 2.95406 -0.07027
-4.01397 2.95644 -0.06598
-4.01525 2.95775 -0.06501
-4.01698 2.95880 -0.06487
-4.01871 2.95985 -0.06474
-4.02068 2.96077 -0.06501
-4.02242 2.96182 -0.06487
-4.02392 2.96300 -0.06432
-4.02565 2.96405 -0.06418
-4.03103 2.96325 -0.07025
-4.03835 2.96152 -0.07954
-4.06627 2.94968 -0.12334
-3.99961 2.93587 -0.09034
-4.00143 2.93697 -0.09019
-4.00279 2.93838 -0.08914
-4.00576 2.93872 -0.09126
-4.00853 2.93921 -0.09295
-4.01107 2.93986 -0.09418
-4.01291 2.94098 -0.09403
-4.01451 2.94224 -0.09342
-4.01610 2.94350 -0.09281
-4.01769 2.94476 -0.09221
-4.01927 2.94602 -0.09160
-4.01340 2.95791 -0.06711
-4.01399 2.95960 -0.06491
-4.01346 2.96190 -0.06072
-4.01608 2.96245 -0.06219
-4.01827 2.96325 -0.06286
-4.01999 2.96429 -0.06273
-4.02172 2.96534 -0.06259
-4.02298 2.96662 -0.06164
-4.02423 2.96791 -0.06069
-4.02882 2.96752 -0.06544
-4.06511 2.95164 -0.12369
-4.14946 2.91301 -0.26184
-4.15396 2.91356 -0.26501
-3.99966 2.93691 -0.09294
-4.00149 2.93802 -0.09280
-4.00309 2.93928 -0.09219
-4.00492 2.94038 -0.09204
-4.00745 2.94104 -0.09327
-4.00951 2.94200 -0.09358
-4.01135 2.94311 -0.09344
-4.01318 2.94422 -0.09329
-4.01453 2.94562 -0.09222
-4.01636 2.94673 -0.09207
-4.01819 2.94784 -0.09193
-4.02002 2.94895 -0.09178
-4.02410 2.95518 -0.08532
-4.01244 2.96361 -0.06102
-4.01507 2.96417 -0.06250
-4.01725 2.96497 -0.06317
-4.01897 2.96601 -0.06303
-4.02070 2.96706 -0.06289
-4.02149 2.96858 -0.06114
-4.02298 2.96974 -0.06059
-4.02493 2.97066 -0.06086
-4.15000 2.91453 -0.26565
-4.15453 2.91509 -0.26886
-4.15910 2.91564 -0.27210
-3.99926 2.93827 -0.09465
-4.00087 2.93953 -0.09404
-4.00247 2.94080 -0.09343
-4.00430 2.94190 -0.09329
-4.00637 2.94286 -0.09360
-4.00891 2.94353 -0.09483
-4.01050 2.94479 -0.09422
-4.01210 2.94605 -0.09361
-4.01321 2.94760 -0.09209
-4.01408 2.94928 -0.09012
-4.01542 2.95066 -0.08907
-4.01604 2.95247 -0.08667
-4.01760 2.95370 -0.08608
-4.01941 2.95480 -0.08593
-4.02098 2.95603 -0.08534
-4.02303 2.95699 -0.08564
-4.01738 2.96609 -0.06552
-4.01842 2.96750 -0.06415
-4.01968 2.96878 -0.06320
-4.02025 2.97041 -0.06104
-4.02150 2.97168 -0.06010
-4.02275 2.97295 -0.05916
-4.05329 2.96012 -0.10817
-4.14852 2.91702 -0.26610
-4.15509 2.91663 -0.27275
-4.15970 2.91720 -0.27603
-4.00023 2.93871 -0.09917
-4.00208 2.93983 -0.09902
-4.00370 2.94111 -0.09840
-4.00555 2.94223 -0.09825
-4.00835 2.94274 -0.09998
-4.00806 2.94521 -0.09562
-4.00919 2.94676 -0.09409
-4.01054 2.94817 -0.09302
-4.01119 2.94999 -0.09059
-4.01206 2.95166 -0.08863
-4.01292 2.95331 -0.08669
-4.01378 2.95495 -0.08476
-4.01534 2.95618 -0.08417
-4.01714 2.95727 -0.08403
-4.01919 2.95823 -0.08432
-4.02123 2.95919 -0.08462
-4.01636 2.96781 -0.06583
-4.01809 2.96886 -0.06569
-4.01913 2.97027 -0.06432
-4.01923 2.97212 -0.06135
-4.02049 2.97339 -0.06040
-4.02151 2.97477 -0.05906
-4.05217 2.96201 -0.10851
-4.15619 2.91795 -0.27756
-4.00052 2.93963 -0.10233
-4.00238 2.94076 -0.10218
-4.00401 2.94204 -0.10156
-4.00587 2.94316 -0.10141
-4.00725 2.94459 -0.10031
-4.00911 2.94571 -0.10016
-4.00881 2.94816 -0.09580
-4.00946 2.94999 -0.09335
-4.00917 2.95237 -0.08910
-4.01005 2.95402 -0.08716
-4.01068 2.95579 -0.08478
-4.01108 2.95769 -0.08199
-4.01217 2.95916 -0.08053
-4.01349 2.96051 -0.07952
-4.01480 2.96184 -0.07851
-4.01611 2.96317 -0.07750
-4.01670 2.96487 -0.07521
-4.01706 2.96668 -0.07253
-4.01579 2.96931 -0.06696
-4.01707 2.97059 -0.06600
-4.01811 2.97199 -0.06463
-4.01799 2.97395 -0.06125
-4.01856 2.97555 -0.05911
-4.02027 2.97658 -0.05897
-4.05048 2.96417 -0.10787
-4.15977 2.92356 -0.27760
-3.99966 2.94133 -0.10314
-4.00152 2.94246 -0.10299
-4.00338 2.94359 -0.10284
-4.00501 2.94487 -0.10221
-4.00663 2.94614 -0.10159
-4.00801 2.94756 -0.10049
-4.00773 2.94999 -0.09613
-4.00815 2.95196 -0.09321
-4.00787 2.95431 -0.08897
-4.00782 2.95650 -0.08525
-4.00846 2.95825 -0.08289
-4.00933 2.95986 -0.08100
-4.01089 2.96107 -0.08042
-4.01220 2.96241 -0.07940
-4.01328 2.96387 -0.07796
-4.01482 2.96507 -0.07739
-4.01519 2.96688 -0.07468
-4.01486 2.96904 -0.07074
-4.01500 2.97092 -0.06768
-4.01605 2.97232 -0.06631
-4.01709 2.97372 -0.06494
-4.01698 2.97566 -0.06155
-4.01847 2.97681 -0.06101
-4.01926 2.97829 -0.05927
-4.02992 2.98073 -0.06519
-4.02996 2.98252 -0.06220
-3.99856 2.94319 -0.10347
-4.00042 2.94432 -0.10332
-4.00228 2.94544 -0.10317
-4.00391 2.94672 -0.10254
-4.00554 2.94800 -0.10192
-4.00645 2.94970 -0.09988
-4.00664 2.95183 -0.09646
-4.00707 2.95378 -0.09354
-4.00680 2.95612 -0.08930
-4.00676 2.95829 -0.08557
-4.00741 2.96004 -0.08321
-4.00851 2.96151 -0.08175
-4.01006 2.96272 -0.08117
-4.01138 2.96406 -0.08015
-4.01270 2.96539 -0.07914
-4.01401 2.96671 -0.07813
-4.01462 2.96840 -0.07584
-4.01522 2.97007 -0.07357
-4.01443 2.97242 -0.06882
-4.01548 2.97382 -0.06744
-4.01676 2.97510 -0.06648
-4.01780 2.97649 -0.06511
-4.01791 2.97831 -0.06212
-4.01963 2.97935 -0.06199
-4.02890 2.98246 -0.06550
-4.02894 2.98424 -0.06250
-4.03042 2.98539 -0.06196
-4.03229 2.99661 -0.04466
-3.99932 2.94617 -0.10365
-4.00095 2.94745 -0.10302
-4.00258 2.94872 -0.10240
-4.00420 2.94999 -0.10177
-4.00512 2.95169 -0.09974
-4.00556 2.95366 -0.09678
-4.00646 2.95533 -0.09478
-4.00666 2.95739 -0.09143
-4.00639 2.95969 -0.08723
-4.00681 2.96157 -0.08441
-4.00814 2.96291 -0.08339
-4.00924 2.96438 -0.08192
-4.01080 2.96559 -0.08134
-4.01212 2.96692 -0.08033
-4.01320 2.96836 -0.07888
-4.01358 2.97016 -0.07616
-4.01418 2.97182 -0.07389
-4.01363 2.97405 -0.06955
-4.01492 2.97533 -0.06858
-4.01573 2.97683 -0.06678
-4.01701 2.97810 -0.06582
-4.01874 2.97915 -0.06568
-4.03841 2.97186 -0.09705
-4.04505 2.97474 -0.09848
-4.02787 2.98418 -0.06581
-4.02961 2.98524 -0.06567
-3.99963 2.94945 -0.10288
-4.00125 2.95072 -0.10225
-4.00288 2.95199 -0.10163
-4.00380 2.95368 -0.09960
-4.00471 2.95535 -0.09758
-4.00608 2.95674 -0.09650
-4.00651 2.95867 -0.09358
-4.00624 2.96097 -0.08934
-4.00690 2.96272 -0.08695
-4.00732 2.96457 -0.08415
-4.00888 2.96578 -0.08356
-4.01021 2.96712 -0.08254
-4.01153 2.96845 -0.08152
-4.01285 2.96977 -0.08050
-4.01276 2.97180 -0.07690
-4.01337 2.97346 -0.07462
-4.01306 2.97556 -0.07069
-4.01412 2.97695 -0.06930
-4.01517 2.97834 -0.06792
-4.01645 2.97961 -0.06695
-4.01818 2.98066 -0.06681
-4.03732 2.97371 -0.09738
-4.04024 2.97434 -0.09911
-4.04210 2.97547 -0.09896
-4.04260 2.97719 -0.09647
-4.02709 2.98581 -0.06653
-4.02858 2.98696 -0.06597
-4.00016 2.95257 -0.10259
-4.00178 2.95384 -0.10196
-4.00271 2.95552 -0.09992
-4.00409 2.95691 -0.09884
-4.00523 2.95844 -0.09729
-4.00567 2.96036 -0.09437
-4.00656 2.96199 -0.09239
-4.00699 2.96387 -0.08952
-4.00718 2.96586 -0.08624
-4.00805 2.96745 -0.08432
-4.00961 2.96866 -0.08373
-4.01140 2.96974 -0.08359
-4.01249 2.97119 -0.08213
-4.01311 2.97286 -0.07980
-4.01349 2.97464 -0.07707
-4.01387 2.97640 -0.07437
-4.01355 2.97847 -0.07044
-4.01437 2.97996 -0.06864
-4.01565 2.98123 -0.06767
-4.01762 2.98218 -0.06795
-4.03993 2.97779 -0.09741
-4.02433 2.98649 -0.06697
-4.02607 2.98754 -0.06683
-4.02756 2.98869 -0.06628
-4.00092 2.95555 -0.10277
-4.00231 2.95695 -0.10167
-4.00346 2.95848 -0.10010
-4.00484 2.95987 -0.09902
-4.00598 2.96139 -0.09747
-4.00642 2.96329 -0.09455
-4.00731 2.96491 -0.09257
-4.00773 2.96678 -0.08970
-4.00791 2.96874 -0.08641
-4.00971 2.96983 -0.08627
-4.01081 2.97129 -0.08479
-4.01214 2.97261 -0.08376
-4.01323 2.97405 -0.08230
-4.01384 2.97571 -0.07998
-4.01492 2.97713 -0.07854
-4.01459 2.97922 -0.07454
-4.01449 2.98116 -0.07103
-4.01555 2.98254 -0.06964
-4.03381 2.97604 -0.09913
-4.03857 2.97975 -0.09727
-4.02331 2.98822 -0.06728
-4.02504 2.98927 -0.06714
-4.02654 2.99042 -0.06659
-4.02827 2.99147 -0.06645
-4.00307 2.95992 -0.10185
-4.00422 2.96144 -0.10028
-4.00560 2.96283 -0.09920
-4.00674 2.96434 -0.09765
-4.00858 2.96545 -0.09750
-4.00970 2.96695 -0.09596
-4.01106 2.96831 -0.09489
-4.01241 2.96967 -0.09382
-4.01376 2.97102 -0.09276
-4.01510 2.97237 -0.09170
-4.01692 2.97347 -0.09155
-4.01850 2.97469 -0.09095
-4.02032 2.97580 -0.09081
-4.02263 2.97666 -0.09157
-4.02773 2.97624 -0.09741
-4.03087 2.97676 -0.09961
-4.03298 2.97776 -0.09993
-4.03484 2.97889 -0.09978
-4.03537 2.98059 -0.09729
-4.03643 2.98205 -0.09574
-4.03827 2.98317 -0.09559
-4.02402 2.99100 -0.06745
-4.02552 2.99215 -0.06690
-4.02626 3.01153 -0.03319
-4.00589 2.96604 -0.09844
-4.00749 2.96728 -0.09783
-4.00933 2.96840 -0.09768
-4.01093 2.96964 -0.09707
-4.01229 2.97100 -0.09599
-4.01340 2.97248 -0.09446
-4.01475 2.97382 -0.09339
-4.01609 2.97517 -0.09233
-4.01791 2.97627 -0.09219
-4.01973 2.97738 -0.09204
-4.02556 2.97660 -0.09930
-4.02844 2.97725 -0.10103
-4.03029 2.97837 -0.10088
-4.03215 2.97950 -0.10073
-4.03374 2.98074 -0.10011
-4.03402 2.98254 -0.09715
-4.03534 2.98389 -0.09607
-4.03718 2.98500 -0.09592
-4.02276 2.99283 -0.06735
-4.02449 2.99388 -0.06721
-4.02481 3.01178 -0.03539
-4.02531 3.01313 -0.03347
-4.02670 3.01418 -0.03299
-4.03395 2.98007 -0.10632
-4.03583 2.98121 -0.10617
-4.03690 2.98269 -0.10458
-4.02445 3.01167 -0.03942
-4.02363 3.01347 -0.03532
-4.02414 3.01482 -0.03341
-4.02531 3.01593 -0.03257
-4.02326 3.01337 -0.03935
-4.02267 3.01509 -0.03561
-4.02319 3.01642 -0.03369
-4.02436 3.01754 -0.03285
-4.02378 3.01920 -0.02922
-4.02208 3.01507 -0.03927
-4.02172 3.01670 -0.03589
-4.02202 3.01810 -0.03362
-4.02189 3.01962 -0.03068
-4.02197 3.02105 -0.02812
-4.02077 3.01831 -0.03618
-4.02086 3.01977 -0.03356
-4.01944 3.02168 -0.02853
-4.02529 2.93751 -0.07759
-4.02465 2.93684 -0.08200
-4.02375 2.93959 -0.07704
-4.02407 2.94155 -0.07431
-4.02585 2.94263 -0.07417
-4.02886 2.94298 -0.07618
-4.01971 2.94102 -0.07534
-4.01982 2.94312 -0.07222
-4.02158 2.94419 -0.07207
-4.02456 2.94454 -0.07406
-4.04628 2.93397 -0.10881
-4.05048 2.93381 -0.11263
-4.14631 2.88162 -0.27446
-3.99841 2.92672 -0.08320
-3.99977 2.92813 -0.08217
-4.01795 2.94323 -0.07438
-4.01830 2.94516 -0.07168
-4.02054 2.94595 -0.07239
-4.04325 2.93471 -0.10930
-4.04973 2.93322 -0.11718
-4.05021 2.93523 -0.11449
-4.14532 2.88386 -0.27579
-4.14684 2.88596 -0.27384
-3.99666 2.92661 -0.08588
-3.99780 2.92819 -0.08440
-4.00005 2.92896 -0.08515
-4.00253 2.92958 -0.08634
-4.00977 2.93396 -0.08576
-4.01135 2.93521 -0.08517
-4.01315 2.93631 -0.08502
-4.01560 2.94364 -0.07569
-4.01597 2.94557 -0.07299
-4.01726 2.94692 -0.07200
-4.01950 2.94771 -0.07270
-4.04665 2.93398 -0.11768
-4.04859 2.93515 -0.11752
-4.04907 2.93715 -0.11483
-4.05158 2.93799 -0.11568
-4.14334 2.88959 -0.27082
-4.15146 2.88807 -0.28024
-4.14990 2.89183 -0.27301
-3.99444 2.92683 -0.08770
-3.99581 2.92825 -0.08665
-3.99740 2.92951 -0.08606
-3.99921 2.93060 -0.08591
-4.00146 2.93138 -0.08666
-4.00350 2.93232 -0.08697
-4.00600 2.93294 -0.08817
-4.00712 2.93451 -0.08667
-4.00870 2.93577 -0.08608
-4.01028 2.93702 -0.08549
-4.01209 2.93811 -0.08534
-4.01413 2.93906 -0.08564
-4.01607 2.94229 -0.08224
-4.01503 2.94512 -0.07687
-4.01610 2.94662 -0.07543
-4.01646 2.94854 -0.07273
-4.01822 2.94961 -0.07259
-4.04723 2.93491 -0.12110
-4.04918 2.93609 -0.12095
-4.04880 2.93858 -0.11669
-4.05073 2.93975 -0.11654
-4.13988 2.89319 -0.26784
-4.14437 2.89363 -0.27107
-4.14689 2.89516 -0.27086
-4.15094 2.89588 -0.27326
-3.99359 2.92848 -0.08847
-3.99519 2.92973 -0.08787
-3.99700 2.93083 -0.08773
-3.99881 2.93193 -0.08758
-4.00062 2.93303 -0.08743
-4.00312 2.93365 -0.08864
-4.00493 2.93476 -0.08849
-4.00629 2.93617 -0.08745
-4.00787 2.93742 -0.08685
-4.00968 2.93852 -0.08670
-4.01126 2.93976 -0.08611
-4.01307 2.94086 -0.08596
-4.01416 2.94240 -0.08448
-4.01407 2.94466 -0.08081
-4.01445 2.94661 -0.07805
-4.01505 2.94839 -0.07575
-4.01542 2.95030 -0.07305
-4.01718 2.95137 -0.07291
-4.04695 2.93636 -0.12300
-4.04920 2.93738 -0.12337
-4.05086 2.93872 -0.12269
-4.13590 2.89417 -0.26848
-4.13840 2.89569 -0.26828
-4.14091 2.89720 -0.26808
-4.13755 2.90182 -0.25779
-4.14002 2.90331 -0.25759
-4.15198 2.89993 -0.27350
-3.99158 2.92854 -0.09075
-3.99340 2.92964 -0.09060
-3.99522 2.93074 -0.09045
-3.99704 2.93185 -0.09031
-3.99976 2.93231 -0.09198
-4.00205 2.93310 -0.09275
-4.00434 2.93390 -0.09352
-4.00618 2.93501 -0.09337
-4.00754 2.93643 -0.09231
-4.00937 2.93754 -0.09216
-4.01049 2.93911 -0.09064
-4.01113 2.94097 -0.08823
-4.01247 2.94237 -0.08718
-4.01263 2.94449 -0.08391
-4.01301 2.94645 -0.08112
-4.01386 2.94810 -0.07923
-4.01471 2.94974 -0.07736
-4.01578 2.95123 -0.07592
-4.01661 2.95285 -0.07407
-4.04638 2.93798 -0.12440
-4.13490 2.89640 -0.26979
-4.13644 2.89845 -0.26787
-4.13506 2.90202 -0.26092
-4.13609 2.90428 -0.25822
-4.13380 2.90823 -0.24985
-4.14103 2.90727 -0.25783
-3.99160 2.92955 -0.09335
-3.99343 2.93065 -0.09321
-3.99503 2.93192 -0.09260
-3.99708 2.93287 -0.09291
-3.99937 2.93366 -0.09368
-4.00166 2.93445 -0.09446
-4.00349 2.93557 -0.09431
-4.00533 2.93668 -0.09416
-4.00693 2.93795 -0.09355
-4.00829 2.93936 -0.09249
-4.01012 2.94047 -0.09234
-4.01124 2.94203 -0.09082
-4.01235 2.94359 -0.08931
-4.01322 2.94527 -0.08736
-4.01219 2.94810 -0.08188
-4.01328 2.94960 -0.08042
-4.01459 2.95096 -0.07941
-4.01520 2.95273 -0.07710
-4.01651 2.95408 -0.07610
-4.01828 2.95515 -0.07595
-4.13496 2.90094 -0.26832
-4.13408 2.90424 -0.26220
-4.13512 2.90649 -0.25949
-4.13472 2.90946 -0.25435
-4.13813 2.91046 -0.25579
-4.14647 2.90902 -0.26561
-3.99206 2.93024 -0.09692
-3.99390 2.93135 -0.09677
-3.99574 2.93247 -0.09662
-3.99735 2.93374 -0.09601
-3.99919 2.93486 -0.09586
-4.00103 2.93597 -0.09571
-4.00287 2.93709 -0.09556
-4.00448 2.93835 -0.09495
-4.00631 2.93947 -0.09480
-4.00768 2.94089 -0.09373
-4.00951 2.94200 -0.09358
-4.01087 2.94341 -0.09252
-4.01199 2.94496 -0.09100
-4.01310 2.94650 -0.08949
-4.01420 2.94804 -0.08799
-4.01293 2.95097 -0.08206
-4.01401 2.95247 -0.08060
-4.01533 2.95383 -0.07958
-4.01711 2.95491 -0.07944
-4.01938 2.95572 -0.08016
-4.13252 2.90395 -0.26706
-4.13261 2.90671 -0.26264
-4.13462 2.90846 -0.26160
-4.13613 2.91045 -0.25973
-4.13668 2.91291 -0.25623
-4.13914 2.91440 -0.25603
-4.14750 2.91302 -0.26585
-4.15100 2.91405 -0.26735
-4.15814 2.91338 -0.27491
-4.16437 2.91319 -0.28086
-3.99163 2.93159 -0.09864
-3.99348 2.93271 -0.09850
-3.99510 2.93399 -0.09788
-3.99672 2.93526 -0.09726
-3.99856 2.93638 -0.09712
-4.00040 2.93749 -0.09697
-4.00225 2.93861 -0.09682
-4.00409 2.93973 -0.09667
-4.00593 2.94084 -0.09652
-4.00777 2.94196 -0.09637
-4.00914 2.94338 -0.09530
-4.01050 2.94479 -0.09422
-4.01210 2.94605 -0.09361
-4.01394 2.94716 -0.09347
-4.01480 2.94885 -0.09148
-4.01542 2.95066 -0.08907
-4.01556 2.95274 -0.08577
-4.01545 2.95493 -0.08209
-4.01653 2.95642 -0.08063
-4.02595 2.95326 -0.09442
-4.03246 2.95182 -0.10275
-4.12855 2.90492 -0.26771
-4.12914 2.90743 -0.26412
-4.13115 2.90919 -0.26308
-4.13315 2.91093 -0.26204
-4.13467 2.91291 -0.26017
-4.13523 2.91536 -0.25666
-4.13961 2.91591 -0.25978
-4.14306 2.91694 -0.26124
-4.14603 2.91820 -0.26188
-4.14851 2.91970 -0.26168
-4.15762 2.91816 -0.27255
-4.16118 2.91921 -0.27408
-4.16371 2.92074 -0.27387
-3.99054 2.93343 -0.09897
-3.99239 2.93455 -0.09882
-3.99424 2.93567 -0.09868
-3.99586 2.93694 -0.09806
-3.99770 2.93806 -0.09791
-3.99932 2.93933 -0.09729
-4.00116 2.94045 -0.09715
-4.00300 2.94156 -0.09700
-4.00485 2.94268 -0.09685
-4.00669 2.94380 -0.09670
-4.00853 2.94491 -0.09655
-4.00990 2.94632 -0.09547
-4.01174 2.94744 -0.09533
-4.01333 2.94870 -0.09472
-4.01517 2.94981 -0.09457
-4.01701 2.95092 -0.09442
-4.01885 2.95204 -0.09427
-4.02068 2.95315 -0.09412
-4.02277 2.95412 -0.09444
-4.02562 2.95468 -0.09615
-4.03109 2.95383 -0.10260
-4.03323 2.95482 -0.10293
-4.03537 2.95582 -0.10326
-4.12674 2.91040 -0.26288
-4.13016 2.91142 -0.26436
-4.14160 2.91941 -0.26168
-4.14310 2.92137 -0.25982
-4.02338 2.97939 -0.05313
-4.02484 2.98052 -0.05261
-4.02629 2.98164 -0.05209
-4.02775 2.98277 -0.05156
-4.02850 2.98420 -0.04989
-4.02854 2.98592 -0.04708
-4.02905 2.98742 -0.04506
-3.99108 2.93655 -0.09868
-3.99293 2.93766 -0.09854
-3.99477 2.93878 -0.09839
-3.99661 2.93990 -0.09824
-3.99823 2.94117 -0.09762
-4.00007 2.94228 -0.09747
-4.00192 2.94340 -0.09733
-4.00376 2.94452 -0.09718
-4.00560 2.94563 -0.09703
-4.00697 2.94704 -0.09595
-4.00881 2.94816 -0.09580
-4.01065 2.94927 -0.09565
-4.01225 2.95053 -0.09504
-4.01409 2.95164 -0.09489
-4.01593 2.95276 -0.09475
-4.01776 2.95387 -0.09460
-4.01960 2.95498 -0.09445
-4.02169 2.95596 -0.09476
-4.02453 2.95652 -0.09647
-4.02947 2.95598 -0.10198
-4.03160 2.95697 -0.10231
-4.03346 2.95810 -0.10216
-4.03533 2.95923 -0.10201
-4.03801 2.95996 -0.10329
-4.02238 2.98107 -0.05344
-4.02361 2.98230 -0.05252
-4.02507 2.98343 -0.05200
-4.02606 2.98476 -0.05070
-4.02589 2.98657 -0.04751
-4.02641 2.98807 -0.04549
-4.02715 2.98947 -0.04385
-4.02743 2.99104 -0.04149
-3.99140 2.93981 -0.09793
-3.99302 2.94108 -0.09732
-3.99508 2.94204 -0.09763
-3.99692 2.94316 -0.09748
-3.99876 2.94427 -0.09734
-4.00037 2.94553 -0.09672
-4.00221 2.94665 -0.09657
-4.00405 2.94776 -0.09643
-4.00519 2.94931 -0.09489
-4.00655 2.95071 -0.09382
-4.00839 2.95182 -0.09367
-4.01022 2.95292 -0.09352
-4.01205 2.95403 -0.09338
-4.01388 2.95514 -0.09323
-4.01522 2.95653 -0.09217
-4.01778 2.95722 -0.09339
-4.02060 2.95779 -0.09509
-4.02522 2.95740 -0.10009
-4.02836 2.95784 -0.10231
-4.03023 2.95897 -0.10216
-4.03184 2.96024 -0.10154
-4.03318 2.96164 -0.10044
-4.03451 2.96303 -0.09934
-4.03426 2.96520 -0.09544
-4.02430 2.98501 -0.05269
-4.02576 2.98613 -0.05216
-4.02490 2.98824 -0.04781
-4.02543 2.98973 -0.04578
-4.02617 2.99112 -0.04415
-4.02623 2.99277 -0.04142
-4.02674 2.99423 -0.03944
-3.99009 2.94180 -0.09779
-3.99193 2.94291 -0.09764
-3.99377 2.94403 -0.09749
-3.99561 2.94514 -0.09735
-3.99745 2.94625 -0.09720
-3.99929 2.94737 -0.09705
-4.00067 2.94877 -0.09597
-4.00227 2.95003 -0.09536
-4.00341 2.95156 -0.09383
-4.00340 2.95379 -0.09004
-4.00522 2.95489 -0.08989
-4.00703 2.95599 -0.08975
-4.00931 2.95682 -0.09051
-4.01019 2.95845 -0.08855
-4.01200 2.95955 -0.08841
-4.01381 2.96065 -0.08826
-4.01853 2.96016 -0.09357
-4.02437 2.95912 -0.10089
-4.02649 2.96011 -0.10122
-4.02809 2.96137 -0.10059
-4.02996 2.96250 -0.10044
-4.03129 2.96389 -0.09935
-4.03184 2.96567 -0.09685
-4.03162 2.96781 -0.09300
-4.03345 2.96892 -0.09285
-4.03528 2.97003 -0.09270
-4.02445 2.99139 -0.04608
-4.02520 2.99277 -0.04444
-4.02504 2.99451 -0.04134
-4.02555 2.99595 -0.03937
-4.02651 2.99721 -0.03814
-3.99085 2.94475 -0.09797
-3.99269 2.94586 -0.09782
-3.99452 2.94697 -0.09767
-3.99636 2.94809 -0.09752
-3.99775 2.94949 -0.09645
-3.99936 2.95075 -0.09584
-4.00051 2.95228 -0.09431
-4.00052 2.95450 -0.09051
-4.00142 2.95614 -0.08856
-4.00323 2.95724 -0.08841
-4.00504 2.95833 -0.08827
-4.00708 2.95930 -0.08857
-4.00866 2.96052 -0.08798
-4.00884 2.96253 -0.08471
-4.01040 2.96374 -0.08412
-4.01219 2.96483 -0.08398
-4.02328 2.96097 -0.10122
-4.02514 2.96210 -0.10107
-4.02674 2.96336 -0.10045
-4.02834 2.96462 -0.09983
-4.02968 2.96600 -0.09874
-4.03076 2.96751 -0.09718
-4.03208 2.96888 -0.09610
-4.03137 2.97319 -0.08802
-4.02422 2.99442 -0.04474
-4.02407 2.99615 -0.04163
-4.02436 2.99767 -0.03930
-4.02510 2.99901 -0.03771
-4.02539 3.00051 -0.03541
-3.99344 2.94881 -0.09800
-3.99505 2.95007 -0.09739
-3.99644 2.95146 -0.09631
-3.99805 2.95271 -0.09570
-3.99920 2.95424 -0.09417
-3.99900 2.95658 -0.08993
-3.99968 2.95835 -0.08754
-4.00149 2.95944 -0.08739
-4.00329 2.96053 -0.08725
-4.00464 2.96188 -0.08621
-4.00598 2.96323 -0.08517
-4.00755 2.96445 -0.08459
-4.00796 2.96628 -0.08180
-4.00656 2.96907 -0.07562
-4.00832 2.97014 -0.07548
-4.02404 2.96395 -0.10141
-4.02590 2.96508 -0.10126
-4.02648 2.96685 -0.09875
-4.02782 2.96823 -0.09766
-4.02889 2.96973 -0.09611
-4.02945 2.97146 -0.09365
-4.03129 2.97257 -0.09350
-4.02410 2.97790 -0.07733
-4.02588 2.97897 -0.07719
-4.02740 2.98016 -0.07662
-4.02220 2.99814 -0.04045
-4.02317 2.99939 -0.03922
-4.02392 3.00072 -0.03764
-4.02355 3.00246 -0.03427
-4.02406 3.00385 -0.03236
-3.99397 2.95190 -0.09771
-3.99536 2.95329 -0.09664
-3.99675 2.95468 -0.09557
-3.99790 2.95620 -0.09404
-3.99793 2.95838 -0.09025
-3.99862 2.96014 -0.08786
-4.00042 2.96124 -0.08771
-4.00223 2.96233 -0.08757
-4.00358 2.96368 -0.08653
-4.00492 2.96502 -0.08549
-4.00649 2.96623 -0.08491
-4.00691 2.96806 -0.08212
-4.00507 2.97107 -0.07508
-4.00683 2.97213 -0.07494
-4.01920 2.96774 -0.09472
-4.02354 2.96758 -0.09922
-4.02463 2.96908 -0.09767
-4.02647 2.97020 -0.09752
-4.02304 2.97387 -0.08776
-4.01762 2.97842 -0.07451
-4.01938 2.97948 -0.07437
-4.02114 2.98055 -0.07423
-4.02290 2.98162 -0.07409
-4.02370 2.98311 -0.07225
-4.02449 2.98460 -0.07043
-4.02182 2.99790 -0.04458
-4.02079 2.99995 -0.04001
-4.02177 3.00119 -0.03878
-4.02273 3.00243 -0.03756
-4.02237 3.00416 -0.03420
-4.02311 3.00546 -0.03265
-4.02297 3.00706 -0.02971
-4.02413 3.00819 -0.02888
-3.99384 2.95540 -0.09604
-3.99522 2.95678 -0.09497
-3.99638 2.95829 -0.09345
-3.99686 2.96019 -0.09057
-3.99845 2.96142 -0.08997
-3.99981 2.96278 -0.08893
-4.00184 2.96374 -0.08923
-4.00342 2.96496 -0.08864
-4.00431 2.96656 -0.08670
-4.00611 2.96765 -0.08656
-4.00631 2.96960 -0.08332
-4.00381 2.97294 -0.07497
-4.00446 2.97458 -0.07272
-4.01763 2.96981 -0.09412
-4.01459 2.97922 -0.07454
-4.01542 2.98072 -0.07271
-4.01787 2.98146 -0.07384
-4.01986 2.98241 -0.07412
-4.02091 2.98380 -0.07271
-4.02077 2.98570 -0.06922
-4.02064 2.98758 -0.06578
-4.02120 2.98913 -0.06360
-4.02292 2.99017 -0.06346
-4.02133 2.99602 -0.05159
-4.01941 2.99846 -0.04538
-4.01885 3.00033 -0.04154
-4.01939 3.00175 -0.03957
-4.02058 3.00290 -0.03871
-4.02045 3.00455 -0.03569
-4.02098 3.00593 -0.03378
-4.02172 3.00722 -0.03223
-4.02202 3.00866 -0.02999
-4.02297 3.00986 -0.02882
-3.99716 2.96335 -0.08985
-3.99874 2.96458 -0.08925
-4.00077 2.96554 -0.08955
-4.00258 2.96664 -0.08941
-4.00416 2.96786 -0.08881
-4.00574 2.96908 -0.08822
-4.00525 2.97138 -0.08364
-4.00167 2.97526 -0.07317
-4.00167 2.97722 -0.06969
-4.00297 2.97849 -0.06872
-4.01838 2.97275 -0.09430
-4.01179 2.97990 -0.07500
-4.01240 2.98151 -0.07274
-4.01323 2.98300 -0.07092
-4.01475 2.98417 -0.07037
-4.01742 2.98480 -0.07190
-4.01800 2.98638 -0.06967
-4.01979 2.99622 -0.05396
-4.01678 2.99911 -0.04581
-4.01755 3.00046 -0.04418
-4.01766 3.00205 -0.04146
-4.01842 3.00338 -0.03986
-4.01962 3.00453 -0.03900
-4.01906 3.00632 -0.03526
-4.01960 3.00770 -0.03335
-4.01991 3.00913 -0.03111
-4.02086 3.01033 -0.02993
-4.02181 3.01152 -0.02875
-4.00129 2.96857 -0.08928
-4.00219 2.97015 -0.08734
-4.00241 2.97208 -0.08410
-3.99889 2.97595 -0.07362
-3.99913 2.97779 -0.07055
-4.00022 2.97917 -0.06917
-4.00152 2.98044 -0.06820
-4.00325 2.98149 -0.06806
-4.01669 3.00369 -0.04175
-4.01768 3.00493 -0.04052
-4.01866 3.00616 -0.03929
-4.01811 3.00794 -0.03555
-4.01822 3.00946 -0.03293
-4.01853 3.01088 -0.03069
-4.01928 3.01215 -0.02917
-4.02066 3.01319 -0.02869
-4.01716 3.00955 -0.03584
-4.01727 3.01106 -0.03322
-4.01738 3.01255 -0.03062
-4.01833 3.01374 -0.02945
-4.01950 3.01485 -0.02863
-4.01632 3.01266 -0.03350
-4.01601 3.01429 -0.03021
-4.01718 3.01540 -0.02939
-4.10073 2.82146 -0.29806
-4.04162 2.87141 -0.17647
-4.02915 2.87662 -0.16342
-4.02889 2.87974 -0.15846
-4.03103 2.88093 -0.15833
-4.04729 2.88000 -0.17252
-4.04654 2.88338 -0.16678
-4.02624 2.86817 -0.17873
-4.02815 2.86966 -0.17795
-4.03067 2.87063 -0.17845
-4.03258 2.87212 -0.17768
-4.03290 2.87485 -0.17373
-4.03014 2.87997 -0.16368
-4.03730 2.87730 -0.17346
-4.04176 2.87679 -0.17777
-4.04431 2.87777 -0.17828
-4.04554 2.87974 -0.17622
-4.04775 2.88097 -0.17609
-4.04831 2.88340 -0.17279
-4.05051 2.88463 -0.17265
-4.05405 2.88490 -0.17504
-4.01220 2.86579 -0.17598
-4.01440 2.86701 -0.17584
-4.01719 2.86772 -0.17698
-4.02191 2.86991 -0.17734
-4.02412 2.87114 -0.17721
-4.02633 2.87237 -0.17707
-4.02947 2.87284 -0.17886
-4.03138 2.87432 -0.17808
-4.03265 2.87630 -0.17603
-4.03486 2.87752 -0.17589
-4.03867 2.87751 -0.17895
-4.04618 2.87472 -0.18928
-4.04844 2.87598 -0.18914
-4.04500 2.88146 -0.17790
-4.04656 2.88317 -0.17649
-4.04877 2.88440 -0.17635
-4.05132 2.88539 -0.17685
-4.06475 2.87873 -0.19790
-4.11080 2.84964 -0.27978
-3.96253 2.90312 -0.08240
-3.96377 2.90468 -0.08096
-3.96561 2.90570 -0.08085
-3.96764 2.90654 -0.08118
-3.96948 2.90756 -0.08106
-3.97400 2.90626 -0.08675
-4.01762 2.87164 -0.17597
-4.02042 2.87236 -0.17711
-4.02293 2.87334 -0.17761
-4.02606 2.87381 -0.17939
-4.03824 2.86699 -0.19987
-4.04087 2.86799 -0.20042
-4.04317 2.86927 -0.20028
-4.04547 2.87055 -0.20014
-4.04336 2.87520 -0.19116
-4.04563 2.87646 -0.19102
-4.05807 2.87012 -0.21095
-4.06078 2.87115 -0.21152
-4.06312 2.87246 -0.21138
-4.06436 2.87456 -0.20909
-4.06302 2.87846 -0.20192
-4.06903 2.87715 -0.20880
-4.10939 2.85224 -0.28025
-4.11392 2.85238 -0.28367
-4.12046 2.85121 -0.29077
-3.96008 2.90356 -0.08373
-3.96153 2.90495 -0.08273
-3.96278 2.90651 -0.08130
-3.96462 2.90753 -0.08118
-3.96665 2.90837 -0.08151
-3.96849 2.90939 -0.08140
-3.97300 2.90810 -0.08709
-3.97762 2.90679 -0.09292
-3.97886 2.90838 -0.09142
-3.98139 2.90888 -0.09269
-4.03503 2.86772 -0.20112
-4.10245 2.84883 -0.28569
-4.06918 2.87554 -0.21658
-4.07155 2.87685 -0.21643
-4.10845 2.85451 -0.28162
-4.11250 2.85500 -0.28415
-4.11706 2.85516 -0.28760
-4.12069 2.85598 -0.28926
-3.96283 2.90191 -0.09268
-3.96471 2.90295 -0.09257
-3.96658 2.90399 -0.09245
-3.96887 2.90466 -0.09326
-3.97096 2.90552 -0.09361
-3.97390 2.90565 -0.09582
-3.97579 2.90670 -0.09570
-3.97747 2.90793 -0.09512
-3.97849 2.90970 -0.09314
-3.98235 2.90912 -0.09723
-4.06229 2.87287 -0.22038
-4.06618 2.87310 -0.22319
-4.10010 2.85210 -0.28437
-4.10319 2.85323 -0.28511
-4.10535 2.85501 -0.28405
-4.10797 2.85647 -0.28388
-4.11060 2.85793 -0.28372
-4.11515 2.85811 -0.28717
-4.11828 2.85925 -0.28792
-4.12141 2.86040 -0.28867
-3.96073 2.90198 -0.09499
-3.96282 2.90284 -0.09534
-3.96491 2.90370 -0.09569
-3.96679 2.90475 -0.09557
-3.96972 2.90487 -0.09780
-3.97183 2.90574 -0.09816
-3.97459 2.90605 -0.09994
-3.97671 2.90693 -0.10029
-3.97818 2.90835 -0.09923
-3.97964 2.90977 -0.09816
-3.98221 2.91028 -0.09947
-4.06250 2.87415 -0.22377
-4.09560 2.85357 -0.28411
-4.09960 2.85406 -0.28665
-4.10177 2.85584 -0.28558
-4.10393 2.85762 -0.28452
-4.10608 2.85940 -0.28346
-4.10918 2.86054 -0.28420
-4.11324 2.86105 -0.28674
-4.11685 2.86188 -0.28840
-4.11949 2.86335 -0.28824
-4.12214 2.86481 -0.28807
-3.96071 2.90292 -0.09767
-3.96261 2.90397 -0.09755
-3.96491 2.90465 -0.09838
-3.96701 2.90552 -0.09874
-3.96954 2.90602 -0.10004
-3.97186 2.90670 -0.10087
-3.97399 2.90758 -0.10123
-3.97589 2.90864 -0.10112
-3.97758 2.90988 -0.10052
-3.97905 2.91130 -0.09946
-3.98118 2.91218 -0.09981
-4.09464 2.85586 -0.28548
-4.10035 2.85845 -0.28606
-4.10298 2.85991 -0.28590
-4.10467 2.86200 -0.28394
-4.10823 2.86283 -0.28558
-4.11278 2.86304 -0.28904
-4.11542 2.86450 -0.28888
-4.11807 2.86597 -0.28871
-4.12071 2.86744 -0.28855
-4.12435 2.86829 -0.29021
-4.12750 2.86945 -0.29097
-3.96089 2.90368 -0.10085
-3.96259 2.90492 -0.10026
-3.96450 2.90598 -0.10014
-3.96660 2.90685 -0.10050
-3.96872 2.90772 -0.10086
-3.97104 2.90841 -0.10170
-3.97295 2.90947 -0.10158
-3.97486 2.91053 -0.10146
-3.97655 2.91177 -0.10087
-3.97824 2.91301 -0.10028
-3.98015 2.91407 -0.10016
-4.00773 2.91360 -0.12415
-4.09276 2.85878 -0.28506
-4.09801 2.86169 -0.28474
-4.10017 2.86346 -0.28368
-4.10140 2.86584 -0.28084
-4.10540 2.86637 -0.28336
-4.10944 2.86690 -0.28589
-4.11399 2.86713 -0.28936
-3.96007 2.90539 -0.10167
-3.96177 2.90663 -0.10108
-3.96367 2.90769 -0.10096
-3.96558 2.90874 -0.10085
-3.96810 2.90925 -0.10216
-3.97001 2.91031 -0.10204
-3.97192 2.91137 -0.10193
-3.97383 2.91243 -0.10181
-3.97552 2.91367 -0.10122
-3.97721 2.91490 -0.10062
-3.98297 2.92791 -0.08415
-3.98373 2.92973 -0.08182
-3.98448 2.93152 -0.07951
-3.98631 2.93254 -0.07940
-3.98770 2.93386 -0.07842
-3.98865 2.93547 -0.07657
-3.98851 2.93782 -0.07260
-3.98988 2.93911 -0.07164
-3.99168 2.94011 -0.07153
-3.99304 2.94140 -0.07057
-3.99417 2.94282 -0.06920
-3.99552 2.94409 -0.06826
-3.96074 2.90852 -0.10143
-3.96264 2.90958 -0.10131
-3.96455 2.91063 -0.10119
-3.96707 2.91115 -0.10251
-3.96898 2.91221 -0.10239
-3.97089 2.91327 -0.10227
-3.97280 2.91433 -0.10216
-3.97428 2.91574 -0.10108
-3.97618 2.91680 -0.10097
-3.97314 2.92677 -0.08184
-3.97497 2.92779 -0.08172
-3.98020 2.92625 -0.08877
-3.98206 2.92728 -0.08865
-3.98197 2.92974 -0.08449
-3.98338 2.93108 -0.08349
-3.98350 2.93334 -0.07985
-3.98532 2.93435 -0.07973
-3.98628 2.93597 -0.07788
-3.98659 2.93802 -0.07475
-3.98732 2.93975 -0.07250
-3.98891 2.94090 -0.07197
-3.99027 2.94218 -0.07101
-3.99141 2.94360 -0.06964
-3.99233 2.94516 -0.06786
-3.99368 2.94642 -0.06691
-3.99524 2.94755 -0.06639
-3.99702 2.94854 -0.06628
-3.99881 2.94953 -0.06617
-3.99969 2.95105 -0.06441
-3.99815 2.95399 -0.05822
-3.99924 2.95534 -0.05692
-4.00055 2.95656 -0.05602
-4.00163 2.95790 -0.05472
-4.00271 2.95924 -0.05344
-4.00378 2.96056 -0.05216
-4.00462 2.96200 -0.05050
-4.00502 2.96367 -0.04808
-3.95951 2.91059 -0.10130
-3.96141 2.91165 -0.10118
-3.96331 2.91270 -0.10106
-3.96604 2.91304 -0.10285
-3.96795 2.91410 -0.10274
-3.96986 2.91516 -0.10262
-3.97156 2.91640 -0.10202
-3.97304 2.91781 -0.10095
-3.97472 2.91904 -0.10036
-3.97641 2.92026 -0.09977
-3.97278 2.92565 -0.08764
-3.97215 2.92859 -0.08217
-3.97398 2.92961 -0.08206
-3.97920 2.92809 -0.08910
-3.98106 2.92913 -0.08899
-3.98140 2.93126 -0.08572
-3.98239 2.93291 -0.08382
-3.98358 2.93439 -0.08238
-3.98434 2.93617 -0.08006
-3.98573 2.93748 -0.07908
-3.98561 2.93982 -0.07507
-3.98656 2.94140 -0.07325
-3.98793 2.94269 -0.07229
-3.98930 2.94397 -0.07134
-3.99045 2.94538 -0.06996
-3.99137 2.94693 -0.06818
-3.99272 2.94819 -0.06724
-3.99428 2.94932 -0.06671
-3.99606 2.95031 -0.06660
-3.99784 2.95130 -0.06649
-3.99873 2.95281 -0.06473
-3.99720 2.95573 -0.05854
-3.99786 2.95732 -0.05644
-3.99895 2.95866 -0.05515
-4.00003 2.96000 -0.05386
-4.00111 2.96132 -0.05258
-4.00197 2.96276 -0.05092
-4.00238 2.96442 -0.04850
-4.00300 2.96595 -0.04648
-4.00384 2.96735 -0.04486
-4.00445 2.96886 -0.04288
-3.96018 2.91371 -0.10105
-3.96208 2.91477 -0.10093
-3.96460 2.91529 -0.10224
-3.96671 2.91618 -0.10260
-3.96862 2.91724 -0.10249
-3.97031 2.91847 -0.10189
-3.97201 2.91970 -0.10130
-3.97370 2.92093 -0.10071
-3.97474 2.92266 -0.09870
-3.96993 2.92892 -0.08394
-3.97116 2.93041 -0.08250
-3.97299 2.93143 -0.08239
-3.97819 2.92994 -0.08944
-3.98005 2.93098 -0.08933
-3.98105 2.93263 -0.08740
-3.98139 2.93474 -0.08415
-3.98259 2.93622 -0.08271
-3.98313 2.93813 -0.07996
-3.98496 2.93915 -0.07985
-3.98463 2.94162 -0.07540
-3.98580 2.94305 -0.07401
-3.98717 2.94433 -0.07305
-3.98876 2.94547 -0.07251
-3.99013 2.94675 -0.07155
-3.99127 2.94816 -0.07018
-3.99176 2.94996 -0.06756
-4.12956 2.88029 -0.30538
-3.99649 2.95930 -0.05596
-3.99780 2.96051 -0.05507
-3.99888 2.96184 -0.05378
-3.99996 2.96316 -0.05250
-4.00103 2.96447 -0.05123
-4.00145 2.96612 -0.04881
-4.00208 2.96765 -0.04679
-4.00270 2.96915 -0.04480
-4.00332 2.97065 -0.04281
-4.00415 2.97203 -0.04122
-3.96045 2.91718 -0.09985
-3.96296 2.91771 -0.10116
-3.96547 2.91825 -0.10247
-3.96738 2.91930 -0.10236
-3.96907 2.92053 -0.10176
-3.97035 2.92210 -0.10022
-3.97182 2.92349 -0.09916
-3.97057 2.92701 -0.09206
-3.96914 2.93059 -0.08472
-3.97037 2.93208 -0.08328
-3.97241 2.93295 -0.08361
-3.97718 2.93179 -0.08978
-3.97905 2.93282 -0.08966
-3.97983 2.93463 -0.08729
-3.97976 2.93702 -0.08316
-3.98160 2.93804 -0.08304
-3.98236 2.93980 -0.08073
-3.98397 2.94096 -0.08018
-3.98472 2.94270 -0.07789
-3.98547 2.94442 -0.07562
-3.98663 2.94584 -0.07422
-3.98843 2.94685 -0.07411
-3.98980 2.94812 -0.07315
-3.99161 2.94912 -0.07304
-4.12811 2.88298 -0.30587
-4.12773 2.88622 -0.30003
-3.99729 2.96200 -0.05617
-3.99881 2.96308 -0.05567
-3.99903 2.96488 -0.05281
-3.99967 2.96641 -0.05077
-4.00031 2.96794 -0.04874
-4.00073 2.96957 -0.04634
-4.00136 2.97106 -0.04435
-4.00155 2.97276 -0.04163
-4.00238 2.97413 -0.04005
-4.00321 2.97548 -0.03847
-3.96112 2.92029 -0.09961
-3.96383 2.92065 -0.10139
-3.96552 2.92188 -0.10080
-3.96742 2.92293 -0.10068
-3.96890 2.92432 -0.09962
-3.96975 2.92620 -0.09715
-3.96976 2.92871 -0.09286
-3.97019 2.93086 -0.08955
-3.96979 2.93360 -0.08450
-3.97183 2.93446 -0.08483
-3.97534 2.93426 -0.08830
-3.97719 2.93529 -0.08819
-3.97819 2.93693 -0.08628
-3.97877 2.93885 -0.08349
-3.98060 2.93987 -0.08338
-3.98159 2.94147 -0.08150
-3.98299 2.94278 -0.08051
-3.98460 2.94394 -0.07996
-3.98534 2.94566 -0.07767
-3.98630 2.94722 -0.07584
-3.98811 2.94823 -0.07573
-3.98992 2.94923 -0.07562
-4.12935 2.88716 -0.30620
-4.13164 2.89185 -0.30019
-4.12671 2.89743 -0.28624
-3.99939 2.96778 -0.05224
-3.99938 2.96964 -0.04905
-3.99938 2.97148 -0.04589
-4.00001 2.97297 -0.04391
-4.00000 2.97476 -0.04083
-4.00105 2.97601 -0.03962
-4.00209 2.97725 -0.03841
-4.00270 2.97869 -0.03649
-3.96179 2.92338 -0.09937
-3.96308 2.92493 -0.09784
-3.96496 2.92598 -0.09772
-3.96685 2.92703 -0.09761
-3.96832 2.92840 -0.09656
-3.96875 2.93056 -0.09320
-3.96939 2.93255 -0.09034
-3.96960 2.93481 -0.08662
-3.97145 2.93584 -0.08650
-3.97413 2.93625 -0.08819
-3.97598 2.93728 -0.08807
-3.97720 2.93876 -0.08661
-3.97777 2.94067 -0.08382
-3.97940 2.94184 -0.08327
-3.98060 2.94329 -0.08183
-3.98221 2.94445 -0.08128
-3.98361 2.94575 -0.08029
-3.98436 2.94746 -0.07800
-3.98596 2.94861 -0.07746
-3.98800 2.94948 -0.07778
-4.12529 2.90004 -0.28671
-4.12791 2.90149 -0.28655
-3.99910 2.97101 -0.05051
-3.99761 2.97360 -0.04469
-3.99825 2.97507 -0.04272
-3.99846 2.97674 -0.04002
-3.99951 2.97798 -0.03882
-4.00076 2.97912 -0.03798
-4.00138 2.98055 -0.03607
-4.00220 2.98186 -0.03452
-3.96146 2.92730 -0.09678
-3.96354 2.92818 -0.09713
-3.96542 2.92922 -0.09701
-3.96730 2.93027 -0.09690
-3.96815 2.93211 -0.09446
-3.96920 2.93377 -0.09251
-3.97024 2.93543 -0.09056
-3.97210 2.93646 -0.09045
-3.97333 2.93794 -0.08898
-3.97498 2.93912 -0.08841
-3.97620 2.94060 -0.08695
-3.97699 2.94235 -0.08460
-3.97841 2.94366 -0.08360
-3.97961 2.94511 -0.08216
-3.98122 2.94627 -0.08161
-3.98284 2.94742 -0.08106
-3.98359 2.94913 -0.07877
-3.98541 2.95014 -0.07865
-3.98788 2.95074 -0.07985
-4.10732 2.88528 -0.30248
-4.10427 2.89016 -0.29120
-4.10691 2.89162 -0.29104
-4.12125 2.90119 -0.28735
-4.12240 2.90342 -0.28449
-4.12551 2.90462 -0.28523
-4.12565 2.90734 -0.28061
-3.99565 2.97581 -0.04313
-3.99609 2.97738 -0.04080
-3.99714 2.97862 -0.03959
-3.99840 2.97975 -0.03876
-3.99944 2.98098 -0.03756
-3.99985 2.98249 -0.03528
-4.00088 2.98371 -0.03410
-3.96420 2.93125 -0.09689
-3.96588 2.93245 -0.09631
-3.96735 2.93381 -0.09526
-3.96881 2.93516 -0.09423
-3.96965 2.93697 -0.09181
-3.97151 2.93800 -0.09170
-3.97337 2.93904 -0.09159
-3.97419 2.94081 -0.08920
-3.97541 2.94228 -0.08773
-3.97663 2.94375 -0.08627
-3.97742 2.94548 -0.08393
-3.97904 2.94664 -0.08338
-3.98045 2.94794 -0.08238
-3.98207 2.94910 -0.08183
-3.98346 2.95039 -0.08084
-3.98507 2.95154 -0.08029
-3.98690 2.95255 -0.08018
-3.98916 2.95329 -0.08094
-3.98901 2.95550 -0.07692
-3.99082 2.95650 -0.07681
-3.99219 2.95777 -0.07584
-3.99334 2.95916 -0.07444
-4.10298 2.89864 -0.28147
-4.12098 2.90602 -0.28497
-4.12164 2.90848 -0.28124
-3.99243 2.97687 -0.04242
-3.99350 2.97811 -0.04121
-3.99456 2.97935 -0.04000
-3.99582 2.98048 -0.03916
-3.99708 2.98161 -0.03833
-3.99854 2.98263 -0.03786
-3.99896 2.98414 -0.03559
-3.99999 2.98535 -0.03441
-3.96780 2.93702 -0.09456
-3.96864 2.93882 -0.09215
-3.97050 2.93985 -0.09204
-3.97237 2.94089 -0.09192
-3.97339 2.94251 -0.08999
-3.97504 2.94368 -0.08942
-3.97626 2.94515 -0.08795
-3.97705 2.94688 -0.08560
-3.97805 2.94847 -0.08371
-3.97988 2.94948 -0.08360
-3.98150 2.95064 -0.08304
-3.98333 2.95166 -0.08293
-3.98517 2.95267 -0.08282
-3.98634 2.95409 -0.08139
-3.98752 2.95550 -0.07996
-3.98803 2.95730 -0.07725
-3.98963 2.95843 -0.07671
-3.99056 2.95995 -0.07488
-3.99192 2.96120 -0.07392
-4.11764 2.90962 -0.28187
-3.98984 2.97761 -0.04283
-3.99071 2.97895 -0.04125
-3.99157 2.98029 -0.03967
-3.99324 2.98121 -0.03957
-3.99451 2.98234 -0.03873
-3.99597 2.98337 -0.03827
-3.99640 2.98487 -0.03599
-3.99744 2.98608 -0.03481
-3.99868 2.98718 -0.03399
-3.97115 2.94288 -0.09180
-3.97239 2.94435 -0.09032
-3.97404 2.94553 -0.08976
-3.97526 2.94698 -0.08829
-3.97606 2.94871 -0.08593
-3.97706 2.95029 -0.08404
-3.97889 2.95130 -0.08393
-3.98073 2.95232 -0.08382
-3.98256 2.95334 -0.08371
-3.98418 2.95449 -0.08315
-3.99067 2.98195 -0.03997
-3.99193 2.98307 -0.03914
-3.99340 2.98410 -0.03867
-3.99404 2.98550 -0.03675
-3.99489 2.98680 -0.03521
-3.99593 2.98800 -0.03403
-3.99717 2.98910 -0.03322
-3.99209 2.98595 -0.03825
-3.99274 2.98734 -0.03633
-3.99339 2.98873 -0.03443
-3.99463 2.98983 -0.03362
-4.04371 2.80862 -0.27857
-4.04865 2.80777 -0.28374
-4.05166 2.80884 -0.28447
-4.05429 2.81030 -0.28431
-4.05772 2.81099 -0.28595
-4.05994 2.81283 -0.28489
-4.06215 2.81466 -0.28383
-4.06477 2.81612 -0.28367
-4.06865 2.81645 -0.28621
-4.07214 2.81716 -0.28786
-4.07521 2.81826 -0.28860
-4.03599 2.80946 -0.27672
-4.03821 2.81127 -0.27569
-4.04231 2.81120 -0.27904
-4.04802 2.80961 -0.28601
-4.05144 2.81030 -0.28765
-4.05407 2.81176 -0.28749
-4.05711 2.81284 -0.28824
-4.05934 2.81468 -0.28717
-4.06073 2.81727 -0.28430
-4.06336 2.81872 -0.28414
-4.06681 2.81944 -0.28578
-4.07029 2.82016 -0.28743
-4.07378 2.82088 -0.28908
-4.07642 2.82235 -0.28892
-4.07950 2.82345 -0.28967
-4.08171 2.82528 -0.28860
-4.03015 2.80839 -0.27926
-4.03201 2.81059 -0.27735
-4.03423 2.81240 -0.27631
-4.03607 2.81458 -0.27441
-4.03939 2.81527 -0.27600
-4.04389 2.81485 -0.28023
-4.05002 2.81292 -0.28813
-4.05265 2.81438 -0.28797
-4.05569 2.81546 -0.28871
-4.05670 2.81842 -0.28494
-4.05891 2.82024 -0.28388
-4.06030 2.82279 -0.28105
-4.06415 2.82315 -0.28356
-4.06802 2.82351 -0.28610
-4.07150 2.82424 -0.28774
-4.07457 2.82534 -0.28849
-4.07764 2.82644 -0.28924
-4.07984 2.82827 -0.28817
-4.08292 2.82937 -0.28891
-4.08291 2.83297 -0.28333
-4.08290 2.83651 -0.27784
-4.02838 2.81135 -0.27885
-4.03061 2.81316 -0.27782
-4.03173 2.81607 -0.27417
-4.03431 2.81750 -0.27401
-4.03725 2.81857 -0.27472
-4.04172 2.81817 -0.27894
-4.04702 2.81703 -0.28500
-4.05043 2.81774 -0.28664
-4.05346 2.81882 -0.28738
-4.05528 2.82102 -0.28542
-4.05589 2.82429 -0.28079
-4.05809 2.82610 -0.27975
-4.06028 2.82790 -0.27870
-4.06370 2.82863 -0.28031
-4.06797 2.82866 -0.28372
-4.07186 2.82904 -0.28625
-4.07535 2.82978 -0.28790
-4.07712 2.83196 -0.28593
-4.07887 2.83412 -0.28397
-4.07718 2.83901 -0.27496
-4.07934 2.84079 -0.27393
-4.08236 2.84189 -0.27464
-4.08670 2.84198 -0.27799
-4.02439 2.81248 -0.27948
-4.02698 2.81392 -0.27932
-4.02813 2.81684 -0.27566
-4.02854 2.82044 -0.27032
-4.03110 2.82186 -0.27016
-4.03586 2.82113 -0.27519
-4.04032 2.82075 -0.27941
-4.04561 2.81963 -0.28548
-4.04901 2.82035 -0.28712
-4.05204 2.82144 -0.28786
-4.05467 2.82290 -0.28770
-4.05608 2.82544 -0.28483
-4.05708 2.82833 -0.28110
-4.05928 2.83013 -0.28006
-4.06229 2.83122 -0.28078
-4.06739 2.83055 -0.28599
-4.07044 2.83165 -0.28673
-4.07392 2.83240 -0.28838
-4.07569 2.83457 -0.28640
-4.07746 2.83672 -0.28444
-4.07579 2.84159 -0.27543
-4.07795 2.84336 -0.27439
-4.08096 2.84446 -0.27511
-4.08442 2.84523 -0.27670
-4.09511 2.84058 -0.29272
-4.09777 2.84205 -0.29256
-4.10043 2.84353 -0.29240
-3.95314 2.89107 -0.10195
-3.95505 2.89213 -0.10183
-3.95696 2.89319 -0.10171
-3.95907 2.89405 -0.10208
-3.96159 2.89452 -0.10340
-4.03742 2.82476 -0.27637
-4.04189 2.82441 -0.28060
-4.04760 2.82295 -0.28759
-4.05062 2.82405 -0.28833
-4.05325 2.82551 -0.28817
-4.05307 2.82947 -0.28174
-4.05568 2.83091 -0.28158
-4.05748 2.83306 -0.27965
-4.06252 2.83240 -0.28483
-4.06723 2.83209 -0.28918
-4.07114 2.83249 -0.29175
-4.07335 2.83432 -0.29068
-4.07513 2.83648 -0.28869
-4.07348 2.84137 -0.27957
-4.07439 2.84416 -0.27590
-4.07698 2.84559 -0.27574
-4.07956 2.84703 -0.27558
-4.09194 2.84105 -0.29522
-4.09414 2.84288 -0.29413
-4.09634 2.84469 -0.29304
-4.09899 2.84617 -0.29288
-4.10071 2.84832 -0.29088
-3.95020 2.89190 -0.10241
-3.95211 2.89296 -0.10229
-3.95402 2.89402 -0.10218
-3.95593 2.89508 -0.10206
-3.95804 2.89595 -0.10242
-3.96055 2.89642 -0.10375
-3.96453 2.89552 -0.10849
-3.96647 2.89659 -0.10837
-3.96819 2.89786 -0.10776
-3.96927 2.89971 -0.10569
-3.97056 2.90136 -0.10412
-3.97184 2.90299 -0.10256
-3.97375 2.90406 -0.10244
-3.97437 2.90624 -0.09946
-3.97584 2.90766 -0.09840
-4.06580 2.83471 -0.28966
-4.06971 2.83512 -0.29223
-4.07193 2.83694 -0.29116
-3.97843 2.91593 -0.08731
-3.97922 2.91781 -0.08494
-3.98064 2.91917 -0.08394
-3.98227 2.92036 -0.08338
-4.07817 2.84960 -0.27605
-4.08733 2.84608 -0.28927
-4.09270 2.84552 -0.29461
-4.09536 2.84700 -0.29445
-4.09849 2.84814 -0.29521
-4.09928 2.85095 -0.29136
-4.10334 2.85143 -0.29396
-4.10505 2.85356 -0.29195
-3.94936 2.89053 -0.10820
-3.95110 2.89180 -0.10759
-3.95302 2.89287 -0.10748
-3.95495 2.89394 -0.10736
-3.95708 2.89481 -0.10773
-3.95921 2.89569 -0.10810
-3.96176 2.89617 -0.10945
-3.96370 2.89724 -0.10934
-3.96542 2.89851 -0.10872
-3.96652 2.90036 -0.10665
-3.96697 2.90277 -0.10314
-3.96889 2.90383 -0.10302
-3.97080 2.90490 -0.10291
-3.97165 2.90689 -0.10040
-3.97292 2.90850 -0.09886
-3.97396 2.91028 -0.09686
-3.97394 2.91293 -0.09255
-3.97556 2.91674 -0.08776
-3.97658 2.91845 -0.08584
-3.97800 2.91981 -0.08483
-3.97943 2.92117 -0.08382
-3.98127 2.92220 -0.08371
-3.98268 2.92355 -0.08271
-3.98409 2.92489 -0.08171
-3.98593 2.92592 -0.08160
-4.09392 2.84964 -0.29493
-4.09845 2.84978 -0.29848
-4.10065 2.85159 -0.29739
-4.10285 2.85341 -0.29629
-4.10457 2.85555 -0.29428
-3.95083 2.89292 -0.10991
-3.95277 2.89399 -0.10979
-3.95490 2.89486 -0.11016
-3.95684 2.89594 -0.11004
-3.95898 2.89682 -0.11042
-3.96112 2.89770 -0.11079
-3.96306 2.89877 -0.11067
-3.96480 2.90005 -0.11006
-3.96631 2.90151 -0.10896
-3.96740 2.90335 -0.10688
-3.96848 2.90517 -0.10482
-3.96977 2.90680 -0.10325
-3.97168 2.90786 -0.10314
-3.97189 2.91038 -0.09920
-3.97358 2.91162 -0.09861
-3.97292 2.91479 -0.09290
-3.97395 2.91653 -0.09094
-3.97456 2.91859 -0.08809
-3.97558 2.92029 -0.08618
-3.97700 2.92165 -0.08517
-3.97864 2.92284 -0.08461
-3.98027 2.92403 -0.08405
-3.98126 2.92570 -0.08216
-3.98288 2.92688 -0.08160
-3.98472 2.92790 -0.08149
-3.98656 2.92892 -0.08138
-4.09700 2.85243 -0.29897
-4.09968 2.85392 -0.29881
-4.10235 2.85540 -0.29864
-4.10455 2.85721 -0.29754
-4.10722 2.85870 -0.29738
-4.10941 2.86050 -0.29629
-3.94979 2.89484 -0.11026
-3.95172 2.89591 -0.11014
-3.95386 2.89679 -0.11051
-3.95599 2.89767 -0.11089
-3.95793 2.89874 -0.11077
-3.96008 2.89962 -0.11115
-3.96202 2.90070 -0.11103
-3.96396 2.90178 -0.11091
-3.96548 2.90324 -0.10980
-3.96636 2.90526 -0.10723
-3.96724 2.90727 -0.10468
-3.96852 2.90888 -0.10312
-3.96938 2.91086 -0.10061
-3.97065 2.91245 -0.09907
-3.97255 2.91350 -0.09896
-3.97293 2.92094 -0.08708
-3.97457 2.92213 -0.08651
-3.97622 2.92332 -0.08595
-3.97764 2.92468 -0.08494
-3.97928 2.92586 -0.08438
-3.98048 2.92737 -0.08293
-3.98189 2.92871 -0.08194
-3.98351 2.92988 -0.08138
-3.98492 2.93121 -0.08039
-3.98653 2.93238 -0.07984
-4.09545 2.85852 -0.29372
-4.10280 2.85675 -0.30289
-4.11487 2.85187 -0.32116
-4.11160 2.85744 -0.30924
-4.11432 2.85895 -0.30907
-4.12211 2.85714 -0.31867
-3.94836 2.89715 -0.10962
-3.95068 2.89783 -0.11049
-3.95281 2.89871 -0.11086
-3.95495 2.89959 -0.11124
-3.95709 2.90047 -0.11162
-3.95903 2.90155 -0.11150
-3.96097 2.90263 -0.11138
-3.96291 2.90371 -0.11126
-3.96464 2.90497 -0.11065
-3.96470 2.90774 -0.10612
-3.96455 2.91063 -0.10119
-3.96583 2.91223 -0.09965
-3.96773 2.91328 -0.09954
-3.96735 2.91626 -0.09427
-3.96902 2.91748 -0.09369
-3.96945 2.91971 -0.09036
-3.97028 2.92158 -0.08798
-3.97193 2.92278 -0.08741
-3.97357 2.92397 -0.08685
-3.97522 2.92516 -0.08629
-3.97707 2.92619 -0.08617
-3.97849 2.92754 -0.08516
-3.97970 2.92904 -0.08371
-3.98069 2.93069 -0.08183
-3.98231 2.93186 -0.08127
-3.98393 2.93303 -0.08072
-3.98532 2.93435 -0.07973
-3.98715 2.93537 -0.07962
-3.94731 2.89907 -0.10997
-3.94963 2.89976 -0.11084
-3.95176 2.90064 -0.11122
-3.95390 2.90152 -0.11159
-3.95604 2.90240 -0.11197
-3.95798 2.90348 -0.11185
-3.95992 2.90456 -0.11173
-3.96186 2.90563 -0.11161
-3.96359 2.90690 -0.11100
-3.96366 2.90965 -0.10647
-3.96210 2.91377 -0.09823
-3.96358 2.91517 -0.09717
-3.96506 2.91657 -0.09612
-3.96613 2.91830 -0.09415
-3.96658 2.92053 -0.09081
-3.96803 2.92190 -0.08979
-3.96928 2.92343 -0.08831
-3.97113 2.92446 -0.08820
-3.97278 2.92565 -0.08764
-3.97442 2.92684 -0.08707
-3.97628 2.92787 -0.08696
-3.97792 2.92905 -0.08639
-3.97934 2.93040 -0.08538
-3.98055 2.93189 -0.08393
-3.98153 2.93353 -0.08205
-3.98294 2.93485 -0.08105
-3.98455 2.93602 -0.08050
-3.98682 2.93673 -0.08127
-3.94878 2.90149 -0.11169
-3.95091 2.90237 -0.11206
-3.95305 2.90325 -0.11244
-3.95499 2.90433 -0.11232
-3.95713 2.90522 -0.11270
-3.95907 2.90630 -0.11258
-3.96102 2.90737 -0.11246
-3.96275 2.90864 -0.11184
-3.96344 2.91082 -0.10877
-3.96128 2.91547 -0.09904
-3.96256 2.91705 -0.09751
-3.96404 2.91844 -0.09646
-3.96511 2.92017 -0.09449
-3.96537 2.92255 -0.09070
-3.96703 2.92375 -0.09013
-3.96848 2.92511 -0.08910
-3.97013 2.92630 -0.08854
-3.97199 2.92733 -0.08842
-3.97384 2.92836 -0.08831
-3.97549 2.92955 -0.08774
-3.97734 2.93058 -0.08763
-3.97919 2.93161 -0.08752
-3.98213 2.93185 -0.08967
-3.98237 2.93637 -0.08227
-3.98421 2.93739 -0.08216
-3.94793 2.90322 -0.11253
-3.95006 2.90410 -0.11291
-3.95200 2.90518 -0.11279
-3.95394 2.90626 -0.11267
-3.95628 2.90696 -0.11355
-3.95864 2.90766 -0.11443
-3.96100 2.90837 -0.11531
-3.96274 2.90964 -0.11469
-3.96364 2.91164 -0.11208
-3.96433 2.91381 -0.10900
-3.96215 2.91841 -0.09927
-3.96384 2.91963 -0.09868
-3.96491 2.92136 -0.09669
-3.96598 2.92307 -0.09471
-3.96703 2.92477 -0.09275
-3.96808 2.92646 -0.09081
-3.96995 2.92750 -0.09069
-3.97181 2.92853 -0.09058
-3.97367 2.92957 -0.09046
-3.97575 2.93044 -0.09080
-3.97761 2.93148 -0.09069
-3.98099 2.93141 -0.09379
-3.94901 2.90603 -0.11326
-3.95095 2.90711 -0.11314
-3.95309 2.90800 -0.11352
-3.95543 2.90870 -0.11440
-3.95799 2.90922 -0.11578
-3.96035 2.90993 -0.11667
-3.96231 2.91102 -0.11655
-3.96343 2.91284 -0.11442
-3.96474 2.91447 -0.11281
-3.96669 2.91555 -0.11269
-3.96842 2.91680 -0.11207
-3.97079 2.91753 -0.11295
-3.97515 2.91663 -0.11836
-3.98029 2.92310 -0.11185
-3.98155 2.92469 -0.11025
-3.98326 2.92593 -0.10964
-3.98293 2.92867 -0.10464
-3.98644 2.92858 -0.10793
-3.99316 2.96549 -0.05062
-3.99320 2.96736 -0.04745
-3.99427 2.96865 -0.04621
-3.99431 2.97048 -0.04310
-3.94990 2.90904 -0.11350
-3.95184 2.91011 -0.11338
-3.95418 2.91082 -0.11425
-3.95653 2.91153 -0.11513
-3.95909 2.91206 -0.11652
-3.96105 2.91315 -0.11640
-3.96237 2.91478 -0.11478
-3.96370 2.91640 -0.11316
-3.96564 2.91748 -0.11304
-3.96737 2.91873 -0.11242
-3.96974 2.91946 -0.11330
-3.97409 2.91859 -0.11872
-3.97606 2.91968 -0.11860
-3.97802 2.92077 -0.11848
-3.97908 2.92256 -0.11633
-3.97968 2.92468 -0.11320
-3.98118 2.92610 -0.11209
-3.98267 2.92752 -0.11098
-3.98415 2.92893 -0.10987
-3.99057 2.96811 -0.04787
-3.99165 2.96939 -0.04662
-3.99129 2.97143 -0.04276
-3.99298 2.97237 -0.04266
-3.99363 2.97384 -0.04070
-3.95079 2.91204 -0.11373
-3.95274 2.91312 -0.11361
-3.95508 2.91383 -0.11449
-3.95743 2.91455 -0.11537
-3.95937 2.91563 -0.11525
-3.96070 2.91725 -0.11363
-3.96244 2.91851 -0.11301
-3.96438 2.91958 -0.11289
-3.96590 2.92101 -0.11178
-3.96826 2.92174 -0.11266
-3.97020 2.92281 -0.11254
-3.97411 2.92233 -0.11693
-3.97607 2.92342 -0.11681
-3.97646 2.92571 -0.11317
-3.97796 2.92712 -0.11206
-3.97946 2.92854 -0.11095
-3.98094 2.92994 -0.10985
-3.98243 2.93134 -0.10875
-3.98435 2.93241 -0.10863
-3.98959 2.96795 -0.05135
-3.98944 2.96991 -0.04779
-3.98971 2.97163 -0.04504
-3.99038 2.97311 -0.04307
-3.99125 2.97447 -0.04148
-3.99273 2.97551 -0.04101
-3.95244 2.91719 -0.11087
-3.95437 2.91827 -0.11075
-3.95630 2.91934 -0.11064
-3.95763 2.92093 -0.10905
-3.95794 2.92336 -0.10505
-3.95985 2.92442 -0.10493
-3.96156 2.92565 -0.10433
-3.96184 2.92803 -0.10041
-3.96313 2.92956 -0.09888
-3.96339 2.93189 -0.09503
-3.96386 2.93402 -0.09170
-3.96572 2.93505 -0.09159
-3.96860 2.93532 -0.09376
-3.97172 2.93543 -0.09643
-3.97381 2.93632 -0.09678
-3.97569 2.93736 -0.09666
-3.97693 2.93886 -0.09515
-3.97838 2.94021 -0.09411
-3.97663 2.94375 -0.08627
-3.97742 2.94548 -0.08393
-3.97883 2.94679 -0.08294
-3.98045 2.94794 -0.08238
-3.98249 2.94882 -0.08271
-3.98432 2.94984 -0.08260
-3.98594 2.95099 -0.08205
-3.98777 2.95201 -0.08193
-3.98657 2.96505 -0.05786
-3.98645 2.96706 -0.05421
-3.98694 2.96870 -0.05177
-3.98743 2.97033 -0.04935
-3.98832 2.97172 -0.04772
-3.98879 2.97331 -0.04535
-3.98947 2.97479 -0.04337
-3.99034 2.97614 -0.04178
-3.99161 2.97728 -0.04094
-3.95290 2.92331 -0.10515
-3.95481 2.92437 -0.10503
-3.95632 2.92576 -0.10396
-3.95782 2.92715 -0.10288
-3.95893 2.92886 -0.10087
-3.96022 2.93039 -0.09934
-3.96091 2.93239 -0.09641
-3.96159 2.93437 -0.09353
-3.96285 2.93587 -0.09204
-3.96471 2.93690 -0.09192
-3.96718 2.93748 -0.09318
-3.96987 2.93791 -0.09491
-3.97259 2.93834 -0.09665
-3.97404 2.93968 -0.09561
-3.97549 2.94103 -0.09457
-3.97525 2.94354 -0.08987
-3.97542 2.94572 -0.08616
-3.97601 2.94759 -0.08338
-3.97763 2.94874 -0.08283
-3.97946 2.94976 -0.08271
-3.98150 2.95064 -0.08304
-3.98312 2.95179 -0.08249
-3.98430 2.95321 -0.08106
-3.98548 2.95463 -0.07964
-3.98730 2.95564 -0.07953
-3.98378 2.96389 -0.06160
-3.98389 2.96581 -0.05828
-3.98379 2.96782 -0.05463
-3.98429 2.96946 -0.05218
-3.98560 2.97063 -0.05131
-3.98569 2.97246 -0.04814
-3.98679 2.97373 -0.04689
-3.98768 2.97510 -0.04528
-3.98836 2.97657 -0.04331
-3.98943 2.97781 -0.04209
-3.99071 2.97895 -0.04125
-3.95319 2.92676 -0.10394
-3.95490 2.92798 -0.10334
-3.95601 2.92969 -0.10133
-3.95751 2.93106 -0.10027
-3.95900 2.93243 -0.09921
-3.95989 2.93426 -0.09676
-3.96117 2.93576 -0.09525
-3.96244 2.93726 -0.09375
-3.96431 2.93830 -0.09364
-3.96699 2.93873 -0.09537
-3.96969 2.93916 -0.09711
-3.97157 2.94021 -0.09699
-3.97303 2.94155 -0.09595
-3.97448 2.94289 -0.09491
-3.97424 2.94538 -0.09021
-3.97443 2.94755 -0.08649
-3.97502 2.94941 -0.08371
-3.97685 2.95043 -0.08360
-3.97847 2.95158 -0.08305
-3.98051 2.95246 -0.08338
-3.98213 2.95361 -0.08282
-3.98274 2.96766 -0.05820
-3.98245 2.96976 -0.05416
-3.98316 2.97127 -0.05211
-3.98307 2.97321 -0.04855
-3.98417 2.97448 -0.04731
-3.98547 2.97563 -0.04645
-3.98656 2.97689 -0.04521
-3.98704 2.97845 -0.04287
-3.98812 2.97969 -0.04165
-3.98960 2.98072 -0.04118
-3.95668 2.93278 -0.10108
-3.95818 2.93414 -0.10002
-3.95888 2.93612 -0.09710
-3.96016 2.93762 -0.09559
-3.96144 2.93912 -0.09409
-3.96390 2.93970 -0.09536
-3.96638 2.94029 -0.09663
-3.96867 2.94103 -0.09745
-3.97055 2.94207 -0.09734
-3.97201 2.94341 -0.09629
-3.97347 2.94475 -0.09525
-3.97324 2.94723 -0.09055
-3.98455 2.97732 -0.04675
-3.98565 2.97857 -0.04552
-3.98594 2.98022 -0.04280
-3.98702 2.98145 -0.04159
-3.98829 2.98258 -0.04075
